; generated by PrusaSlicer 2.7.2 on 2025-11-13 at 16:24:35 UTC

; 

; external perimeters extrusion width = 0.45mm
; perimeters extrusion width = 0.45mm
; infill extrusion width = 0.45mm
; solid infill extrusion width = 0.45mm
; top infill extrusion width = 0.40mm
; first layer extrusion width = 0.70mm

;TYPE:Custom
G28 ; home all axes
 M117 Purge extruder
 G92 E0 ; reset extruder
 M109 S210 ; wait for the nozzle to heat up
 M190 S60 ; wait for the bed to heat up
 G1 Z1.0 F3000 ; move z up little to prevent scratching of surface
 G1 X2 Y20 Z0.3 F5000.0 ; move to start-line position
 G1 X2 Y200.0 Z0.3 F1500.0 E15 ; draw 1st line
 G1 X2 Y200.0 Z0.4 F5000.0 ; move to side a little
 G1 X2 Y20 Z0.4 F1500.0 E30 ; draw 2nd line
 G92 E0 ; reset extruder
 G1 Z1.0 F3000 ; move z up little to prevent scratching of surface
G21 ; set units to millimeters
G90 ; use absolute coordinates
M82 ; use absolute distances for extrusion
G92 E0
; Filament gcode
M107
;LAYER_CHANGE
;Z:0.35
;HEIGHT:0.35
G1 E-2 F2400
G1 Z.35 F7800
G1 X44.168 Y68.274
G1 E0 F2400
;TYPE:Skirt/Brim
;WIDTH:0.7
G1 F1800
G1 X46.32 Y67.481 E.20854
G1 X47.5 Y67.375 E.31627
G1 X172.5 Y67.375 E11.68247
G1 X174.759 Y67.772 E11.89103
G1 X176.747 Y68.915 E12.09955
G1 X178.226 Y70.668 E12.3081
G1 X179.019 Y72.82 E12.51664
G1 X179.125 Y74 E12.62437
G1 X179.125 Y146 E19.1713
G1 X178.728 Y148.259 E19.37986
G1 X177.585 Y150.247 E19.58838
G1 X175.832 Y151.726 E19.79693
G1 X173.68 Y152.519 E20.00547
G1 X172.5 Y152.625 E20.1132
G1 X47.5 Y152.625 E31.4794
G1 X45.241 Y152.228 E31.68796
G1 X43.253 Y151.085 E31.89648
G1 X41.774 Y149.332 E32.10503
G1 X40.981 Y147.18 E32.31357
G1 X40.875 Y146 E32.4213
G1 X40.875 Y74 E38.96823
G1 X41.272 Y71.741 E39.17679
G1 X42.415 Y69.753 E39.38531
G1 X44.122 Y68.313 E39.58838
G1 E37.58838 F2400
G92 E0
G1 X44.122 Y68.313 F7800
G1 X141.232 Y80.021
G1 E2 F2400
;TYPE:Perimeter
;WIDTH:0.7
G1 F1800
G1 X141.364 Y79.863 E2.01872
G1 X141.541 Y79.461 E2.05866
G1 X141.6 Y79.038 E2.0975
G1 X141.6 Y75.6 E2.41012
G1 X170.9 Y75.6 E5.07436
G1 X170.9 Y93.456 E6.698
G1 X170.9 Y144.4 E11.33031
G1 X49.1 Y144.4 E22.40553
G1 X49.1 Y75.6 E28.66148
G1 X78.4 Y75.6 E31.32572
G1 X78.4 Y79.038 E31.63834
G1 X78.417 Y79.268 E31.65931
G1 X78.513 Y79.621 E31.69257
G1 X78.757 Y80.032 E31.73603
G1 X79.108 Y80.345 E31.77879
G1 X79.495 Y80.528 E31.81772
G1 X79.962 Y80.6 E31.86069
G1 X140.038 Y80.6 E37.32337
G1 X140.237 Y80.587 E37.3415
G1 X140.696 Y80.454 E37.38495
G1 X141.084 Y80.198 E37.42722
G1 X141.193 Y80.067 E37.44272
G1 X141.193 Y80.067 F7800
G1 X140.77 Y79.604
G1 F1800
G1 X140.907 Y79.388 E37.46598
G1 X140.975 Y79.038 E37.4984
G1 X140.975 Y74.975 E37.86785
G1 X171.525 Y74.975 E40.64575
G1 X171.525 Y93.456 E42.32622
G1 X171.525 Y145.025 E47.01536
G1 X48.475 Y145.025 E58.20424
G1 X48.475 Y74.975 E64.57385
G1 X79.025 Y74.975 E67.35175
G1 X79.035 Y79.176 E67.73375
G1 X79.129 Y79.467 E67.76156
G1 X79.305 Y79.706 E67.78855
G1 X79.596 Y79.9 E67.82035
G1 X79.962 Y79.975 E67.85432
G1 X140.084 Y79.974 E73.32118
G1 X140.433 Y79.887 E73.35389
G1 X140.727 Y79.673 E73.38696
G1 X140.738 Y79.655 E73.38888
G1 X140.738 Y79.655 F7800
G1 X140.279 Y79.236
;TYPE:External perimeter
G1 F1800
G1 X140.35 Y79.038 E73.40801
G1 X140.35 Y74.35 E73.83429
G1 X172.15 Y74.35 E76.72585
G1 X172.15 Y93.456 E78.46315
G1 X172.15 Y145.65 E83.20913
G1 X47.85 Y145.65 E94.51167
G1 X47.85 Y74.35 E100.99495
G1 X79.65 Y74.35 E103.88651
G1 X79.65 Y79.038 E104.31279
G1 X79.662 Y79.122 E104.32051
G1 X79.763 Y79.278 E104.33741
G1 X79.962 Y79.35 E104.35665
G1 X140.038 Y79.35 E109.81933
G1 X140.104 Y79.343 E109.82537
G1 X140.227 Y79.268 E109.83847
G1 X140.34 Y78.884 F7800
G1 E107.83847 F2400
G92 E0
G1 X170.713 Y77.056 F7800
G1 E2 F2400
;TYPE:Solid infill
;WIDTH:0.702836
G1 F1800
G1 X169.725 Y76.068 E2.12763
G1 X168.837 Y76.068 E2.20874
G1 X170.432 Y77.663 E2.41478
G1 X170.432 Y78.551 E2.49589
G1 X167.949 Y76.068 E2.81664
G1 X167.062 Y76.068 E2.89766
G1 X170.432 Y79.438 E3.33299
G1 X170.432 Y80.326 E3.4141
G1 X166.174 Y76.068 E3.96414
G1 X165.286 Y76.068 E4.04525
G1 X170.432 Y81.214 E4.71
G1 X170.432 Y82.102 E4.79111
G1 X164.398 Y76.068 E5.57057
G1 X163.511 Y76.068 E5.65159
G1 X170.432 Y82.989 E6.54563
G1 X170.432 Y83.877 E6.62674
G1 X162.623 Y76.068 E7.63549
G1 X161.735 Y76.068 E7.7166
G1 X170.432 Y84.765 E8.84006
G1 X170.432 Y85.653 E8.92117
G1 X160.847 Y76.068 E10.15934
G1 X159.96 Y76.068 E10.24036
G1 X170.432 Y86.54 E11.59311
G1 X170.432 Y87.428 E11.67422
G1 X159.072 Y76.068 E13.14167
G1 X158.184 Y76.068 E13.22278
G1 X170.432 Y88.316 E14.80494
G1 X170.432 Y89.204 E14.88605
G1 X157.296 Y76.068 E16.58292
G1 X156.409 Y76.068 E16.66394
G1 X170.432 Y90.091 E18.47539
G1 X170.432 Y90.979 E18.5565
G1 X155.521 Y76.068 E20.48266
G1 X154.633 Y76.068 E20.56377
G1 X170.432 Y91.867 E22.60464
G1 X170.432 Y92.755 E22.68575
G1 X153.746 Y76.068 E24.84127
G1 X152.858 Y76.068 E24.92238
G1 X170.432 Y93.642 E27.19254
G1 X170.432 Y94.53 E27.27365
G1 X151.97 Y76.068 E29.65852
G1 X151.082 Y76.068 E29.73963
G1 X170.432 Y95.418 E32.23921
G1 X170.432 Y96.305 E32.32023
G1 X150.195 Y76.068 E34.93439
G1 X149.307 Y76.068 E35.0155
G1 X170.432 Y97.193 E37.74437
G1 X170.432 Y98.081 E37.82548
G1 X148.419 Y76.068 E40.66906
G1 X147.531 Y76.068 E40.75017
G1 X170.432 Y98.969 E43.70846
G1 X170.432 Y99.856 E43.78948
G1 X146.644 Y76.068 E46.86235
G1 X145.756 Y76.068 E46.94346
G1 X170.432 Y100.744 E50.13104
G1 X170.432 Y101.632 E50.21215
G1 X144.868 Y76.068 E53.51444
G1 X143.98 Y76.068 E53.59555
G1 X170.432 Y102.52 E57.01255
G1 X170.432 Y103.407 E57.09357
G1 X143.093 Y76.068 E60.62515
G1 X142.205 Y76.068 E60.70626
G1 X170.432 Y104.295 E64.35255
G1 X170.432 Y105.183 E64.43366
G1 X142.068 Y76.82 E68.09758
G1 X142.068 Y77.707 E68.1786
G1 X170.432 Y106.071 E71.84259
G1 X170.432 Y106.958 E71.92361
G1 X142.068 Y78.595 E75.58753
G1 X142.068 Y79.043 E75.62845
G1 X142.025 Y79.439 E75.66483
G1 X170.432 Y107.846 E79.33437
G1 X170.432 Y108.734 E79.41548
G1 X141.778 Y80.08 E83.11693
G1 X141.604 Y80.33 E83.14475
G1 X141.375 Y80.565 E83.17472
G1 X170.432 Y109.622 E86.92823
G1 X170.432 Y110.509 E87.00925
G1 X140.827 Y80.904 E90.83355
G1 X140.706 Y80.956 E90.84558
G1 X140.409 Y81.035 E90.87365
G1 X140.101 Y81.067 E90.90193
G1 X170.432 Y111.397 E94.81994
G1 X170.432 Y112.285 E94.90105
G1 X139.215 Y81.068 E98.93358
G1 X138.327 Y81.068 E99.01469
G1 X170.432 Y113.172 E103.16187
G1 X170.432 Y114.06 E103.24298
G1 X137.439 Y81.068 E107.50486
G1 X136.552 Y81.068 E107.58588
G1 X170.432 Y114.948 E111.96241
G1 X170.432 Y115.836 E112.04352
G1 X135.664 Y81.068 E116.53476
G1 X134.776 Y81.068 E116.61587
G1 X170.432 Y116.723 E121.22175
G1 X170.432 Y117.611 E121.30286
G1 X133.888 Y81.068 E126.02345
G1 X133.001 Y81.068 E126.10447
G1 X170.432 Y118.499 E130.93971
G1 X170.432 Y119.387 E131.02082
G1 X132.113 Y81.068 E135.97077
G1 X131.225 Y81.068 E136.05188
G1 X170.432 Y120.274 E141.11647
G1 X170.432 Y121.162 E141.19758
G1 X130.337 Y81.068 E146.37688
G1 X129.45 Y81.068 E146.4579
G1 X170.432 Y122.05 E151.75185
G1 X170.432 Y122.938 E151.83296
G1 X128.562 Y81.068 E157.24162
G1 X127.674 Y81.068 E157.32273
G1 X170.432 Y123.825 E162.84603
G1 X170.432 Y124.713 E162.92714
G1 X126.786 Y81.068 E168.56515
G1 X125.899 Y81.068 E168.64617
G1 X170.432 Y125.601 E174.39883
G1 X170.432 Y126.489 E174.47994
G1 X125.011 Y81.068 E180.34731
G1 X124.123 Y81.068 E180.42842
G1 X170.432 Y127.376 E186.41043
G1 X170.432 Y128.264 E186.49154
G1 X123.235 Y81.068 E192.58826
G1 X122.348 Y81.068 E192.66928
G1 X170.432 Y129.152 E198.88064
G1 X170.432 Y130.039 E198.96166
G1 X121.46 Y81.068 E205.28767
G1 X120.572 Y81.068 E205.36878
G1 X170.432 Y130.927 E211.8095
G1 X170.432 Y131.815 E211.89061
G1 X119.685 Y81.068 E218.44597
G1 X118.797 Y81.068 E218.52708
G1 X170.432 Y132.703 E225.19715
G1 X170.432 Y133.59 E225.27817
G1 X117.909 Y81.068 E232.06289
G1 X117.021 Y81.068 E232.144
G1 X170.432 Y134.478 E239.04343
G1 X170.432 Y135.366 E239.12454
G1 X116.134 Y81.068 E246.13861
G1 X115.246 Y81.068 E246.21972
G1 X170.432 Y136.254 E253.3485
G1 X170.432 Y137.141 E253.42952
G1 X114.358 Y81.068 E260.67295
G1 X113.47 Y81.068 E260.75406
G1 X170.432 Y138.029 E268.1122
G1 X170.432 Y138.917 E268.19331
G1 X112.583 Y81.068 E275.66609
G1 X111.695 Y81.068 E275.7472
G1 X170.432 Y139.805 E283.33469
G1 X170.432 Y140.692 E283.41571
G1 X110.807 Y81.068 E291.11785
G1 X109.919 Y81.068 E291.19896
G1 X170.432 Y141.58 E299.01581
G1 X170.432 Y142.468 E299.09692
G1 X109.032 Y81.068 E307.02841
G1 X108.144 Y81.068 E307.10952
G1 X170.432 Y143.356 E315.15572
G1 X170.432 Y143.932 E315.20833
G1 X170.12 Y143.932 E315.23683
G1 X107.256 Y81.068 E323.35744
G1 X106.368 Y81.068 E323.43855
G1 X169.232 Y143.932 E331.55916
G1 X168.344 Y143.932 E331.64027
G1 X105.481 Y81.068 E339.76081
G1 X104.593 Y81.068 E339.84192
G1 X167.457 Y143.932 E347.96253
G1 X166.569 Y143.932 E348.04364
G1 X103.705 Y81.068 E356.16425
G1 X102.817 Y81.068 E356.24536
G1 X165.681 Y143.932 E364.36597
G1 X164.793 Y143.932 E364.44708
G1 X101.93 Y81.068 E372.56762
G1 X101.042 Y81.068 E372.64873
G1 X163.906 Y143.932 E380.76934
G1 X163.018 Y143.932 E380.85045
G1 X100.154 Y81.068 E388.97106
G1 X99.267 Y81.068 E389.05208
G1 X162.13 Y143.932 E397.17262
G1 X161.242 Y143.932 E397.25373
G1 X98.379 Y81.068 E405.37427
G1 X97.491 Y81.068 E405.45538
G1 X160.355 Y143.932 E413.57599
G1 X159.467 Y143.932 E413.6571
G1 X96.603 Y81.068 E421.77771
G1 X95.716 Y81.068 E421.85873
G1 X158.579 Y143.932 E429.97927
G1 X157.692 Y143.932 E430.06029
G1 X94.828 Y81.068 E438.1809
G1 X93.94 Y81.068 E438.26201
G1 X156.804 Y143.932 E446.38262
G1 X155.916 Y143.932 E446.46373
G1 X93.052 Y81.068 E454.58434
G1 X92.165 Y81.068 E454.66536
G1 X155.028 Y143.932 E462.7859
G1 X154.141 Y143.932 E462.86692
G1 X91.277 Y81.068 E470.98753
G1 X90.389 Y81.068 E471.06864
G1 X153.253 Y143.932 E479.18925
G1 X152.365 Y143.932 E479.27036
G1 X89.501 Y81.068 E487.39097
G1 X88.614 Y81.068 E487.47199
G1 X151.477 Y143.932 E495.59253
G1 X150.59 Y143.932 E495.67355
G1 X87.726 Y81.068 E503.79416
G1 X86.838 Y81.068 E503.87527
G1 X149.702 Y143.932 E511.99588
G1 X148.814 Y143.932 E512.07699
G1 X85.95 Y81.068 E520.1976
G1 X85.063 Y81.068 E520.27862
G1 X147.926 Y143.932 E528.39916
G1 X147.039 Y143.932 E528.48018
G1 X84.175 Y81.068 E536.60079
G1 X83.287 Y81.068 E536.6819
G1 X146.151 Y143.932 E544.80251
G1 X145.263 Y143.932 E544.88362
G1 X82.4 Y81.068 E553.00416
G1 X81.512 Y81.068 E553.08527
G1 X144.375 Y143.932 E561.20581
G1 X143.488 Y143.932 E561.28683
G1 X80.343 Y80.787 E569.44374
G1 E567.44374 F2400
G92 E0
G1 X80.343 Y80.787 F7800
G1 X78.213 Y76.881
G1 E2 F2400
G1 F1800
G1 X77.4 Y76.068 E2.10502
G1 X76.512 Y76.068 E2.18613
G1 X77.932 Y77.488 E2.36956
G1 X77.932 Y78.375 E2.45058
G1 X75.625 Y76.068 E2.74859
G1 X74.737 Y76.068 E2.8297
G1 X77.949 Y79.281 E3.24468
G1 X78.007 Y79.587 E3.27313
G1 X78.079 Y79.798 E3.29349
G1 X78.237 Y80.11 E3.32543
G1 X78.395 Y80.329 E3.3501
G1 X78.54 Y80.488 E3.36976
G1 X78.851 Y80.738 E3.40621
G1 X79.169 Y80.908 E3.43915
G1 X79.533 Y81.023 E3.47402
G1 X79.713 Y81.045 E3.49058
G1 X142.6 Y143.932 E11.61416
G1 X141.712 Y143.932 E11.69527
G1 X73.849 Y76.068 E20.4617
G1 X72.961 Y76.068 E20.54281
G1 X140.825 Y143.932 E29.3093
G1 X139.937 Y143.932 E29.39041
G1 X72.074 Y76.068 E38.15684
G1 X71.186 Y76.068 E38.23795
G1 X139.049 Y143.932 E47.00438
G1 X138.161 Y143.932 E47.08549
G1 X70.298 Y76.068 E55.85192
G1 X69.41 Y76.068 E55.93303
G1 X137.274 Y143.932 E64.69952
G1 X136.386 Y143.932 E64.78063
G1 X68.523 Y76.068 E73.54706
G1 X67.635 Y76.068 E73.62817
G1 X135.498 Y143.932 E82.3946
G1 X134.61 Y143.932 E82.47571
G1 X66.747 Y76.068 E91.24214
G1 X65.86 Y76.068 E91.32316
G1 X133.723 Y143.932 E100.08959
G1 X132.835 Y143.932 E100.1707
G1 X64.972 Y76.068 E108.93713
G1 X64.084 Y76.068 E109.01824
G1 X131.947 Y143.932 E117.78467
G1 X131.059 Y143.932 E117.86578
G1 X63.196 Y76.068 E126.63221
G1 X62.309 Y76.068 E126.71323
G1 X130.172 Y143.932 E135.47966
G1 X129.284 Y143.932 E135.56077
G1 X61.421 Y76.068 E144.3272
G1 X60.533 Y76.068 E144.40831
G1 X128.396 Y143.932 E153.17474
G1 X127.508 Y143.932 E153.25585
G1 X59.645 Y76.068 E162.02228
G1 X58.758 Y76.068 E162.1033
G1 X126.621 Y143.932 E170.86973
G1 X125.733 Y143.932 E170.95084
G1 X57.87 Y76.068 E179.71727
G1 X56.982 Y76.068 E179.79838
G1 X124.845 Y143.932 E188.56481
G1 X123.958 Y143.932 E188.64583
G1 X56.094 Y76.068 E197.41232
G1 X55.207 Y76.068 E197.49334
G1 X123.07 Y143.932 E206.25977
G1 X122.182 Y143.932 E206.34088
G1 X54.319 Y76.068 E215.10731
G1 X53.431 Y76.068 E215.18842
G1 X121.294 Y143.932 E223.95485
G1 X120.407 Y143.932 E224.03587
G1 X52.543 Y76.068 E232.80236
G1 X51.656 Y76.068 E232.88338
G1 X119.519 Y143.932 E241.64981
G1 X118.631 Y143.932 E241.73092
G1 X50.768 Y76.068 E250.49735
G1 X49.88 Y76.068 E250.57846
G1 X117.743 Y143.932 E259.34489
G1 X116.856 Y143.932 E259.42591
G1 X49.568 Y76.644 E268.118
G1 X49.568 Y77.532 E268.19911
G1 X115.968 Y143.932 E276.77649
G1 X115.08 Y143.932 E276.8576
G1 X49.568 Y78.42 E285.32027
G1 X49.568 Y79.308 E285.40138
G1 X114.192 Y143.932 E293.74934
G1 X113.305 Y143.932 E293.83036
G1 X49.568 Y80.195 E302.06374
G1 X49.568 Y81.083 E302.14485
G1 X112.417 Y143.932 E310.26352
G1 X111.529 Y143.932 E310.34463
G1 X49.568 Y81.971 E318.34859
G1 X49.568 Y82.859 E318.4297
G1 X110.641 Y143.932 E326.31895
G1 X109.754 Y143.932 E326.39997
G1 X49.568 Y83.746 E334.17464
G1 X49.568 Y84.634 E334.25575
G1 X108.866 Y143.932 E341.91571
G1 X107.978 Y143.932 E341.99682
G1 X49.568 Y85.522 E349.54207
G1 X49.568 Y86.409 E349.62309
G1 X107.091 Y143.932 E357.05376
G1 X106.203 Y143.932 E357.13487
G1 X49.568 Y87.297 E364.45083
G1 X49.568 Y88.185 E364.53194
G1 X105.315 Y143.932 E371.73319
G1 X104.427 Y143.932 E371.8143
G1 X49.568 Y89.073 E378.90084
G1 X49.568 Y89.96 E378.98186
G1 X103.54 Y143.932 E385.95382
G1 X102.652 Y143.932 E386.03493
G1 X49.568 Y90.848 E392.89218
G1 X49.568 Y91.736 E392.97329
G1 X101.764 Y143.932 E399.71583
G1 X100.876 Y143.932 E399.79694
G1 X49.568 Y92.624 E406.42477
G1 X49.568 Y93.511 E406.50579
G1 X99.989 Y143.932 E413.01904
G1 X99.101 Y143.932 E413.10015
G1 X49.568 Y94.399 E419.49869
G1 X49.568 Y95.287 E419.5798
G1 X98.213 Y143.932 E425.86363
G1 X97.325 Y143.932 E425.94474
G1 X49.568 Y96.175 E432.11386
G1 X49.568 Y97.062 E432.19488
G1 X96.438 Y143.932 E438.24942
G1 X95.55 Y143.932 E438.33053
G1 X49.568 Y97.95 E444.27036
G1 X49.568 Y98.838 E444.35147
G1 X94.662 Y143.932 E450.17659
G1 X93.774 Y143.932 E450.2577
G1 X49.568 Y99.726 E455.96812
G1 X49.568 Y100.613 E456.04914
G1 X92.887 Y143.932 E461.64497
G1 X91.999 Y143.932 E461.72608
G1 X49.568 Y101.501 E467.20721
G1 X49.568 Y102.389 E467.28832
G1 X91.111 Y143.932 E472.65474
G1 X90.224 Y143.932 E472.73576
G1 X49.568 Y103.276 E477.9876
G1 X49.568 Y104.164 E478.06871
G1 X89.336 Y143.932 E483.20584
G1 X88.448 Y143.932 E483.28695
G1 X49.568 Y105.052 E488.30937
G1 X49.568 Y105.94 E488.39048
G1 X87.56 Y143.932 E493.29819
G1 X86.673 Y143.932 E493.37921
G1 X49.568 Y106.827 E498.17234
G1 X49.568 Y107.715 E498.25345
G1 X85.785 Y143.932 E502.93187
G1 X84.897 Y143.932 E503.01298
G1 X49.568 Y108.603 E507.57669
G1 X49.568 Y109.491 E507.6578
G1 X84.009 Y143.932 E512.1068
G1 X83.122 Y143.932 E512.18782
G1 X49.568 Y110.378 E516.52224
G1 X49.568 Y111.266 E516.60335
G1 X82.234 Y143.932 E520.82306
G1 X81.346 Y143.932 E520.90417
G1 X49.568 Y112.154 E525.00917
G1 X49.568 Y113.042 E525.09028
G1 X80.458 Y143.932 E529.08057
G1 X79.571 Y143.932 E529.16159
G1 X49.568 Y113.929 E533.0373
G1 X49.568 Y114.817 E533.11841
G1 X78.683 Y143.932 E536.87941
G1 X77.795 Y143.932 E536.96052
G1 X49.568 Y115.705 E540.60681
G1 X49.568 Y116.593 E540.68792
G1 X76.907 Y143.932 E544.2195
G1 X76.02 Y143.932 E544.30052
G1 X49.568 Y117.48 E547.71752
G1 X49.568 Y118.368 E547.79863
G1 X75.132 Y143.932 E551.10092
G1 X74.244 Y143.932 E551.18203
G1 X49.568 Y119.256 E554.36961
G1 X49.568 Y120.144 E554.45072
G1 X73.357 Y143.932 E557.52366
G1 X72.469 Y143.932 E557.60477
G1 X49.568 Y121.031 E560.56306
G1 X49.568 Y121.919 E560.64417
G1 X71.581 Y143.932 E563.48775
G1 X70.693 Y143.932 E563.56886
G1 X49.568 Y122.807 E566.29773
G1 X49.568 Y123.694 E566.37875
G1 X69.806 Y143.932 E568.99304
G1 X68.918 Y143.932 E569.07415
G1 X49.568 Y124.582 E571.57373
G1 X49.568 Y125.47 E571.65484
G1 X68.03 Y143.932 E574.03971
G1 X67.142 Y143.932 E574.12082
G1 X49.568 Y126.358 E576.39098
G1 X49.568 Y127.245 E576.472
G1 X66.255 Y143.932 E578.62758
G1 X65.367 Y143.932 E578.70869
G1 X49.568 Y128.133 E580.74956
G1 X49.568 Y129.021 E580.83067
G1 X64.479 Y143.932 E582.75683
G1 X63.591 Y143.932 E582.83794
G1 X49.568 Y129.909 E584.64939
G1 X49.568 Y130.796 E584.73041
G1 X62.704 Y143.932 E586.42728
G1 X61.816 Y143.932 E586.50839
G1 X49.568 Y131.684 E588.09055
G1 X49.568 Y132.572 E588.17166
G1 X60.928 Y143.932 E589.63911
G1 X60.04 Y143.932 E589.72022
G1 X49.568 Y133.46 E591.07297
G1 X49.568 Y134.347 E591.15399
G1 X59.153 Y143.932 E592.39216
G1 X58.265 Y143.932 E592.47327
G1 X49.568 Y135.235 E593.59673
G1 X49.568 Y136.123 E593.67784
G1 X57.377 Y143.932 E594.68659
G1 X56.489 Y143.932 E594.7677
G1 X49.568 Y137.011 E595.66174
G1 X49.568 Y137.898 E595.74276
G1 X55.602 Y143.932 E596.52222
G1 X54.714 Y143.932 E596.60333
G1 X49.568 Y138.786 E597.26808
G1 X49.568 Y139.674 E597.34919
G1 X53.826 Y143.932 E597.89923
G1 X52.939 Y143.932 E597.98025
G1 X49.568 Y140.561 E598.41571
G1 X49.568 Y141.449 E598.49682
G1 X52.051 Y143.932 E598.81757
G1 X51.163 Y143.932 E598.89868
G1 X49.568 Y142.337 E599.10472
G1 X49.568 Y143.225 E599.18583
G1 X50.557 Y144.213 E599.31352
M106 S127.5
;LAYER_CHANGE
;Z:0.65
;HEIGHT:0.3
 ; After First Layer

G1 Z.65 F7800
G1 E597.31352 F2400
G1 Z.65 F7800
G1 X140.65 Y79.752
G1 E599.31352 F2400
;TYPE:Perimeter
;WIDTH:0.45
G1 F3600
G1 X140.741 Y79.686 E599.31893
G1 X140.926 Y79.392 E599.33564
G1 X140.996 Y79.032 E599.35328
G1 X140.996 Y74.996 E599.5474
G1 X171.504 Y74.996 E601.01473
G1 X171.504 Y93.458 E601.90269
G1 X171.504 Y145.004 E604.38187
G1 X48.496 Y145.004 E610.29813
G1 X48.496 Y74.996 E613.66527
G1 X79.004 Y74.996 E615.1326
G1 X79.014 Y79.174 E615.33355
G1 X79.111 Y79.474 E615.34871
G1 X79.322 Y79.748 E615.36534
G1 X79.621 Y79.932 E615.38223
G1 X79.968 Y79.996 E615.3992
G1 X140.08 Y79.995 E618.29038
G1 X140.439 Y79.906 E618.30817
G1 X140.602 Y79.787 E618.31788
G1 X140.602 Y79.787 F7800
G1 X140.415 Y79.449
G1 F3600
G1 X140.546 Y79.297 E618.32753
G1 X140.611 Y79.032 E618.34065
G1 X140.611 Y74.611 E618.55328
G1 X171.889 Y74.611 E620.05764
G1 X171.889 Y93.458 E620.96412
G1 X171.889 Y145.389 E623.46182
G1 X48.111 Y145.389 E629.41511
G1 X48.111 Y74.611 E632.81929
G1 X79.389 Y74.611 E634.32365
G1 X79.396 Y79.118 E634.54042
G1 X79.477 Y79.338 E634.5517
G1 X79.688 Y79.538 E634.56568
G1 X79.968 Y79.611 E634.5796
G1 X140.032 Y79.611 E637.46847
G1 X140.106 Y79.606 E637.47204
G1 X140.366 Y79.504 E637.48547
G1 X140.375 Y79.494 E637.48612
G1 X140.375 Y79.494 F7800
G1 X140.156 Y79.18
;TYPE:External perimeter
G1 F1800
G1 X140.225 Y79.032 E637.49397
G1 X140.225 Y74.225 E637.72517
G1 X172.275 Y74.225 E639.26666
G1 X172.275 Y93.458 E640.1917
G1 X172.275 Y145.775 E642.70797
G1 X47.725 Y145.775 E648.69839
G1 X47.725 Y74.225 E652.1397
G1 X79.775 Y74.225 E653.68119
G1 X79.775 Y79.032 E653.91239
G1 X79.819 Y79.155 E653.91867
G1 X79.968 Y79.225 E653.92659
G1 X140.032 Y79.225 E656.81546
G1 X140.099 Y79.201 E656.81888
G1 X140.218 Y78.819 F7800
G1 E654.81888 F2400
G92 E0
G1 X141.654 Y75.285 F7800
G1 E2 F2400
;TYPE:Solid infill
G1 F1200
G1 X141.285 Y75.654 E2.0251
G1 X141.285 Y76.2 E2.05136
G1 X142.2 Y75.285 E2.1136
G1 X142.745 Y75.285 E2.13981
G1 X141.285 Y76.745 E2.23912
G1 X141.285 Y77.29 E2.26533
G1 X143.29 Y75.285 E2.40171
G1 X143.836 Y75.285 E2.42797
G1 X141.285 Y77.836 E2.60149
G1 X141.285 Y78.381 E2.6277
G1 X144.381 Y75.285 E2.83829
G1 X144.926 Y75.285 E2.8645
G1 X141.285 Y78.926 E3.11216
G1 X141.14 Y79.618 E3.14617
G1 X145.472 Y75.285 E3.44086
G1 X145.774 Y75.203 E3.45591
;WIDTH:0.404381
G1 X145.733 Y75.214 E3.45771
G1 X145.714 Y75.142 E3.46087
G1 X145.785 Y75.162 E3.464
G1 E1.464 F2400
G92 E0
G1 X145.785 Y75.162 F7800
G1 X48.89 Y75.317
G1 E2 F2400
;WIDTH:0.543559
G1 F1200
G1 X48.848 Y75.274 E2.00359
G1 X48.79 Y75.29 E2.00719
G1 X48.774 Y75.348 E2.01079
G1 X48.817 Y75.39 E2.01438
G1 X48.875 Y75.375 E2.01796
;WIDTH:0.45
G1 X48.785 Y75.991 E2.0479
G1 X49.491 Y75.285 E2.09592
G1 X50.036 Y75.285 E2.12213
G1 X48.785 Y76.536 E2.20722
G1 X48.785 Y77.081 E2.23343
G1 X50.581 Y75.285 E2.35559
G1 X51.127 Y75.285 E2.38185
G1 X48.785 Y77.627 E2.54115
G1 X48.785 Y78.172 E2.56736
G1 X51.672 Y75.285 E2.76373
G1 X52.217 Y75.285 E2.78994
G1 X48.785 Y78.717 E3.02338
G1 X48.785 Y79.263 E3.04964
G1 X52.763 Y75.285 E3.32022
G1 X53.308 Y75.285 E3.34643
G1 X48.785 Y79.808 E3.65408
G1 X48.785 Y80.353 E3.68029
G1 X53.853 Y75.285 E4.02501
G1 X54.399 Y75.285 E4.05127
G1 X48.785 Y80.899 E4.43313
G1 X48.785 Y81.444 E4.45934
G1 X54.944 Y75.285 E4.87827
G1 X55.489 Y75.285 E4.90448
G1 X48.785 Y81.989 E5.36048
G1 X48.785 Y82.535 E5.38674
G1 X56.035 Y75.285 E5.87988
G1 X56.58 Y75.285 E5.90609
G1 X48.785 Y83.08 E6.4363
G1 X48.785 Y83.625 E6.46251
G1 X57.125 Y75.285 E7.02979
G1 X57.671 Y75.285 E7.05605
G1 X48.785 Y84.171 E7.66046
G1 X48.785 Y84.716 E7.68667
G1 X58.216 Y75.285 E8.32815
G1 X58.761 Y75.285 E8.35436
G1 X48.785 Y85.261 E9.03292
G1 X48.785 Y85.807 E9.05918
G1 X59.307 Y75.285 E9.77487
G1 X59.852 Y75.285 E9.80108
G1 X48.785 Y86.352 E10.55384
G1 X48.785 Y86.897 E10.58005
G1 X60.397 Y75.285 E11.36988
G1 X60.943 Y75.285 E11.39614
G1 X48.785 Y87.443 E12.22311
G1 X48.785 Y87.988 E12.24932
G1 X61.488 Y75.285 E13.11336
G1 X62.034 Y75.285 E13.13962
G1 X48.785 Y88.534 E14.0408
G1 X48.785 Y89.079 E14.06701
G1 X62.579 Y75.285 E15.00526
G1 X63.124 Y75.285 E15.03147
G1 X48.785 Y89.624 E16.00679
G1 X48.785 Y90.17 E16.03305
G1 X63.67 Y75.285 E17.04551
G1 X64.215 Y75.285 E17.07172
G1 X48.785 Y90.715 E18.12125
G1 X48.785 Y91.26 E18.14746
G1 X64.76 Y75.285 E19.23406
G1 X65.306 Y75.285 E19.26032
G1 X48.785 Y91.806 E20.38406
G1 X48.785 Y92.351 E20.41027
G1 X65.851 Y75.285 E21.57108
G1 X66.396 Y75.285 E21.59729
G1 X48.785 Y92.896 E22.79517
G1 X48.785 Y93.442 E22.82143
G1 X66.942 Y75.285 E24.05645
G1 X67.487 Y75.285 E24.08266
G1 X48.785 Y93.987 E25.35475
G1 X48.785 Y94.532 E25.38096
G1 X68.032 Y75.285 E26.69012
G1 X68.578 Y75.285 E26.71638
G1 X48.785 Y95.078 E28.06268
G1 X48.785 Y95.623 E28.08889
G1 X69.123 Y75.285 E29.47226
G1 X69.668 Y75.285 E29.49847
G1 X48.785 Y96.168 E30.91891
G1 X48.785 Y96.714 E30.94517
G1 X70.214 Y75.285 E32.40274
G1 X70.759 Y75.285 E32.42895
G1 X48.785 Y97.259 E33.92359
G1 X48.785 Y97.804 E33.9498
G1 X71.304 Y75.285 E35.48151
G1 X71.85 Y75.285 E35.50777
G1 X48.785 Y98.35 E37.07662
G1 X48.785 Y98.895 E37.10283
G1 X72.395 Y75.285 E38.70875
G1 X72.94 Y75.285 E38.73496
G1 X48.785 Y99.44 E40.37795
G1 X48.785 Y99.986 E40.40421
G1 X73.486 Y75.285 E42.08434
G1 X74.031 Y75.285 E42.11055
G1 X48.785 Y100.531 E43.82775
G1 X48.785 Y101.077 E43.85401
G1 X74.577 Y75.285 E45.60835
G1 X75.122 Y75.285 E45.63456
G1 X48.785 Y101.622 E47.42597
G1 X48.785 Y102.167 E47.45218
G1 X75.667 Y75.285 E49.28066
G1 X76.213 Y75.285 E49.30692
G1 X48.785 Y102.713 E51.17254
G1 X48.785 Y103.258 E51.19875
G1 X76.758 Y75.285 E53.10144
G1 X77.303 Y75.285 E53.12765
G1 X48.785 Y103.803 E55.06741
G1 X48.785 Y104.349 E55.09367
G1 X77.849 Y75.285 E57.07057
G1 X78.394 Y75.285 E57.09678
G1 X48.785 Y104.894 E59.11075
G1 X48.785 Y105.439 E59.13696
G1 X78.715 Y75.51 E61.17273
G1 X78.828 Y75.232 E61.18716
;WIDTH:0.404381
G1 X78.787 Y75.243 E61.18896
G1 X78.768 Y75.172 E61.19208
G1 X78.839 Y75.191 E61.1952
G1 X78.839 Y75.191 F7800
G1 X78.715 Y76.056
;WIDTH:0.45
G1 F1200
G1 X48.785 Y105.985 E63.23097
G1 X48.785 Y106.53 E63.25718
G1 X78.715 Y76.601 E65.29295
G1 X78.715 Y77.146 E65.31916
G1 X48.785 Y107.075 E67.35493
G1 X48.785 Y107.621 E67.38119
G1 X78.715 Y77.692 E69.41696
G1 X78.715 Y78.237 E69.44317
G1 X48.785 Y108.166 E71.47894
G1 X48.785 Y108.711 E71.50515
G1 X78.715 Y78.782 E73.54092
G1 X78.909 Y78.675 E73.55158
;WIDTH:0.404381
G1 X78.868 Y78.686 E73.55338
G1 X78.849 Y78.615 E73.5565
G1 X78.92 Y78.634 E73.55962
;WIDTH:0.45
G1 X78.748 Y79.294 E73.59242
G1 X48.785 Y109.257 E75.63047
G1 X48.785 Y109.802 E75.65668
G1 X78.9 Y79.688 E77.70503
G1 X79.154 Y79.979 E77.72361
G1 X48.785 Y110.347 E79.78924
G1 X48.785 Y110.893 E79.8155
G1 X79.489 Y80.19 E81.90391
G1 X79.938 Y80.285 E81.92598
G1 X48.785 Y111.438 E84.04497
G1 X48.785 Y111.983 E84.07118
G1 X80.484 Y80.285 E86.22727
G1 X81.029 Y80.285 E86.25348
G1 X48.785 Y112.529 E88.44668
G1 X48.785 Y113.074 E88.47289
G1 X81.575 Y80.285 E90.70319
G1 X82.12 Y80.285 E90.7294
G1 X48.785 Y113.62 E92.99681
G1 X48.785 Y114.165 E93.02302
G1 X82.665 Y80.285 E95.3275
G1 X83.211 Y80.285 E95.35376
G1 X48.785 Y114.71 E97.69534
G1 X48.785 Y115.256 E97.7216
G1 X83.756 Y80.285 E100.10028
G1 X84.301 Y80.285 E100.12649
G1 X48.785 Y115.801 E102.54224
G1 X48.785 Y116.346 E102.56845
G1 X84.847 Y80.285 E105.02131
G1 X85.392 Y80.285 E105.04752
G1 X48.785 Y116.892 E107.53748
G1 X48.785 Y117.437 E107.56369
G1 X85.937 Y80.285 E110.09072
G1 X86.483 Y80.285 E110.11698
G1 X48.785 Y117.982 E112.68112
G1 X48.785 Y118.528 E112.70738
G1 X87.028 Y80.285 E115.30862
G1 X87.573 Y80.285 E115.33483
G1 X48.785 Y119.073 E117.97314
G1 X48.785 Y119.618 E117.99935
G1 X88.119 Y80.285 E120.67477
G1 X88.664 Y80.285 E120.70098
G1 X48.785 Y120.164 E123.4135
G1 X48.785 Y120.709 E123.43971
G1 X89.21 Y80.285 E126.18933
G1 X89.755 Y80.285 E126.21554
G1 X48.785 Y121.254 E129.00223
G1 X48.785 Y121.8 E129.02849
G1 X90.3 Y80.285 E131.85229
G1 X90.846 Y80.285 E131.87855
G1 X48.785 Y122.345 E134.73945
G1 X48.785 Y122.89 E134.76566
G1 X91.391 Y80.285 E137.66363
G1 X91.936 Y80.285 E137.68984
G1 X48.785 Y123.436 E140.62492
G1 X48.785 Y123.981 E140.65113
G1 X92.482 Y80.285 E143.62331
G1 X93.027 Y80.285 E143.64952
G1 X48.785 Y124.526 E146.65877
G1 X48.785 Y125.072 E146.68503
G1 X93.572 Y80.285 E149.73139
G1 X94.118 Y80.285 E149.75765
G1 X48.785 Y125.617 E152.84111
G1 X48.785 Y126.163 E152.86737
G1 X94.663 Y80.285 E155.98793
G1 X95.208 Y80.285 E156.01414
G1 X48.785 Y126.708 E159.17177
G1 X48.785 Y127.253 E159.19798
G1 X95.754 Y80.285 E162.39272
G1 X96.299 Y80.285 E162.41893
G1 X48.785 Y127.799 E165.65077
G1 X48.785 Y128.344 E165.67698
G1 X96.845 Y80.285 E168.94593
G1 X97.39 Y80.285 E168.97214
G1 X48.785 Y128.889 E172.27816
G1 X48.785 Y129.435 E172.30442
G1 X97.935 Y80.285 E175.64754
G1 X98.481 Y80.285 E175.6738
G1 X48.785 Y129.98 E179.05403
G1 X48.785 Y130.525 E179.08024
G1 X99.026 Y80.285 E182.49754
G1 X99.571 Y80.285 E182.52375
G1 X48.785 Y131.071 E185.97815
G1 X48.785 Y131.616 E186.00436
G1 X100.117 Y80.285 E189.49586
G1 X100.662 Y80.285 E189.52207
G1 X48.785 Y132.161 E193.05065
G1 X48.785 Y132.707 E193.07691
G1 X101.207 Y80.285 E196.64259
G1 X101.753 Y80.285 E196.66885
G1 X48.785 Y133.252 E200.27163
G1 X48.785 Y133.797 E200.29784
G1 X102.298 Y80.285 E203.93769
G1 X102.843 Y80.285 E203.9639
G1 X48.785 Y134.343 E207.64086
G1 X48.785 Y134.888 E207.66707
G1 X103.389 Y80.285 E211.38113
G1 X103.934 Y80.285 E211.40734
G1 X48.785 Y135.433 E215.15847
G1 X48.785 Y135.979 E215.18473
G1 X104.48 Y80.285 E218.973
G1 X105.025 Y80.285 E218.99921
G1 X48.785 Y136.524 E222.82455
G1 X48.785 Y137.069 E222.85076
G1 X105.57 Y80.285 E226.71317
G1 X106.116 Y80.285 E226.73943
G1 X48.785 Y137.615 E230.63898
G1 X48.785 Y138.16 E230.66519
G1 X106.661 Y80.285 E234.60181
G1 X107.206 Y80.285 E234.62802
G1 X48.785 Y138.705 E238.60171
G1 X48.785 Y139.251 E238.62797
G1 X107.752 Y80.285 E242.6388
G1 X108.297 Y80.285 E242.66501
G1 X48.785 Y139.796 E246.71291
G1 X48.785 Y140.342 E246.73917
G1 X108.842 Y80.285 E250.82417
G1 X109.388 Y80.285 E250.85043
G1 X48.785 Y140.887 E254.97254
G1 X48.785 Y141.432 E254.99875
G1 X109.933 Y80.285 E259.15793
G1 X110.478 Y80.285 E259.18414
G1 X48.785 Y141.978 E263.38042
G1 X48.785 Y142.523 E263.40663
G1 X111.024 Y80.285 E267.64002
G1 X111.569 Y80.285 E267.66623
G1 X48.785 Y143.068 E271.93669
G1 X48.785 Y143.614 E271.96295
G1 X112.115 Y80.285 E276.27054
G1 X112.66 Y80.285 E276.29675
G1 X48.785 Y144.159 E280.64141
G1 X48.785 Y144.704 E280.66762
G1 X113.205 Y80.285 E285.04935
G1 X113.751 Y80.285 E285.07561
G1 X49.321 Y144.715 E289.45806
G1 X49.866 Y144.715 E289.48427
G1 X114.296 Y80.284 E293.86675
G1 X114.841 Y80.284 E293.89296
G1 X50.411 Y144.715 E298.27544
G1 X50.957 Y144.715 E298.3017
G1 X115.387 Y80.284 E302.68418
G1 X115.932 Y80.284 E302.71039
G1 X51.502 Y144.715 E307.09287
G1 X52.047 Y144.715 E307.11908
G1 X116.477 Y80.284 E311.50156
G1 X117.023 Y80.284 E311.52782
G1 X52.593 Y144.715 E315.9103
G1 X53.138 Y144.715 E315.93651
G1 X117.568 Y80.284 E320.31899
G1 X118.113 Y80.284 E320.3452
G1 X53.683 Y144.715 E324.72768
G1 X54.229 Y144.715 E324.75394
G1 X118.659 Y80.284 E329.13642
G1 X119.204 Y80.284 E329.16263
G1 X54.774 Y144.715 E333.54511
G1 X55.319 Y144.715 E333.57132
G1 X119.75 Y80.284 E337.95384
G1 X120.295 Y80.284 E337.98005
G1 X55.865 Y144.715 E342.36253
G1 X56.41 Y144.715 E342.38874
G1 X120.84 Y80.284 E346.77122
G1 X121.386 Y80.284 E346.79748
G1 X56.955 Y144.715 E351.18
G1 X57.501 Y144.715 E351.20626
G1 X121.931 Y80.284 E355.58874
G1 X122.476 Y80.284 E355.61495
G1 X58.046 Y144.715 E359.99743
G1 X58.591 Y144.715 E360.02364
G1 X123.022 Y80.284 E364.40616
G1 X123.567 Y80.284 E364.43237
G1 X59.137 Y144.715 E368.81485
G1 X59.682 Y144.715 E368.84106
G1 X124.112 Y80.284 E373.22354
G1 X124.658 Y80.284 E373.2498
G1 X60.228 Y144.715 E377.63228
G1 X60.773 Y144.715 E377.65849
G1 X125.203 Y80.284 E382.04097
G1 X125.748 Y80.284 E382.06718
G1 X61.318 Y144.715 E386.44966
G1 X61.864 Y144.715 E386.47592
G1 X126.294 Y80.284 E390.8584
G1 X126.839 Y80.284 E390.88461
G1 X62.409 Y144.715 E395.26709
G1 X62.954 Y144.715 E395.2933
G1 X127.385 Y80.284 E399.67582
G1 X127.93 Y80.284 E399.70203
G1 X63.5 Y144.715 E404.08451
G1 X64.045 Y144.715 E404.11072
G1 X128.475 Y80.284 E408.4932
G1 X129.021 Y80.284 E408.51946
G1 X64.59 Y144.715 E412.90198
G1 X65.136 Y144.715 E412.92824
G1 X129.566 Y80.284 E417.31072
G1 X130.111 Y80.284 E417.33693
G1 X65.681 Y144.715 E421.71941
G1 X66.226 Y144.715 E421.74562
G1 X130.657 Y80.284 E426.12814
G1 X131.202 Y80.284 E426.15435
G1 X66.772 Y144.715 E430.53683
G1 X67.317 Y144.715 E430.56304
G1 X131.747 Y80.284 E434.94552
G1 X132.293 Y80.284 E434.97178
G1 X67.862 Y144.715 E439.3543
G1 X68.408 Y144.715 E439.38056
G1 X132.838 Y80.284 E443.76304
G1 X133.384 Y80.284 E443.7893
G1 X68.953 Y144.715 E448.17182
G1 X69.498 Y144.715 E448.19803
G1 X133.929 Y80.284 E452.58055
G1 X134.474 Y80.284 E452.60676
G1 X70.044 Y144.715 E456.98924
G1 X70.589 Y144.715 E457.01545
G1 X135.02 Y80.284 E461.39797
G1 X135.565 Y80.284 E461.42418
G1 X71.134 Y144.715 E465.8067
G1 X71.68 Y144.715 E465.83296
G1 X136.11 Y80.284 E470.21544
G1 X136.656 Y80.284 E470.2417
G1 X72.225 Y144.715 E474.62422
G1 X72.771 Y144.715 E474.65048
G1 X137.201 Y80.284 E479.03296
G1 X137.746 Y80.284 E479.05917
G1 X73.316 Y144.715 E483.44165
G1 X73.861 Y144.715 E483.46786
G1 X138.292 Y80.284 E487.85038
G1 X138.837 Y80.284 E487.87659
G1 X74.407 Y144.715 E492.25907
G1 X74.952 Y144.715 E492.28528
G1 X139.382 Y80.284 E496.66776
G1 X139.928 Y80.284 E496.69402
G1 X75.497 Y144.715 E501.07654
G1 X76.043 Y144.715 E501.1028
G1 X140.646 Y80.111 E505.49705
G1 E503.49705 F2400
G92 E0
G1 X140.646 Y80.111 F7800
G1 X146.206 Y75.11
G1 E2 F2400
;WIDTH:0.404381
G1 F1200
G1 X146.135 Y75.091 E2.00312
G1 X146.154 Y75.162 E2.00624
G1 X146.195 Y75.151 E2.00804
;WIDTH:0.45
G1 X146.017 Y75.285 E2.01876
G1 X76.588 Y144.715 E6.74127
G1 X77.133 Y144.715 E6.76748
G1 X146.562 Y75.285 E11.48999
G1 X147.108 Y75.285 E11.51625
G1 X77.679 Y144.715 E16.23876
G1 X78.224 Y144.715 E16.26497
G1 X147.653 Y75.285 E20.98748
G1 X148.198 Y75.285 E21.01369
G1 X78.769 Y144.715 E25.7362
G1 X79.315 Y144.715 E25.76246
G1 X148.744 Y75.285 E30.48497
G1 X149.289 Y75.285 E30.51118
G1 X79.86 Y144.715 E35.23369
G1 X80.405 Y144.715 E35.2599
G1 X149.835 Y75.285 E39.98244
G1 X150.38 Y75.285 E40.00865
G1 X80.951 Y144.715 E44.73116
G1 X81.496 Y144.715 E44.75737
G1 X150.925 Y75.285 E49.47988
G1 X151.471 Y75.285 E49.50614
G1 X82.041 Y144.715 E54.22868
G1 X82.587 Y144.715 E54.25494
G1 X152.016 Y75.285 E58.97745
G1 X152.561 Y75.285 E59.00366
G1 X83.132 Y144.715 E63.72617
G1 X83.677 Y144.715 E63.75238
G1 X153.107 Y75.285 E68.47492
G1 X153.652 Y75.285 E68.50113
G1 X84.223 Y144.715 E73.22364
G1 X84.768 Y144.715 E73.24985
G1 X154.197 Y75.285 E77.97236
G1 X154.743 Y75.285 E77.99862
G1 X85.314 Y144.715 E82.72113
G1 X85.859 Y144.715 E82.74734
G1 X155.288 Y75.285 E87.46985
G1 X155.833 Y75.285 E87.49606
G1 X86.404 Y144.715 E92.21857
G1 X86.95 Y144.715 E92.24483
G1 X156.379 Y75.285 E96.96734
G1 X156.924 Y75.285 E96.99355
G1 X87.495 Y144.715 E101.71606
G1 X88.04 Y144.715 E101.74227
G1 X157.469 Y75.285 E106.46478
G1 X158.015 Y75.285 E106.49104
G1 X88.586 Y144.715 E111.21355
G1 X89.131 Y144.715 E111.23976
G1 X158.56 Y75.285 E115.96227
G1 X159.105 Y75.285 E115.98848
G1 X89.676 Y144.715 E120.71099
G1 X90.222 Y144.715 E120.73725
G1 X159.651 Y75.285 E125.45976
G1 X160.196 Y75.285 E125.48597
G1 X90.767 Y144.715 E130.20848
G1 X91.312 Y144.715 E130.23469
G1 X160.741 Y75.285 E134.9572
G1 X161.287 Y75.285 E134.98346
G1 X91.858 Y144.715 E139.70597
G1 X92.403 Y144.715 E139.73218
G1 X161.832 Y75.285 E144.45469
G1 X162.378 Y75.285 E144.48095
G1 X92.948 Y144.715 E149.20349
G1 X93.494 Y144.715 E149.22975
G1 X162.923 Y75.285 E153.95226
G1 X163.468 Y75.285 E153.97847
G1 X94.039 Y144.715 E158.70098
G1 X94.584 Y144.715 E158.72719
G1 X164.014 Y75.285 E163.44973
G1 X164.559 Y75.285 E163.47594
G1 X95.13 Y144.715 E168.19845
G1 X95.675 Y144.715 E168.22466
G1 X165.104 Y75.285 E172.94717
G1 X165.65 Y75.285 E172.97343
G1 X96.22 Y144.715 E177.69597
G1 X96.766 Y144.715 E177.72223
G1 X166.195 Y75.285 E182.44474
G1 X166.74 Y75.285 E182.47095
G1 X97.311 Y144.715 E187.19346
G1 X97.857 Y144.715 E187.21972
G1 X167.286 Y75.285 E191.94223
G1 X167.831 Y75.285 E191.96844
G1 X98.402 Y144.715 E196.69095
G1 X98.947 Y144.715 E196.71716
G1 X168.376 Y75.285 E201.43967
G1 X168.922 Y75.285 E201.46593
G1 X99.493 Y144.715 E206.18844
G1 X100.038 Y144.715 E206.21465
G1 X169.467 Y75.285 E210.93716
G1 X170.012 Y75.285 E210.96337
G1 X100.583 Y144.715 E215.68588
G1 X101.129 Y144.715 E215.71214
G1 X170.558 Y75.285 E220.43465
G1 X171.103 Y75.285 E220.46086
G1 X101.674 Y144.715 E225.18337
G1 X102.219 Y144.715 E225.20958
G1 X171.215 Y75.719 E229.9026
G1 X171.215 Y76.265 E229.92886
G1 X102.765 Y144.715 E234.58474
G1 X103.31 Y144.715 E234.61095
G1 X171.215 Y76.81 E239.22976
G1 X171.215 Y77.355 E239.25597
G1 X103.855 Y144.715 E243.83771
G1 X104.401 Y144.715 E243.86397
G1 X171.215 Y77.901 E248.40858
G1 X171.215 Y78.446 E248.43479
G1 X104.946 Y144.715 E252.94233
G1 X105.491 Y144.715 E252.96854
G1 X171.215 Y78.991 E257.439
G1 X171.215 Y79.537 E257.46526
G1 X106.037 Y144.715 E261.89859
G1 X106.582 Y144.715 E261.9248
G1 X171.215 Y80.082 E266.32106
G1 X171.215 Y80.627 E266.34727
G1 X107.127 Y144.715 E270.70646
G1 X107.673 Y144.715 E270.73272
G1 X171.215 Y81.173 E275.05477
G1 X171.215 Y81.718 E275.08098
G1 X108.218 Y144.715 E279.36596
G1 X108.763 Y144.715 E279.39217
G1 X171.215 Y82.263 E283.64008
G1 X171.215 Y82.809 E283.66634
G1 X109.309 Y144.715 E287.87711
G1 X109.854 Y144.715 E287.90332
G1 X171.215 Y83.354 E292.07702
G1 X171.215 Y83.9 E292.10328
G1 X110.4 Y144.715 E296.23984
G1 X110.945 Y144.715 E296.26605
G1 X171.215 Y84.445 E300.36554
G1 X171.215 Y84.99 E300.39175
G1 X111.49 Y144.715 E304.45417
G1 X112.036 Y144.715 E304.48043
G1 X171.215 Y85.536 E308.50571
G1 X171.215 Y86.081 E308.53192
G1 X112.581 Y144.715 E312.52013
G1 X113.126 Y144.715 E312.54634
G1 X171.215 Y86.626 E316.49748
G1 X171.215 Y87.172 E316.52374
G1 X113.672 Y144.715 E320.43774
G1 X114.217 Y144.715 E320.46395
G1 X171.215 Y87.717 E324.34088
G1 X171.215 Y88.262 E324.36709
G1 X114.762 Y144.715 E328.20695
G1 X115.308 Y144.715 E328.23321
G1 X171.215 Y88.808 E332.03593
G1 X171.215 Y89.353 E332.06214
G1 X115.853 Y144.715 E335.82779
G1 X116.398 Y144.715 E335.854
G1 X171.215 Y89.898 E339.58258
G1 X171.215 Y90.444 E339.60884
G1 X116.944 Y144.715 E343.30029
G1 X117.489 Y144.715 E343.3265
G1 X171.215 Y90.989 E346.98088
G1 X171.215 Y91.534 E347.00709
G1 X118.034 Y144.715 E350.6244
G1 X118.58 Y144.715 E350.65066
G1 X171.215 Y92.08 E354.23083
G1 X171.215 Y92.625 E354.25704
G1 X119.125 Y144.715 E357.80014
G1 X119.67 Y144.715 E357.82635
G1 X171.215 Y93.17 E361.33238
G1 X171.215 Y93.716 E361.35864
G1 X120.216 Y144.715 E364.82753
G1 X120.761 Y144.715 E364.85374
G1 X171.215 Y94.261 E368.28556
G1 X171.215 Y94.806 E368.31177
G1 X121.306 Y144.715 E371.70652
G1 X121.852 Y144.715 E371.73278
G1 X171.215 Y95.352 E375.09039
G1 X171.215 Y95.897 E375.1166
G1 X122.397 Y144.715 E378.43714
G1 X122.943 Y144.715 E378.4634
G1 X171.215 Y96.443 E381.7468
G1 X171.215 Y96.988 E381.77301
G1 X123.488 Y144.715 E385.01934
G1 X124.033 Y144.715 E385.04555
G1 X171.215 Y97.533 E388.25481
G1 X171.215 Y98.079 E388.28107
G1 X124.579 Y144.715 E391.45319
G1 X125.124 Y144.715 E391.4794
G1 X171.215 Y98.624 E394.61445
G1 X171.215 Y99.169 E394.64066
G1 X125.669 Y144.715 E397.73864
G1 X126.215 Y144.715 E397.7649
G1 X171.215 Y99.715 E400.82574
G1 X171.215 Y100.26 E400.85195
G1 X126.76 Y144.715 E403.87572
G1 X127.305 Y144.715 E403.90193
G1 X171.215 Y100.805 E406.88863
G1 X171.215 Y101.351 E406.91489
G1 X127.851 Y144.715 E409.86446
G1 X128.396 Y144.715 E409.89067
G1 X171.215 Y101.896 E412.80317
G1 X171.215 Y102.441 E412.82938
G1 X128.941 Y144.715 E415.70481
G1 X129.487 Y144.715 E415.73107
G1 X171.215 Y102.987 E418.56936
G1 X171.215 Y103.532 E418.59557
G1 X130.032 Y144.715 E421.39679
G1 X130.577 Y144.715 E421.423
G1 X171.215 Y104.077 E424.18715
G1 X171.215 Y104.623 E424.21341
G1 X131.123 Y144.715 E426.94042
G1 X131.668 Y144.715 E426.96663
G1 X171.215 Y105.168 E429.65657
G1 X171.215 Y105.713 E429.68278
G1 X132.213 Y144.715 E432.33565
G1 X132.759 Y144.715 E432.36191
G1 X171.215 Y106.259 E434.97764
G1 X171.215 Y106.804 E435.00385
G1 X133.304 Y144.715 E437.58251
G1 X133.849 Y144.715 E437.60872
G1 X171.215 Y107.349 E440.15031
G1 X171.215 Y107.895 E440.17657
G1 X134.395 Y144.715 E442.68102
G1 X134.94 Y144.715 E442.70723
G1 X171.215 Y108.44 E445.17461
G1 X171.215 Y108.986 E445.20087
G1 X135.486 Y144.715 E447.63111
G1 X136.031 Y144.715 E447.65732
G1 X171.215 Y109.531 E450.05049
G1 X171.215 Y110.076 E450.0767
G1 X136.576 Y144.715 E452.4328
G1 X137.122 Y144.715 E452.45906
G1 X171.215 Y110.622 E454.77802
G1 X171.215 Y111.167 E454.80423
G1 X137.667 Y144.715 E457.08612
G1 X138.212 Y144.715 E457.11233
G1 X171.215 Y111.712 E459.35715
G1 X171.215 Y112.258 E459.38341
G1 X138.758 Y144.715 E461.59109
G1 X139.303 Y144.715 E461.6173
G1 X171.215 Y112.803 E463.78791
G1 X171.215 Y113.348 E463.81412
G1 X139.848 Y144.715 E465.94766
G1 X140.394 Y144.715 E465.97392
G1 X171.215 Y113.894 E468.07033
G1 X171.215 Y114.439 E468.09654
G1 X140.939 Y144.715 E470.15588
G1 X141.484 Y144.715 E470.18209
G1 X171.215 Y114.984 E472.20436
G1 X171.215 Y115.53 E472.23062
G1 X142.03 Y144.715 E474.21575
G1 X142.575 Y144.715 E474.24196
G1 X171.215 Y116.075 E476.19002
G1 X171.215 Y116.62 E476.21623
G1 X143.12 Y144.715 E478.12722
G1 X143.666 Y144.715 E478.15348
G1 X171.215 Y117.166 E480.02733
G1 X171.215 Y117.711 E480.05354
G1 X144.211 Y144.715 E481.89032
G1 X144.756 Y144.715 E481.91653
G1 X171.215 Y118.256 E483.71624
G1 X171.215 Y118.802 E483.7425
G1 X145.302 Y144.715 E485.50507
G1 X145.847 Y144.715 E485.53128
G1 X171.215 Y119.347 E487.25678
G1 X171.215 Y119.892 E487.28299
G1 X146.392 Y144.715 E488.97142
G1 X146.938 Y144.715 E488.99768
G1 X171.215 Y120.438 E490.64897
G1 X171.215 Y120.983 E490.67518
G1 X147.483 Y144.715 E492.2894
G1 X148.029 Y144.715 E492.31566
G1 X171.215 Y121.529 E493.89274
G1 X171.215 Y122.074 E493.91895
G1 X148.574 Y144.715 E495.45896
G1 X149.119 Y144.715 E495.48517
G1 X171.215 Y122.619 E496.98811
G1 X171.215 Y123.165 E497.01437
G1 X149.665 Y144.715 E498.48017
G1 X150.21 Y144.715 E498.50638
G1 X171.215 Y123.71 E499.93511
G1 X171.215 Y124.255 E499.96132
G1 X150.755 Y144.715 E501.35298
G1 X151.301 Y144.715 E501.37924
G1 X171.215 Y124.801 E502.73377
G1 X171.215 Y125.346 E502.75998
G1 X151.846 Y144.715 E504.07744
G1 X152.391 Y144.715 E504.10365
G1 X171.215 Y125.891 E505.38404
G1 X171.215 Y126.437 E505.4103
G1 X152.937 Y144.715 E506.65355
G1 X153.482 Y144.715 E506.67976
G1 X171.215 Y126.982 E507.88594
G1 X171.215 Y127.527 E507.91215
G1 X154.027 Y144.715 E509.08126
G1 X154.573 Y144.715 E509.10752
G1 X171.215 Y128.073 E510.23949
G1 X171.215 Y128.618 E510.2657
G1 X155.118 Y144.715 E511.3606
G1 X155.663 Y144.715 E511.38681
G1 X171.215 Y129.163 E512.44464
G1 X171.215 Y129.709 E512.4709
G1 X156.209 Y144.715 E513.49159
G1 X156.754 Y144.715 E513.5178
G1 X171.215 Y130.254 E514.50142
G1 X171.215 Y130.799 E514.52763
G1 X157.299 Y144.715 E515.47418
G1 X157.845 Y144.715 E515.50044
G1 X171.215 Y131.345 E516.40985
G1 X171.215 Y131.89 E516.43606
G1 X158.39 Y144.715 E517.3084
G1 X158.935 Y144.715 E517.33461
G1 X171.215 Y132.435 E518.16988
G1 X171.215 Y132.981 E518.19614
G1 X159.481 Y144.715 E518.99427
G1 X160.026 Y144.715 E519.02048
G1 X171.215 Y133.526 E519.78154
G1 X171.215 Y134.072 E519.8078
G1 X160.572 Y144.715 E520.53172
G1 X161.117 Y144.715 E520.55793
G1 X171.215 Y134.617 E521.24478
G1 X171.215 Y135.162 E521.27099
G1 X161.662 Y144.715 E521.92077
G1 X162.208 Y144.715 E521.94703
G1 X171.215 Y135.708 E522.55967
G1 X171.215 Y136.253 E522.58588
G1 X162.753 Y144.715 E523.16145
G1 X163.298 Y144.715 E523.18766
G1 X171.215 Y136.798 E523.72616
G1 X171.215 Y137.344 E523.75242
G1 X163.844 Y144.715 E524.25379
G1 X164.389 Y144.715 E524.28
G1 X171.215 Y137.889 E524.7443
G1 X171.215 Y138.434 E524.77051
G1 X164.934 Y144.715 E525.19774
G1 X165.48 Y144.715 E525.224
G1 X171.215 Y138.98 E525.61409
G1 X171.215 Y139.525 E525.6403
G1 X166.025 Y144.715 E525.99332
G1 X166.57 Y144.715 E526.01953
G1 X171.215 Y140.07 E526.33548
G1 X171.215 Y140.616 E526.36174
G1 X167.116 Y144.715 E526.64055
G1 X167.661 Y144.715 E526.66676
G1 X171.215 Y141.161 E526.9085
G1 X171.215 Y141.706 E526.93471
G1 X168.206 Y144.715 E527.13938
G1 X168.752 Y144.715 E527.16564
G1 X171.215 Y142.252 E527.33317
G1 X171.215 Y142.797 E527.35938
G1 X169.297 Y144.715 E527.48984
G1 X169.842 Y144.715 E527.51605
G1 X171.215 Y143.342 E527.60944
G1 X171.215 Y143.888 E527.6357
G1 X170.388 Y144.715 E527.69195
G1 X170.933 Y144.715 E527.71816
G1 X171.215 Y144.433 E527.73734
G1 X171.409 Y144.315 E527.74826
;WIDTH:0.404381
G1 X171.368 Y144.326 E527.75006
G1 X171.349 Y144.255 E527.75318
G1 X171.42 Y144.274 E527.7563
M106 S255
;LAYER_CHANGE
;Z:0.95
;HEIGHT:0.3
 ; After First Layer

G1 Z.95 F7800
G1 E525.7563 F2400
G1 Z.95 F7800
G1 X140.65 Y79.752
G1 E527.7563 F2400
;TYPE:Perimeter
;WIDTH:0.45
G1 F3600
G1 X140.741 Y79.686 E527.76171
G1 X140.926 Y79.392 E527.77842
G1 X140.996 Y79.032 E527.79606
G1 X140.996 Y74.996 E527.99018
G1 X171.504 Y74.996 E529.45751
G1 X171.504 Y93.458 E530.34547
G1 X171.504 Y145.004 E532.82465
G1 X48.496 Y145.004 E538.74091
G1 X48.496 Y74.996 E542.10805
G1 X79.004 Y74.996 E543.57538
G1 X79.014 Y79.174 E543.77633
G1 X79.111 Y79.474 E543.79149
G1 X79.322 Y79.748 E543.80812
G1 X79.621 Y79.932 E543.82501
G1 X79.968 Y79.996 E543.84198
G1 X140.08 Y79.995 E546.73316
G1 X140.439 Y79.906 E546.75095
G1 X140.602 Y79.787 E546.76066
G1 X140.602 Y79.787 F7800
G1 X140.415 Y79.449
G1 F3600
G1 X140.546 Y79.297 E546.77031
G1 X140.611 Y79.032 E546.78343
G1 X140.611 Y74.611 E546.99606
G1 X171.889 Y74.611 E548.50042
G1 X171.889 Y93.458 E549.4069
G1 X171.889 Y145.389 E551.9046
G1 X48.111 Y145.389 E557.85789
G1 X48.111 Y74.611 E561.26207
G1 X79.389 Y74.611 E562.76643
G1 X79.396 Y79.118 E562.9832
G1 X79.477 Y79.338 E562.99448
G1 X79.688 Y79.538 E563.00846
G1 X79.968 Y79.611 E563.02238
G1 X140.032 Y79.611 E565.91125
G1 X140.106 Y79.606 E565.91482
G1 X140.366 Y79.504 E565.92825
G1 X140.375 Y79.494 E565.9289
G1 X140.375 Y79.494 F7800
G1 X140.156 Y79.18
;TYPE:External perimeter
G1 F1800
G1 X140.225 Y79.032 E565.93675
G1 X140.225 Y74.225 E566.16795
G1 X172.275 Y74.225 E567.70944
G1 X172.275 Y93.458 E568.63448
G1 X172.275 Y145.775 E571.15075
G1 X47.725 Y145.775 E577.14117
G1 X47.725 Y74.225 E580.58248
G1 X79.775 Y74.225 E582.12397
G1 X79.775 Y79.032 E582.35517
G1 X79.819 Y79.155 E582.36145
G1 X79.968 Y79.225 E582.36937
G1 X140.032 Y79.225 E585.25824
G1 X140.099 Y79.201 E585.26166
G1 X140.218 Y78.819 F7800
G1 E583.26166 F2400
G92 E0
G1 X48.817 Y144.61 F7800
G1 E2 F2400
;TYPE:Solid infill
;WIDTH:0.543559
G1 F1200
G1 X48.774 Y144.652 E2.00359
G1 X48.79 Y144.71 E2.00719
G1 X48.848 Y144.726 E2.01079
G1 X48.89 Y144.683 E2.01438
G1 X48.875 Y144.625 E2.01796
;WIDTH:0.45
G1 X48.785 Y144.009 E2.0479
G1 X49.628 Y144.838 E2.10477
;WIDTH:0.404381
G1 X49.609 Y144.909 E2.10789
G1 X49.68 Y144.89 E2.11101
G1 X49.669 Y144.849 E2.11281
;WIDTH:0.45
G1 X50.036 Y144.715 E2.1316
G1 X48.785 Y143.464 E2.21669
G1 X48.785 Y142.919 E2.2429
G1 X50.581 Y144.715 E2.36506
G1 X51.127 Y144.715 E2.39132
G1 X48.785 Y142.373 E2.55062
G1 X48.785 Y141.828 E2.57683
G1 X51.672 Y144.715 E2.7732
G1 X52.217 Y144.715 E2.79941
G1 X48.785 Y141.283 E3.03285
G1 X48.785 Y140.737 E3.05911
G1 X52.763 Y144.715 E3.32969
G1 X53.308 Y144.715 E3.3559
G1 X48.785 Y140.192 E3.66355
G1 X48.785 Y139.647 E3.68976
G1 X53.853 Y144.715 E4.03448
G1 X54.399 Y144.715 E4.06074
G1 X48.785 Y139.101 E4.4426
G1 X48.785 Y138.556 E4.46881
G1 X54.944 Y144.715 E4.88774
G1 X55.489 Y144.715 E4.91395
G1 X48.785 Y138.011 E5.36995
G1 X48.785 Y137.465 E5.39621
G1 X56.035 Y144.715 E5.88935
G1 X56.58 Y144.715 E5.91556
G1 X48.785 Y136.92 E6.44577
G1 X48.785 Y136.375 E6.47198
G1 X57.125 Y144.715 E7.03926
G1 X57.671 Y144.715 E7.06552
G1 X48.785 Y135.829 E7.66993
G1 X48.785 Y135.284 E7.69614
G1 X58.216 Y144.715 E8.33762
G1 X58.761 Y144.715 E8.36383
G1 X48.785 Y134.739 E9.04239
G1 X48.785 Y134.193 E9.06865
G1 X59.307 Y144.715 E9.78434
G1 X59.852 Y144.715 E9.81055
G1 X48.785 Y133.648 E10.56331
G1 X48.785 Y133.103 E10.58952
G1 X60.397 Y144.715 E11.37935
G1 X60.943 Y144.715 E11.40561
G1 X48.785 Y132.557 E12.23258
G1 X48.785 Y132.012 E12.25879
G1 X61.488 Y144.715 E13.12283
G1 X62.034 Y144.715 E13.14909
G1 X48.785 Y131.466 E14.05027
G1 X48.785 Y130.921 E14.07648
G1 X62.579 Y144.715 E15.01473
G1 X63.124 Y144.715 E15.04094
G1 X48.785 Y130.376 E16.01626
G1 X48.785 Y129.83 E16.04252
G1 X63.67 Y144.715 E17.05498
G1 X64.215 Y144.715 E17.08119
G1 X48.785 Y129.285 E18.13072
G1 X48.785 Y128.74 E18.15693
G1 X64.76 Y144.715 E19.24353
G1 X65.306 Y144.715 E19.26979
G1 X48.785 Y128.194 E20.39353
G1 X48.785 Y127.649 E20.41974
G1 X65.851 Y144.715 E21.58055
G1 X66.396 Y144.715 E21.60676
G1 X48.785 Y127.104 E22.80464
G1 X48.785 Y126.558 E22.8309
G1 X66.942 Y144.715 E24.06592
G1 X67.487 Y144.715 E24.09213
G1 X48.785 Y126.013 E25.36422
G1 X48.785 Y125.468 E25.39043
G1 X68.032 Y144.715 E26.69959
G1 X68.578 Y144.715 E26.72585
G1 X48.785 Y124.922 E28.07215
G1 X48.785 Y124.377 E28.09836
G1 X69.123 Y144.715 E29.48173
G1 X69.668 Y144.715 E29.50794
G1 X48.785 Y123.832 E30.92838
G1 X48.785 Y123.286 E30.95464
G1 X70.214 Y144.715 E32.41221
G1 X70.759 Y144.715 E32.43842
G1 X48.785 Y122.741 E33.93306
G1 X48.785 Y122.196 E33.95927
G1 X71.304 Y144.715 E35.49098
G1 X71.85 Y144.715 E35.51724
G1 X48.785 Y121.65 E37.08609
G1 X48.785 Y121.105 E37.1123
G1 X72.395 Y144.715 E38.71822
G1 X72.94 Y144.715 E38.74443
G1 X48.785 Y120.56 E40.38742
G1 X48.785 Y120.014 E40.41368
G1 X73.486 Y144.715 E42.09381
G1 X74.031 Y144.715 E42.12002
G1 X48.785 Y119.469 E43.83722
G1 X48.785 Y118.923 E43.86348
G1 X74.577 Y144.715 E45.61782
G1 X75.122 Y144.715 E45.64403
G1 X48.785 Y118.378 E47.43544
G1 X48.785 Y117.833 E47.46165
G1 X75.667 Y144.715 E49.29013
G1 X76.213 Y144.715 E49.31639
G1 X48.785 Y117.287 E51.18201
G1 X48.785 Y116.742 E51.20822
G1 X76.758 Y144.715 E53.11091
G1 X77.303 Y144.715 E53.13712
G1 X48.785 Y116.197 E55.07688
G1 X48.785 Y115.651 E55.10314
G1 X77.849 Y144.715 E57.08004
G1 X78.394 Y144.715 E57.10625
G1 X48.785 Y115.106 E59.12022
G1 X48.785 Y114.561 E59.14643
G1 X78.939 Y144.715 E61.19747
G1 X79.485 Y144.715 E61.22373
G1 X48.785 Y114.015 E63.31191
G1 X48.785 Y113.47 E63.33812
G1 X80.03 Y144.715 E65.46337
G1 X80.575 Y144.715 E65.48958
G1 X48.785 Y112.925 E67.6519
G1 X48.785 Y112.379 E67.67816
G1 X81.121 Y144.715 E69.87761
G1 X81.666 Y144.715 E69.90382
G1 X48.785 Y111.834 E72.14034
G1 X48.785 Y111.289 E72.16655
G1 X82.211 Y144.715 E74.44015
G1 X82.757 Y144.715 E74.46641
G1 X48.785 Y110.743 E76.77714
G1 X48.785 Y110.198 E76.80335
G1 X83.302 Y144.715 E79.15115
G1 X83.847 Y144.715 E79.17736
G1 X48.785 Y109.653 E81.56223
G1 X48.785 Y109.107 E81.58849
G1 X84.393 Y144.715 E84.0105
G1 X84.938 Y144.715 E84.03671
G1 X48.785 Y108.562 E86.49579
G1 X48.785 Y108.017 E86.522
G1 X85.483 Y144.715 E89.01815
G1 X86.029 Y144.715 E89.04441
G1 X48.785 Y107.471 E91.5777
G1 X48.785 Y106.926 E91.60391
G1 X86.574 Y144.715 E94.17427
G1 X87.12 Y144.715 E94.20053
G1 X48.785 Y106.38 E96.80803
G1 X48.785 Y105.835 E96.83424
G1 X87.665 Y144.715 E99.47881
G1 X88.21 Y144.715 E99.50502
G1 X48.785 Y105.29 E102.18666
G1 X48.785 Y104.744 E102.21292
G1 X88.756 Y144.715 E104.9317
G1 X89.301 Y144.715 E104.95791
G1 X48.785 Y104.199 E107.71376
G1 X48.785 Y103.654 E107.73997
G1 X89.846 Y144.715 E110.53289
G1 X90.392 Y144.715 E110.55915
G1 X48.785 Y103.108 E113.38921
G1 X48.785 Y102.563 E113.41542
G1 X90.937 Y144.715 E116.28255
G1 X91.482 Y144.715 E116.30876
G1 X48.785 Y102.018 E119.21296
G1 X48.785 Y101.472 E119.23922
G1 X92.028 Y144.715 E122.18056
G1 X92.573 Y144.715 E122.20677
G1 X48.785 Y100.927 E125.18518
G1 X48.785 Y100.382 E125.21139
G1 X93.118 Y144.715 E128.22687
G1 X93.664 Y144.715 E128.25313
G1 X48.785 Y99.836 E131.30574
G1 X48.785 Y99.291 E131.33195
G1 X94.209 Y144.715 E134.42163
G1 X94.754 Y144.715 E134.44784
G1 X48.785 Y98.746 E137.57459
G1 X48.785 Y98.2 E137.60085
G1 X95.3 Y144.715 E140.76474
G1 X95.845 Y144.715 E140.79095
G1 X48.785 Y97.655 E143.99191
G1 X48.785 Y97.11 E144.01812
G1 X96.39 Y144.715 E147.25615
G1 X96.936 Y144.715 E147.28241
G1 X48.785 Y96.564 E150.55758
G1 X48.785 Y96.019 E150.58379
G1 X97.481 Y144.715 E153.89603
G1 X98.026 Y144.715 E153.92224
G1 X48.785 Y95.474 E157.27155
G1 X48.785 Y94.928 E157.29781
G1 X98.572 Y144.715 E160.68426
G1 X99.117 Y144.715 E160.71047
G1 X48.785 Y94.383 E164.13399
G1 X48.785 Y93.837 E164.16025
G1 X99.663 Y144.715 E167.62091
G1 X100.208 Y144.715 E167.64712
G1 X48.785 Y93.292 E171.14485
G1 X48.785 Y92.747 E171.17106
G1 X100.753 Y144.715 E174.70586
G1 X101.299 Y144.715 E174.73212
G1 X48.785 Y92.201 E178.30406
G1 X48.785 Y91.656 E178.33027
G1 X101.844 Y144.715 E181.93928
G1 X102.389 Y144.715 E181.96549
G1 X48.785 Y91.111 E185.61157
G1 X48.785 Y90.565 E185.63783
G1 X102.935 Y144.715 E189.32105
G1 X103.48 Y144.715 E189.34726
G1 X48.785 Y90.02 E193.06755
G1 X48.785 Y89.475 E193.09376
G1 X104.025 Y144.715 E196.85112
G1 X104.571 Y144.715 E196.87738
G1 X48.785 Y88.929 E200.67187
G1 X48.785 Y88.384 E200.69808
G1 X105.116 Y144.715 E204.52964
G1 X105.661 Y144.715 E204.55585
G1 X48.785 Y87.839 E208.42448
G1 X48.785 Y87.293 E208.45074
G1 X106.207 Y144.715 E212.35651
G1 X106.752 Y144.715 E212.38272
G1 X48.785 Y86.748 E216.32556
G1 X48.785 Y86.203 E216.35177
G1 X107.297 Y144.715 E220.33168
G1 X107.843 Y144.715 E220.35794
G1 X48.785 Y85.657 E224.37499
G1 X48.785 Y85.112 E224.4012
G1 X108.388 Y144.715 E228.45532
G1 X108.933 Y144.715 E228.48153
G1 X48.785 Y84.567 E232.57272
G1 X48.785 Y84.021 E232.59898
G1 X109.479 Y144.715 E236.72731
G1 X110.024 Y144.715 E236.75352
G1 X48.785 Y83.476 E240.91892
G1 X48.785 Y82.931 E240.94513
G1 X110.569 Y144.715 E245.1476
G1 X111.115 Y144.715 E245.17386
G1 X48.785 Y82.385 E249.41347
G1 X48.785 Y81.84 E249.43968
G1 X111.66 Y144.715 E253.71636
G1 X112.206 Y144.715 E253.74262
G1 X48.785 Y81.295 E258.0564
G1 X48.785 Y80.749 E258.08266
G1 X112.751 Y144.715 E262.43355
G1 X113.296 Y144.715 E262.45976
G1 X48.785 Y80.204 E266.84772
G1 X48.785 Y79.658 E266.87398
G1 X113.842 Y144.715 E271.29908
G1 X114.387 Y144.715 E271.32529
G1 X48.785 Y79.113 E275.78746
G1 X48.785 Y78.568 E275.81367
G1 X114.932 Y144.715 E280.31291
G1 X115.478 Y144.715 E280.33917
G1 X48.785 Y78.022 E284.87555
G1 X48.785 Y77.477 E284.90176
G1 X116.023 Y144.715 E289.47521
G1 X116.568 Y144.715 E289.50142
G1 X48.785 Y76.932 E294.11194
G1 X48.785 Y76.386 E294.1382
G1 X117.114 Y144.715 E298.78585
G1 X117.659 Y144.715 E298.81206
G1 X48.785 Y75.841 E303.49678
G1 X48.785 Y75.296 E303.52299
G1 X118.204 Y144.715 E308.24478
G1 X118.75 Y144.715 E308.27104
G1 X49.321 Y75.285 E312.99355
G1 X49.866 Y75.285 E313.01976
G1 X119.295 Y144.715 E317.74227
G1 X119.84 Y144.715 E317.76848
G1 X50.411 Y75.285 E322.49099
G1 X50.957 Y75.285 E322.51725
G1 X120.386 Y144.715 E327.23976
G1 X120.931 Y144.715 E327.26597
G1 X51.502 Y75.285 E331.98848
G1 X52.047 Y75.285 E332.01469
G1 X121.476 Y144.715 E336.7372
G1 X122.022 Y144.715 E336.76346
G1 X52.593 Y75.285 E341.48597
G1 X53.138 Y75.285 E341.51218
G1 X122.567 Y144.715 E346.23469
G1 X123.112 Y144.715 E346.2609
G1 X53.683 Y75.285 E350.98341
G1 X54.229 Y75.285 E351.00967
G1 X123.658 Y144.715 E355.73218
G1 X124.203 Y144.715 E355.75839
G1 X54.774 Y75.285 E360.4809
G1 X55.319 Y75.285 E360.50711
G1 X124.749 Y144.715 E365.22965
G1 X125.294 Y144.715 E365.25586
G1 X55.865 Y75.285 E369.97837
G1 X56.41 Y75.285 E370.00458
G1 X125.839 Y144.715 E374.72709
G1 X126.385 Y144.715 E374.75335
G1 X56.955 Y75.285 E379.47589
G1 X57.501 Y75.285 E379.50215
G1 X126.93 Y144.715 E384.22466
G1 X127.475 Y144.715 E384.25087
G1 X58.046 Y75.285 E388.97338
G1 X58.591 Y75.285 E388.99959
G1 X128.021 Y144.715 E393.72213
G1 X128.566 Y144.715 E393.74834
G1 X59.137 Y75.285 E398.47085
G1 X59.682 Y75.285 E398.49706
G1 X129.111 Y144.715 E403.21957
G1 X129.657 Y144.715 E403.24583
G1 X60.228 Y75.285 E407.96834
G1 X60.773 Y75.285 E407.99455
G1 X130.202 Y144.715 E412.71706
G1 X130.747 Y144.715 E412.74327
G1 X61.318 Y75.285 E417.46578
G1 X61.864 Y75.285 E417.49204
G1 X131.293 Y144.715 E422.21455
G1 X131.838 Y144.715 E422.24076
G1 X62.409 Y75.285 E426.96327
G1 X62.954 Y75.285 E426.98948
G1 X132.383 Y144.715 E431.71199
G1 X132.929 Y144.715 E431.73825
G1 X63.5 Y75.285 E436.46076
G1 X64.045 Y75.285 E436.48697
G1 X133.474 Y144.715 E441.20948
G1 X134.019 Y144.715 E441.23569
G1 X64.59 Y75.285 E445.9582
G1 X65.136 Y75.285 E445.98446
G1 X134.565 Y144.715 E450.70697
G1 X135.11 Y144.715 E450.73318
G1 X65.681 Y75.285 E455.45569
G1 X66.226 Y75.285 E455.4819
G1 X135.655 Y144.715 E460.20441
G1 X136.201 Y144.715 E460.23067
G1 X66.772 Y75.285 E464.95318
G1 X67.317 Y75.285 E464.97939
G1 X136.746 Y144.715 E469.7019
G1 X137.291 Y144.715 E469.72811
G1 X67.862 Y75.285 E474.45062
G1 X68.408 Y75.285 E474.47688
G1 X137.837 Y144.715 E479.19939
G1 X138.382 Y144.715 E479.2256
G1 X68.953 Y75.285 E483.94811
G1 X69.498 Y75.285 E483.97432
G1 X138.928 Y144.715 E488.69686
G1 X139.473 Y144.715 E488.72307
G1 X70.044 Y75.285 E493.44558
G1 X70.589 Y75.285 E493.47179
G1 X140.018 Y144.715 E498.1943
G1 X140.564 Y144.715 E498.22056
G1 X71.134 Y75.285 E502.9431
G1 X71.68 Y75.285 E502.96936
G1 X141.109 Y144.715 E507.69187
G1 X141.654 Y144.715 E507.71808
G1 X72.225 Y75.285 E512.44059
G1 X72.771 Y75.285 E512.46685
G1 X142.2 Y144.715 E517.18936
G1 X142.745 Y144.715 E517.21557
G1 X73.316 Y75.285 E521.93808
G1 X73.861 Y75.285 E521.96429
G1 X143.29 Y144.715 E526.6868
G1 X143.29 Y144.715 F7800
G1 X144.138 Y144.797
;WIDTH:0.404381
G1 F1200
G1 X144.149 Y144.839 E526.68864
G1 X144.078 Y144.858 E526.69176
G1 X144.097 Y144.786 E526.69492
;WIDTH:0.45
G1 X143.836 Y144.715 E526.70793
G1 X74.407 Y75.285 E531.43044
G1 X74.952 Y75.285 E531.45665
G1 X78.716 Y79.049 E531.71267
G1 X78.849 Y79.281 E531.72553
;WIDTH:0.404381
G1 X78.83 Y79.352 E531.72865
G1 X78.901 Y79.333 E531.73177
G1 X78.89 Y79.292 E531.73357
G1 X78.89 Y79.292 F7800
G1 X78.715 Y78.503
;WIDTH:0.45
G1 F1200
G1 X75.497 Y75.285 E531.95245
G1 X76.043 Y75.285 E531.97871
G1 X78.715 Y77.957 E532.16046
G1 X78.715 Y77.412 E532.18667
G1 X76.588 Y75.285 E532.33135
G1 X77.133 Y75.285 E532.35756
G1 X78.715 Y76.867 E532.46517
G1 X78.715 Y76.321 E532.49143
G1 X77.679 Y75.285 E532.5619
G1 X78.224 Y75.285 E532.58811
G1 X78.715 Y75.776 E532.62151
G1 E530.62151 F2400
G92 E0
G1 X78.715 Y75.776 F7800
G1 X79.668 Y80.099
G1 E2 F2400
;WIDTH:0.404381
G1 F1200
G1 X79.649 Y80.17 E2.00312
G1 X79.72 Y80.151 E2.00624
G1 X79.709 Y80.11 E2.00804
;WIDTH:0.45
G1 X79.952 Y80.285 E2.02244
G1 X144.381 Y144.715 E6.40485
G1 X144.926 Y144.715 E6.43106
G1 X80.497 Y80.285 E10.81347
G1 X81.042 Y80.285 E10.83968
G1 X145.472 Y144.715 E15.22213
G1 X146.017 Y144.715 E15.24834
G1 X81.588 Y80.285 E19.63075
G1 X82.133 Y80.285 E19.65696
G1 X146.562 Y144.715 E24.03937
G1 X147.108 Y144.715 E24.06563
G1 X82.678 Y80.285 E28.44808
G1 X83.224 Y80.285 E28.47434
G1 X147.653 Y144.715 E32.85675
G1 X148.198 Y144.715 E32.88296
G1 X83.769 Y80.285 E37.26537
G1 X84.314 Y80.285 E37.29158
G1 X148.744 Y144.715 E41.67403
G1 X149.289 Y144.715 E41.70024
G1 X84.86 Y80.285 E46.08265
G1 X85.405 Y80.285 E46.10886
G1 X149.834 Y144.715 E50.49127
G1 X150.38 Y144.715 E50.51753
G1 X85.95 Y80.285 E54.89998
G1 X86.496 Y80.285 E54.92624
G1 X150.925 Y144.715 E59.30865
G1 X151.471 Y144.715 E59.33491
G1 X87.041 Y80.285 E63.71736
G1 X87.586 Y80.285 E63.74357
G1 X152.016 Y144.715 E68.12602
G1 X152.561 Y144.715 E68.15223
G1 X88.132 Y80.285 E72.53464
G1 X88.677 Y80.285 E72.56085
G1 X153.107 Y144.715 E76.9433
G1 X153.652 Y144.715 E76.96951
G1 X89.222 Y80.285 E81.35196
G1 X89.768 Y80.285 E81.37822
G1 X154.197 Y144.715 E85.76063
G1 X154.743 Y144.715 E85.78689
G1 X90.313 Y80.285 E90.16934
G1 X90.858 Y80.285 E90.19555
G1 X155.288 Y144.715 E94.578
G1 X155.833 Y144.715 E94.60421
G1 X91.404 Y80.285 E98.98662
G1 X91.949 Y80.285 E99.01283
G1 X156.379 Y144.715 E103.39528
G1 X156.924 Y144.715 E103.42149
G1 X92.494 Y80.285 E107.80394
G1 X93.04 Y80.285 E107.8302
G1 X157.469 Y144.715 E112.21261
G1 X158.015 Y144.715 E112.23887
G1 X93.585 Y80.285 E116.62132
G1 X94.13 Y80.285 E116.64753
G1 X158.56 Y144.715 E121.02998
G1 X159.105 Y144.715 E121.05619
G1 X94.676 Y80.285 E125.4386
G1 X95.221 Y80.285 E125.46481
G1 X159.651 Y144.715 E129.84726
G1 X160.196 Y144.715 E129.87347
G1 X95.766 Y80.285 E134.25592
G1 X96.312 Y80.285 E134.28218
G1 X160.741 Y144.715 E138.66459
G1 X161.287 Y144.715 E138.69085
G1 X96.857 Y80.285 E143.0733
G1 X97.402 Y80.285 E143.09951
G1 X161.832 Y144.715 E147.48196
G1 X162.377 Y144.715 E147.50817
G1 X97.948 Y80.285 E151.89058
G1 X98.493 Y80.285 E151.91679
G1 X162.923 Y144.715 E156.29924
G1 X163.468 Y144.715 E156.32545
G1 X99.038 Y80.285 E160.7079
G1 X99.584 Y80.285 E160.73416
G1 X164.014 Y144.715 E165.11661
G1 X164.559 Y144.715 E165.14282
G1 X100.129 Y80.285 E169.52527
G1 X100.674 Y80.285 E169.55148
G1 X165.104 Y144.715 E173.93393
G1 X165.65 Y144.715 E173.96019
G1 X101.22 Y80.285 E178.34264
G1 X101.765 Y80.285 E178.36885
G1 X166.195 Y144.715 E182.7513
G1 X166.74 Y144.715 E182.77751
G1 X102.31 Y80.285 E187.15996
G1 X102.856 Y80.285 E187.18622
G1 X167.286 Y144.715 E191.56867
G1 X167.831 Y144.715 E191.59488
G1 X103.401 Y80.285 E195.97733
G1 X103.946 Y80.285 E196.00354
G1 X168.376 Y144.715 E200.38599
G1 X168.922 Y144.715 E200.41225
G1 X104.492 Y80.285 E204.7947
G1 X105.037 Y80.285 E204.82091
G1 X169.467 Y144.715 E209.20336
G1 X170.012 Y144.715 E209.22957
G1 X105.582 Y80.285 E213.61202
G1 X106.128 Y80.285 E213.63828
G1 X170.558 Y144.715 E218.02073
G1 X170.558 Y144.715 F7800
G1 X171.358 Y144.798
;WIDTH:0.404381
G1 F1200
G1 X171.369 Y144.839 E218.02253
G1 X171.298 Y144.858 E218.02565
G1 X171.317 Y144.787 E218.02877
;WIDTH:0.45
G1 X171.103 Y144.715 E218.03963
G1 X106.673 Y80.285 E222.42208
G1 X107.218 Y80.285 E222.44829
G1 X171.215 Y144.281 E226.80125
G1 X171.215 Y143.735 E226.82751
G1 X107.764 Y80.285 E231.14333
G1 X108.309 Y80.285 E231.16954
G1 X171.215 Y143.19 E235.44829
G1 X171.215 Y142.645 E235.4745
G1 X108.854 Y80.285 E239.71618
G1 X109.4 Y80.285 E239.74244
G1 X171.215 Y142.099 E243.94699
G1 X171.215 Y141.554 E243.9732
G1 X109.945 Y80.285 E248.14068
G1 X110.49 Y80.285 E248.16689
G1 X171.215 Y141.009 E252.2973
G1 X171.215 Y140.463 E252.32356
G1 X111.036 Y80.285 E256.41683
G1 X111.581 Y80.285 E256.44304
G1 X171.215 Y139.918 E260.49924
G1 X171.215 Y139.373 E260.52545
G1 X112.127 Y80.285 E264.54454
G1 X112.672 Y80.285 E264.57075
G1 X171.215 Y138.827 E268.55274
G1 X171.215 Y138.282 E268.57895
G1 X113.217 Y80.285 E272.52387
G1 X113.763 Y80.285 E272.55013
G1 X171.215 Y137.737 E276.45794
G1 X171.215 Y137.191 E276.4842
G1 X114.308 Y80.284 E280.35494
G1 X114.853 Y80.284 E280.38115
G1 X171.215 Y136.646 E284.21482
G1 X171.215 Y136.1 E284.24108
G1 X115.399 Y80.284 E288.03762
G1 X115.944 Y80.284 E288.06383
G1 X171.215 Y135.555 E291.82329
G1 X171.215 Y135.01 E291.8495
G1 X116.489 Y80.284 E295.57189
G1 X117.035 Y80.284 E295.59815
G1 X171.215 Y134.464 E299.28341
G1 X171.215 Y133.919 E299.30962
G1 X117.58 Y80.284 E302.95781
G1 X118.125 Y80.284 E302.98402
G1 X171.215 Y133.374 E306.59514
G1 X171.215 Y132.828 E306.6214
G1 X118.671 Y80.284 E310.19538
G1 X119.216 Y80.284 E310.22159
G1 X171.215 Y132.283 E313.7585
G1 X171.215 Y131.738 E313.78471
G1 X119.761 Y80.284 E317.28455
G1 X120.307 Y80.284 E317.31081
G1 X171.215 Y131.192 E320.77351
G1 X171.215 Y130.647 E320.79972
G1 X120.852 Y80.284 E324.22535
G1 X121.397 Y80.284 E324.25156
G1 X171.215 Y130.102 E327.64012
G1 X171.215 Y129.556 E327.66638
G1 X121.943 Y80.284 E331.0178
G1 X122.488 Y80.284 E331.04401
G1 X171.215 Y129.011 E334.35836
G1 X171.215 Y128.466 E334.38457
G1 X123.033 Y80.284 E337.66185
G1 X123.579 Y80.284 E337.68811
G1 X171.215 Y127.92 E340.92825
G1 X171.215 Y127.375 E340.95446
G1 X124.124 Y80.284 E344.15753
G1 X124.669 Y80.284 E344.18374
G1 X171.215 Y126.83 E347.34974
G1 X171.215 Y126.284 E347.376
G1 X125.215 Y80.284 E350.50486
G1 X125.76 Y80.284 E350.53107
G1 X171.215 Y125.739 E353.62286
G1 X171.215 Y125.194 E353.64907
G1 X126.305 Y80.284 E356.70379
G1 X126.851 Y80.284 E356.73005
G1 X171.215 Y124.648 E359.74763
G1 X171.215 Y124.103 E359.77384
G1 X127.396 Y80.284 E362.75435
G1 X127.941 Y80.284 E362.78056
G1 X171.215 Y123.557 E365.72397
G1 X171.215 Y123.012 E365.75018
G1 X128.487 Y80.284 E368.65649
G1 X129.032 Y80.284 E368.6827
G1 X171.215 Y122.467 E371.55194
G1 X171.215 Y121.921 E371.5782
G1 X129.577 Y80.284 E374.41033
G1 X130.123 Y80.284 E374.43659
G1 X171.215 Y121.376 E377.23162
G1 X171.215 Y120.831 E377.25783
G1 X130.668 Y80.284 E380.01579
G1 X131.213 Y80.284 E380.042
G1 X171.215 Y120.285 E382.76285
G1 X171.215 Y119.74 E382.78906
G1 X131.759 Y80.284 E385.47281
G1 X132.304 Y80.284 E385.49902
G1 X171.215 Y119.195 E388.1457
G1 X171.215 Y118.649 E388.17196
G1 X132.849 Y80.284 E390.78153
G1 X133.395 Y80.284 E390.80779
G1 X171.215 Y118.104 E393.38026
G1 X171.215 Y117.559 E393.40647
G1 X133.94 Y80.284 E395.94187
G1 X134.485 Y80.284 E395.96808
G1 X171.215 Y117.013 E398.46638
G1 X171.215 Y116.468 E398.49259
G1 X135.031 Y80.284 E400.95378
G1 X135.576 Y80.284 E400.97999
G1 X171.215 Y115.923 E403.40411
G1 X171.215 Y115.377 E403.43037
G1 X136.121 Y80.284 E405.81739
G1 X136.667 Y80.284 E405.84365
G1 X171.215 Y114.832 E408.19356
G1 X171.215 Y114.287 E408.21977
G1 X137.212 Y80.284 E410.53261
G1 X137.757 Y80.284 E410.55882
G1 X171.215 Y113.741 E412.83456
G1 X171.215 Y113.196 E412.86077
G1 X138.303 Y80.284 E415.0994
G1 X138.848 Y80.284 E415.12561
G1 X171.215 Y112.651 E417.32717
G1 X171.215 Y112.105 E417.35343
G1 X139.393 Y80.284 E419.51789
G1 X139.788 Y80.078 E419.53932
;WIDTH:0.404381
G1 X139.769 Y80.15 E419.54248
G1 X139.84 Y80.13 E419.54561
G1 X139.829 Y80.089 E419.54741
;WIDTH:0.45
G1 X139.939 Y80.284 E419.55818
G1 X171.215 Y111.56 E421.68553
G1 X171.215 Y111.015 E421.71174
G1 X140.421 Y80.221 E423.80631
G1 X140.781 Y80.036 E423.82578
G1 X171.215 Y110.469 E425.89583
G1 X171.215 Y109.924 E425.92204
G1 X141.051 Y79.761 E427.97372
G1 X141.23 Y79.394 E427.99336
G1 X171.215 Y109.378 E430.03287
G1 X171.215 Y108.833 E430.05908
G1 X141.285 Y78.904 E432.09485
G1 X141.151 Y78.736 E432.10519
;WIDTH:0.404381
G1 X141.162 Y78.777 E432.10699
G1 X141.091 Y78.796 E432.11011
G1 X141.11 Y78.725 E432.11323
;WIDTH:0.45
G1 X141.285 Y78.359 E432.13274
G1 X171.215 Y108.288 E434.16851
G1 X171.215 Y107.742 E434.19477
G1 X141.285 Y77.813 E436.23054
G1 X141.285 Y77.268 E436.25675
G1 X171.215 Y107.197 E438.29252
G1 X171.215 Y106.652 E438.31873
G1 X141.285 Y76.723 E440.3545
G1 X141.285 Y76.177 E440.38076
G1 X171.215 Y106.106 E442.41653
G1 X171.215 Y105.561 E442.44274
G1 X141.285 Y75.632 E444.47851
G1 X141.187 Y75.157 E444.50184
;WIDTH:0.404381
G1 X141.168 Y75.228 E444.50496
G1 X141.239 Y75.209 E444.50808
G1 X141.228 Y75.168 E444.50988
;WIDTH:0.45
G1 X141.484 Y75.285 E444.52342
G1 X171.215 Y105.016 E446.54569
G1 X171.215 Y104.47 E446.57195
G1 X142.03 Y75.285 E448.55708
G1 X142.575 Y75.285 E448.58329
G1 X171.215 Y103.925 E450.53135
G1 X171.215 Y103.38 E450.55756
G1 X143.12 Y75.285 E452.46855
G1 X143.666 Y75.285 E452.49481
G1 X171.215 Y102.834 E454.36866
G1 X171.215 Y102.289 E454.39487
G1 X144.211 Y75.285 E456.23165
G1 X144.756 Y75.285 E456.25786
G1 X171.215 Y101.744 E458.05757
G1 X171.215 Y101.198 E458.08383
G1 X145.302 Y75.285 E459.8464
G1 X145.847 Y75.285 E459.87261
G1 X171.215 Y100.653 E461.59811
G1 X171.215 Y100.108 E461.62432
G1 X146.392 Y75.285 E463.31275
G1 X146.938 Y75.285 E463.33901
G1 X171.215 Y99.562 E464.9903
G1 X171.215 Y99.017 E465.01651
G1 X147.483 Y75.285 E466.63073
G1 X148.029 Y75.285 E466.65699
G1 X171.215 Y98.472 E468.23411
G1 X171.215 Y97.926 E468.26037
G1 X148.574 Y75.285 E469.80038
G1 X149.119 Y75.285 E469.82659
G1 X171.215 Y97.381 E471.32953
G1 X171.215 Y96.835 E471.35579
G1 X149.665 Y75.285 E472.82159
G1 X150.21 Y75.285 E472.8478
G1 X171.215 Y96.29 E474.27653
G1 X171.215 Y95.745 E474.30274
G1 X150.755 Y75.285 E475.6944
G1 X151.301 Y75.285 E475.72066
G1 X171.215 Y95.199 E477.07519
G1 X171.215 Y94.654 E477.1014
G1 X151.846 Y75.285 E478.41886
G1 X152.391 Y75.285 E478.44507
G1 X171.215 Y94.109 E479.72546
G1 X171.215 Y93.563 E479.75172
G1 X152.937 Y75.285 E480.99497
G1 X153.482 Y75.285 E481.02118
G1 X171.215 Y93.018 E482.22736
G1 X171.215 Y92.473 E482.25357
G1 X154.027 Y75.285 E483.42268
G1 X154.573 Y75.285 E483.44894
G1 X171.215 Y91.927 E484.58091
G1 X171.215 Y91.382 E484.60712
G1 X155.118 Y75.285 E485.70202
G1 X155.663 Y75.285 E485.72823
G1 X171.215 Y90.837 E486.78606
G1 X171.215 Y90.291 E486.81232
G1 X156.209 Y75.285 E487.83301
G1 X156.754 Y75.285 E487.85922
G1 X171.215 Y89.746 E488.84284
G1 X171.215 Y89.201 E488.86905
G1 X157.299 Y75.285 E489.8156
G1 X157.845 Y75.285 E489.84186
G1 X171.215 Y88.655 E490.75127
G1 X171.215 Y88.11 E490.77748
G1 X158.39 Y75.285 E491.64982
G1 X158.935 Y75.285 E491.67603
G1 X171.215 Y87.565 E492.5113
G1 X171.215 Y87.019 E492.53756
G1 X159.481 Y75.285 E493.33569
G1 X160.026 Y75.285 E493.3619
G1 X171.215 Y86.474 E494.12296
G1 X171.215 Y85.929 E494.14917
G1 X160.571 Y75.285 E494.87316
G1 X161.117 Y75.285 E494.89942
G1 X171.215 Y85.383 E495.58627
G1 X171.215 Y84.838 E495.61248
G1 X161.662 Y75.285 E496.26226
G1 X162.208 Y75.285 E496.28852
G1 X171.215 Y84.292 E496.90116
G1 X171.215 Y83.747 E496.92737
G1 X162.753 Y75.285 E497.50294
G1 X163.298 Y75.285 E497.52915
G1 X171.215 Y83.202 E498.06765
G1 X171.215 Y82.656 E498.09391
G1 X163.844 Y75.285 E498.59528
G1 X164.389 Y75.285 E498.62149
G1 X171.215 Y82.111 E499.08579
G1 X171.215 Y81.566 E499.112
G1 X164.934 Y75.285 E499.53923
G1 X165.48 Y75.285 E499.56549
G1 X171.215 Y81.02 E499.95558
G1 X171.215 Y80.475 E499.98179
G1 X166.025 Y75.285 E500.33481
G1 X166.57 Y75.285 E500.36102
G1 X171.215 Y79.93 E500.67697
G1 X171.215 Y79.384 E500.70323
G1 X167.116 Y75.285 E500.98204
G1 X167.661 Y75.285 E501.00825
G1 X171.215 Y78.839 E501.24999
G1 X171.215 Y78.294 E501.2762
G1 X168.206 Y75.285 E501.48087
G1 X168.752 Y75.285 E501.50713
G1 X171.215 Y77.748 E501.67466
G1 X171.215 Y77.203 E501.70087
G1 X169.297 Y75.285 E501.83133
G1 X169.842 Y75.285 E501.85754
G1 X171.215 Y76.658 E501.95093
G1 X171.215 Y76.112 E501.97719
G1 X170.388 Y75.285 E502.03344
G1 X170.933 Y75.285 E502.05965
G1 X171.215 Y75.567 E502.07883
;LAYER_CHANGE
;Z:1.25
;HEIGHT:0.3
 ; After First Layer

G1 Z1.25 F7800
G1 E500.07883 F2400
G1 Z1.25 F7800
G1 X140.65 Y79.752
G1 E502.07883 F2400
;TYPE:Perimeter
G1 F3600
G1 X140.741 Y79.686 E502.08424
G1 X140.926 Y79.392 E502.10095
G1 X140.996 Y79.032 E502.11859
G1 X140.996 Y74.996 E502.31271
G1 X171.504 Y74.996 E503.78004
G1 X171.504 Y93.458 E504.668
G1 X171.504 Y145.004 E507.14718
G1 X48.496 Y145.004 E513.06344
G1 X48.496 Y74.996 E516.43058
G1 X79.004 Y74.996 E517.89791
G1 X79.014 Y79.174 E518.09886
G1 X79.111 Y79.474 E518.11402
G1 X79.322 Y79.748 E518.13065
G1 X79.621 Y79.932 E518.14754
G1 X79.968 Y79.996 E518.16451
G1 X140.08 Y79.995 E521.05569
G1 X140.439 Y79.906 E521.07348
G1 X140.602 Y79.787 E521.08319
G1 X140.602 Y79.787 F7800
G1 X140.415 Y79.449
G1 F3600
G1 X140.546 Y79.297 E521.09284
G1 X140.611 Y79.032 E521.10596
G1 X140.611 Y74.611 E521.31859
G1 X171.889 Y74.611 E522.82295
G1 X171.889 Y93.458 E523.72943
G1 X171.889 Y145.389 E526.22713
G1 X48.111 Y145.389 E532.18042
G1 X48.111 Y74.611 E535.5846
G1 X79.389 Y74.611 E537.08896
G1 X79.396 Y79.118 E537.30573
G1 X79.477 Y79.338 E537.31701
G1 X79.688 Y79.538 E537.33099
G1 X79.968 Y79.611 E537.34491
G1 X140.032 Y79.611 E540.23378
G1 X140.106 Y79.606 E540.23735
G1 X140.366 Y79.504 E540.25078
G1 X140.375 Y79.494 E540.25143
G1 X140.375 Y79.494 F7800
G1 X140.156 Y79.18
;TYPE:External perimeter
G1 F1800
G1 X140.225 Y79.032 E540.25928
G1 X140.225 Y74.225 E540.49048
G1 X172.275 Y74.225 E542.03197
G1 X172.275 Y93.458 E542.95701
G1 X172.275 Y145.775 E545.47328
G1 X47.725 Y145.775 E551.4637
G1 X47.725 Y74.225 E554.90501
G1 X79.775 Y74.225 E556.4465
G1 X79.775 Y79.032 E556.6777
G1 X79.819 Y79.155 E556.68398
G1 X79.968 Y79.225 E556.6919
G1 X140.032 Y79.225 E559.58077
G1 X140.099 Y79.201 E559.58419
G1 X140.218 Y78.819 F7800
G1 E557.58419 F2400
G92 E0
G1 X141.285 Y75.728 F7800
G1 E2 F2400
;TYPE:Solid infill
;WIDTH:0.450031
G1 F1200
G1 X141.285 Y79.026 E2.15864
G1 X141.229 Y79.391 E2.1764
;WIDTH:0.472981
G1 X141.029 Y79.771 E2.19828
G1 X140.772 Y80.041 E2.21728
;WIDTH:0.450029
G1 X140.45 Y80.209 E2.23475
G1 X140.083 Y80.284 E2.25277
G1 X79.945 Y80.285 E5.14542
G1 X79.483 Y80.175 E5.16826
;WIDTH:0.451175
G1 X79.088 Y79.925 E5.19081
G1 X78.808 Y79.506 E5.21512
;WIDTH:0.450431
G1 X78.715 Y79.024 E5.23876
;WIDTH:0.450031
G1 X78.715 Y76.104 E5.37921
G1 X78.715 Y76.104 F7800
G1 X78.329 Y75.765
;TYPE:Internal infill
;WIDTH:0.45
G1 F4800
G1 X78.329 Y75.602 E5.38705
G1 X78.715 Y75.705 E5.40626
G1 X78.715 Y75.285 E5.42646
G1 X77.383 Y75.285 E5.49052
G1 X58.883 Y144.329 E8.92844
G1 X59.509 Y144.329 E8.95855
G1 X59.516 Y144.486 E8.96611
G1 X170.829 Y114.66 E14.50874
G1 X170.829 Y113.567 E14.56131
G1 X137.931 Y80.67 E16.79896
G1 X135.824 Y80.67 E16.9003
G1 X118.767 Y144.329 E20.07008
G1 X116.453 Y144.329 E20.18138
G1 X116.453 Y144.329 F7800
G1 X115.45 Y144.715
;TYPE:Solid infill
;WIDTH:0.450027
G1 F1200
G1 X119.028 Y144.715 E20.35348
G1 E18.35348 F2400
G92 E0
G1 X119.028 Y144.715 F7800
G1 X121.811 Y144.329
G1 E2 F2400
;TYPE:Internal infill
;WIDTH:0.45
G1 F4800
G1 X120.771 Y144.329 E2.05002
G1 X120.727 Y144.664 E2.06627
G1 X120.915 Y144.715 E2.07564
G1 X120.174 Y144.715 E2.11128
G1 X50.745 Y75.285 E6.83379
G1 X49.592 Y75.285 E6.88925
G1 X49.171 Y75.398 E6.91022
G1 X49.171 Y77.712 E7.02152
G1 E5.02152 F2400
G92 E0
G1 X49.171 Y77.712 F7800
G1 X48.785 Y75.663
G1 E2 F2400
;TYPE:Solid infill
;WIDTH:0.450031
G1 F1200
G1 X48.785 Y80.78 E2.24613
G1 X48.785 Y80.78 F7800
G1 X48.785 Y81.495
G1 F1200
G1 X48.785 Y89.619 E2.6369
G1 X48.785 Y89.619 F7800
G1 X49.171 Y90.072
;TYPE:Internal infill
;WIDTH:0.45
G1 F4800
G1 X103.428 Y144.329 E6.3274
G1 X104.007 Y144.329 E6.35525
G1 X104.197 Y144.491 E6.36726
G1 X170.829 Y126.637 E9.68508
G1 X170.829 Y128.82 E9.79007
G1 X166.673 Y144.329 E10.56232
G1 X167.201 Y144.329 E10.58771
G1 X167.255 Y144.715 E10.60646
G1 X167.859 Y144.715 E10.63551
G1 X167.671 Y144.664 E10.64488
G1 X167.715 Y144.329 E10.66113
G1 X168.87 Y144.329 E10.71668
G1 X105.211 Y80.67 E15.04669
G1 X105.882 Y80.67 E15.07896
G1 X88.825 Y144.329 E18.24874
G1 X87.067 Y144.329 E18.33329
G1 X49.171 Y106.433 E20.91093
G1 X49.171 Y105.34 E20.9635
G1 X160.327 Y75.556 E26.49832
G1 X160.291 Y75.671 E26.50412
G1 X161.117 Y75.671 E26.54385
G1 X142.72 Y144.329 E29.96256
G1 X143.651 Y144.329 E30.00734
G1 X143.542 Y144.715 E30.02663
G1 X144.715 Y144.715 E30.08305
G1 X80.671 Y80.671 E34.43925
G1 X81.929 Y80.671 E34.49976
G1 X64.872 Y144.329 E37.6695
G1 X63.395 Y144.329 E37.74054
G1 X63.351 Y144.664 E37.75679
G1 X63.539 Y144.715 E37.76616
G1 X62.912 Y144.715 E37.79632
G1 X49.171 Y130.973 E38.731
G1 X49.171 Y129.293 E38.8118
G1 X170.829 Y96.695 E44.86954
G1 X170.829 Y97.207 E44.89417
G1 X149.293 Y75.671 E46.35902
G1 X149.14 Y75.671 E46.36638
G1 X130.743 Y144.329 E49.78509
G1 X129.465 Y144.329 E49.84656
G1 X129.42 Y144.664 E49.86282
G1 X129.608 Y144.715 E49.87219
G1 X128.354 Y144.715 E49.9325
G1 X59.311 Y75.671 E54.62876
G1 X49.171 Y113.529 E56.51378
G1 X49.171 Y114.613 E56.56592
G1 X79.273 Y144.715 E58.61342
G1 X77.585 Y144.715 E58.69461
G1 X77.703 Y144.329 E58.71402
G1 X76.848 Y144.329 E58.75514
G1 X93.905 Y80.67 E61.92492
G1 X91.592 Y80.671 E62.03617
G1 E60.03617 F2400
G92 E0
G1 X91.592 Y80.671 F7800
G1 X102.208 Y80.67
G1 E2 F2400
G1 F4800
G1 X99.894 Y80.67 E2.1113
G1 X82.837 Y144.329 E5.28108
G1 X82.837 Y144.329 F7800
G1 X82.415 Y144.715
;TYPE:Solid infill
;WIDTH:0.450025
G1 F1200
G1 X82.743 Y144.715 E5.29686
G1 X82.743 Y144.715 F7800
G1 X80.815 Y144.715
;TYPE:Internal infill
;WIDTH:0.45
G1 F4800
G1 X80.926 Y144.715 E5.3022
G1 X80.738 Y144.664 E5.31157
G1 X80.782 Y144.329 E5.32782
G1 X82.452 Y144.329 E5.40814
G1 X170.829 Y120.648 E9.80872
G1 X170.829 Y121.748 E9.86163
G1 X129.751 Y80.67 E12.65571
G1 X129.836 Y80.67 E12.6598
G1 X112.778 Y144.329 E15.8296
G1 X111.608 Y144.329 E15.88587
G1 X49.171 Y81.892 E20.13276
G1 X49.171 Y81.387 E20.15705
G1 X70.599 Y75.645 E21.22402
G1 X71.292 Y75.671 E21.25737
G1 X52.792 Y144.715 E24.69529
G1 X54.732 Y144.715 E24.7886
G1 X49.171 Y139.154 E25.16685
G1 X49.171 Y141.27 E25.26862
G1 X170.829 Y108.672 E31.32636
G1 X170.829 Y110.986 E31.43766
G1 E29.43766 F2400
G92 E0
G1 X170.829 Y110.986 F7800
G1 X171.215 Y113.886
G1 E2 F2400
;TYPE:Solid infill
;WIDTH:0.450029
G1 F1200
G1 X171.215 Y114.557 E2.03228
G1 X171.215 Y114.557 F7800
G1 X171.215 Y115.291
;WIDTH:0.450027
G1 F1200
G1 X171.215 Y121.706 E2.34084
G1 X171.144 Y121.922 E2.35178
G1 X171.215 Y122.137 E2.36267
G1 X171.215 Y128.301 E2.65916
G1 X171.215 Y128.301 F7800
G1 X170.829 Y129.928
;TYPE:Internal infill
;WIDTH:0.45
G1 F4800
G1 X121.571 Y80.67 E6.00963
G1 X123.847 Y80.67 E6.1191
G1 X106.687 Y144.715 E9.3081
G1 X108.744 Y144.715 E9.40703
G1 X108.556 Y144.664 E9.4164
G1 X108.564 Y144.603 E9.41936
G1 X108.564 Y144.603 F7800
G1 X110.234 Y144.715
;TYPE:Solid infill
;WIDTH:0.450029
G1 F1200
G1 X112.969 Y144.715 E9.55091
G1 E7.55091 F2400
G92 E0
G1 X112.969 Y144.715 F7800
G1 X122.405 Y144.715
G1 E2 F2400
G1 F1200
G1 X125.025 Y144.715 E2.12602
G1 E.12602 F2400
G92 E0
G1 X125.025 Y144.715 F7800
G1 X134.575 Y144.715
G1 E2 F2400
;WIDTH:0.450027
G1 F1200
G1 X136.246 Y144.715 E2.08037
G1 E.08037 F2400
G92 E0
G1 X136.246 Y144.715 F7800
G1 X139.791 Y144.715
G1 E2 F2400
G1 F1200
G1 X143.141 Y144.715 E2.16113
G1 E.16113 F2400
G92 E0
G1 X143.141 Y144.715 F7800
G1 X146.746 Y144.715
G1 E2 F2400
G1 F1200
G1 X149.161 Y144.715 E2.11616
G1 E.11616 F2400
G92 E0
G1 X149.161 Y144.715 F7800
G1 X155.439 Y144.715
G1 E2 F2400
;WIDTH:0.450029
G1 F1200
G1 X160.765 Y144.715 E2.25618
G1 E.25618 F2400
G92 E0
G1 X160.765 Y144.715 F7800
G1 X164.133 Y144.715
G1 E2 F2400
G1 F1200
G1 X166.866 Y144.715 E2.13146
G1 E.13146 F2400
G92 E0
G1 X166.866 Y144.715 F7800
G1 X169.349 Y144.715
G1 E2 F2400
G1 F1200
G1 X171.022 Y144.715 E2.08047
;WIDTH:0.483113
G1 X171.102 Y144.698 E2.08474
;WIDTH:0.516197
G1 X171.181 Y144.681 E2.08929
G1 X171.198 Y144.602 E2.09384
;WIDTH:0.483114
G1 X171.215 Y144.522 E2.09811
;WIDTH:0.450031
G1 X171.215 Y138.861 E2.37041
G1 X171.107 Y138.209 E2.4022
G1 X171.215 Y137.958 E2.41534
G1 X171.215 Y130.189 E2.78903
G1 E.78903 F2400
G92 E0
G1 X171.215 Y130.189 F7800
G1 X170.829 Y134.939
G1 E2 F2400
;TYPE:Internal infill
;WIDTH:0.45
G1 F4800
G1 X170.829 Y132.625 E2.1113
G1 X127.15 Y144.329 E4.28622
G1 X126.212 Y144.329 E4.33133
G1 X126.207 Y144.581 E4.34345
G1 X125.711 Y144.715 E4.36816
G1 X125.45 Y144.715 E4.38071
G1 X125.272 Y144.329 E4.40115
G1 X124.755 Y144.329 E4.42602
G1 X143.152 Y75.671 E7.84473
G1 X142.569 Y75.671 E7.87277
G1 X142.237 Y75.285 E7.89726
G1 X141.285 Y75.285 E7.94305
G1 X141.285 Y75.342 E7.94579
G1 X141.671 Y75.358 E7.96437
G1 X141.671 Y76.229 E8.00626
G1 X170.829 Y105.387 E9.98955
G1 X170.829 Y106.471 E10.04169
G1 X160.689 Y144.329 E11.92671
G1 X97.031 Y80.67 E16.25669
G1 X96.541 Y80.67 E16.28026
G1 X49.171 Y93.363 E18.63897
G1 X49.171 Y91.18 E18.74396
G1 X53.327 Y75.671 E19.51621
G1 X55.64 Y75.671 E19.62746
G1 E17.62746 F2400
G92 E0
G1 X55.64 Y75.671 F7800
G1 X53.025 Y75.285
G1 E2 F2400
;TYPE:Solid infill
;WIDTH:0.450031
G1 F1200
G1 X56.533 Y75.285 E2.16874
G1 E.16874 F2400
G92 E0
G1 X56.533 Y75.285 F7800
G1 X59.08 Y75.285
G1 E2 F2400
G1 F1200
G1 X61.749 Y75.285 E2.12838
G1 E.12838 F2400
G92 E0
G1 X61.749 Y75.285 F7800
G1 X65.192 Y75.285
G1 E2 F2400
G1 F1200
G1 X66.965 Y75.285 E2.08528
G1 E.08528 F2400
G92 E0
G1 X66.965 Y75.285 F7800
G1 X71.124 Y75.285
G1 E2 F2400
G1 F1200
G1 X72.181 Y75.285 E2.05084
G1 X72.181 Y75.285 F7800
G1 X73.648 Y75.671
;TYPE:Internal infill
;WIDTH:0.45
G1 F4800
G1 X73.814 Y75.671 E2.05882
G1 X73.858 Y75.336 E2.07507
G1 X73.671 Y75.285 E2.08439
G1 X75.285 Y75.285 E2.16202
G1 X78.329 Y78.329 E2.36907
G1 X78.329 Y79.05 E2.40375
G1 X78.415 Y79.539 E2.42763
G1 X49.171 Y87.375 E3.88378
G1 X49.171 Y85.061 E3.99508
G1 E1.99508 F2400
G92 E0
G1 X49.171 Y85.061 F7800
G1 X48.785 Y91.565
G1 E2 F2400
;TYPE:Solid infill
;WIDTH:0.449999
G1 F1200
G1 X48.785 Y93.012 E2.0696
G1 X48.867 Y93.267 E2.08248
G1 X48.785 Y93.473 E2.09314
G1 X48.785 Y106.046 E2.69786
G1 X48.875 Y106.316 E2.71155
G1 X48.785 Y106.529 E2.72267
G1 X48.785 Y111.982 E2.98494
G1 X48.785 Y111.982 F7800
G1 X48.785 Y113.924
;WIDTH:0.450023
G1 F1200
G1 X48.785 Y114.31 E3.00351
G1 X48.785 Y114.31 F7800
G1 X48.785 Y115.053
;WIDTH:0.450033
G1 F1200
G1 X48.785 Y122.406 E3.35719
G1 X48.785 Y122.406 F7800
G1 X48.785 Y123.416
G1 F1200
G1 X48.785 Y128.823 E3.61727
G1 X48.921 Y129.169 E3.63515
G1 X48.785 Y129.414 E3.64863
G1 X48.785 Y134.345 E3.88581
G1 X48.785 Y134.345 F7800
G1 X49.171 Y135.282
;TYPE:Internal infill
;WIDTH:0.45
G1 F4800
G1 X170.829 Y102.683 E9.94357
G1 X170.829 Y100.37 E10.05482
G1 E8.05482 F2400
G92 E0
G1 X170.829 Y100.37 F7800
G1 X171.215 Y107.826
G1 E2 F2400
;TYPE:Solid infill
;WIDTH:0.450029
G1 F1200
G1 X171.215 Y113.168 E2.25695
G1 E.25695 F2400
G92 E0
G1 X171.215 Y113.168 F7800
G1 X171.215 Y85.463
G1 E2 F2400
;WIDTH:0.450027
G1 F1200
G1 X171.215 Y96.648 E2.538
G1 X171.215 Y96.648 F7800
G1 X171.215 Y97.554
;WIDTH:0.450009
G1 F1200
G1 X171.215 Y102.569 E2.77921
G1 X171.119 Y102.804 E2.79142
G1 X171.215 Y103.069 E2.80498
G1 X171.215 Y105.469 E2.92041
G1 X171.182 Y105.643 E2.92893
G1 X171.215 Y105.768 E2.93515
G1 X171.215 Y106.306 E2.96103
G1 E.96103 F2400
G92 E0
G1 X171.215 Y106.306 F7800
G1 X170.829 Y84.718
G1 E2 F2400
;TYPE:Internal infill
;WIDTH:0.45
G1 F4800
G1 X49.171 Y117.317 E8.05776
G1 X49.171 Y119.63 E8.16901
G1 E6.16901 F2400
G92 E0
G1 X49.171 Y119.63 F7800
G1 X49.171 Y109.014
G1 E2 F2400
G1 F4800
G1 X49.171 Y111.328 E2.1113
G1 X170.829 Y78.73 E8.16904
G1 X170.829 Y80.846 E8.27081
G1 X165.268 Y75.285 E8.64906
G1 X166.595 Y75.285 E8.71288
G1 X166.491 Y75.671 E8.73211
G1 X167.105 Y75.671 E8.76164
G1 X148.708 Y144.329 E12.18035
G1 X149.36 Y144.366 E12.21176
G1 X170.829 Y138.613 E13.28078
G1 X170.829 Y138.108 E13.30507
G1 X113.391 Y80.67 E17.21194
G1 X111.871 Y80.67 E17.28505
G1 X94.813 Y144.329 E20.45485
G1 X95.248 Y144.329 E20.47577
G1 X49.171 Y98.252 E23.60987
G1 X49.171 Y99.352 E23.66278
G1 X118.891 Y80.67 E27.13437
G1 X121.205 Y80.67 E27.24567
G1 E25.24567 F2400
G92 E0
G1 X117.859 Y80.67 F7800
G1 E2 F2400
G1 F4800
G1 X100.802 Y144.329 E5.16978
G1 X98.488 Y144.329 E5.28108
G1 X98.488 Y144.329 F7800
G1 X98.063 Y144.715
;TYPE:Solid infill
;WIDTH:0.450029
G1 F1200
G1 X103.865 Y144.715 E5.56016
G1 E3.56016 F2400
G92 E0
G1 X103.865 Y144.715 F7800
G1 X92.847 Y144.715
G1 E2 F2400
;WIDTH:0.450025
G1 F1200
G1 X95.732 Y144.715 E2.13877
G1 E.13877 F2400
G92 E0
G1 X95.732 Y144.715 F7800
G1 X85.893 Y144.715
G1 E2 F2400
;WIDTH:0.450027
G1 F1200
G1 X89.244 Y144.715 E2.16118
G1 E.16118 F2400
G92 E0
G1 X89.244 Y144.715 F7800
G1 X73.722 Y144.715
G1 E2 F2400
G1 F1200
G1 X77.182 Y144.715 E2.16643
G1 E.16643 F2400
G92 E0
G1 X77.182 Y144.715 F7800
G1 X68.506 Y144.715
G1 E2 F2400
;WIDTH:0.450029
G1 F1200
G1 X71.052 Y144.715 E2.12246
G1 E.12246 F2400
G92 E0
G1 X71.052 Y144.715 F7800
G1 X58.074 Y144.715
G1 E2 F2400
;WIDTH:0.449995
G1 F1200
G1 X59.073 Y144.715 E2.04805
G1 E.04805 F2400
G92 E0
G1 X59.073 Y144.715 F7800
G1 X49.171 Y138.191
G1 E2 F2400
;TYPE:Internal infill
;WIDTH:0.45
G1 F4800
G1 X49.171 Y135.878 E2.11125
G1 X65.303 Y75.671 E5.10915
G1 X67.491 Y75.671 E5.21439
G1 X136.149 Y144.329 E9.88443
G1 X136.732 Y144.329 E9.91247
G1 X155.232 Y75.285 E13.35039
G1 X157.088 Y75.285 E13.43966
G1 X170.829 Y89.027 E14.37434
G1 X170.829 Y90.707 E14.45514
G1 X49.171 Y123.305 E20.51288
G1 X49.171 Y122.793 E20.53751
G1 X70.707 Y144.329 E22.00236
G1 X70.86 Y144.329 E22.00972
G1 X87.917 Y80.671 E25.17946
G1 X88.851 Y80.671 E25.22438
G1 X152.895 Y144.715 E29.58058
G1 X153.95 Y144.715 E29.63132
G1 X153.762 Y144.664 E29.64069
G1 X153.806 Y144.329 E29.65694
G1 X154.697 Y144.329 E29.69979
G1 X170.829 Y84.122 E32.69769
G1 X170.829 Y81.809 E32.80894
G1 E30.80894 F2400
G92 E0
G1 X170.829 Y81.809 F7800
G1 X171.215 Y76.664
G1 E2 F2400
;TYPE:Solid infill
;WIDTH:0.450027
G1 F1200
G1 X171.215 Y80.623 E2.19043
G1 X171.078 Y80.879 E2.2044
G1 X171.215 Y81.216 E2.2219
G1 X171.215 Y83.946 E2.35321
G1 E.35321 F2400
G92 E0
G1 X171.215 Y83.946 F7800
G1 X160.818 Y75.285
G1 E2 F2400
;WIDTH:0.450029
G1 F1200
G1 X162.591 Y75.285 E2.08528
G1 E.08528 F2400
G92 E0
G1 X162.591 Y75.285 F7800
G1 X148.761 Y75.285
G1 E2 F2400
G1 F1200
G1 X152.159 Y75.285 E2.16344
G1 E.16344 F2400
G92 E0
G1 X152.159 Y75.285 F7800
G1 X142.746 Y75.285
G1 E2 F2400
;WIDTH:0.450031
G1 F1200
G1 X145.205 Y75.285 E2.11828
G1 E.11828 F2400
G92 E0
G1 X145.205 Y75.285 F7800
G1 X48.785 Y136.283
G1 E2 F2400
;WIDTH:0.450027
G1 F1200
G1 X48.785 Y143.39 E2.34185
;LAYER_CHANGE
;Z:1.55
;HEIGHT:0.3
 ; After First Layer

G1 Z1.55 F7800
G1 E.34185 F2400
G1 Z1.55 F7800
G1 X140.65 Y79.752
G1 E2.34185 F2400
;TYPE:Perimeter
;WIDTH:0.45
G1 F3600
G1 X140.741 Y79.686 E2.34726
G1 X140.926 Y79.392 E2.36397
G1 X140.996 Y79.032 E2.38161
G1 X140.996 Y74.996 E2.57573
G1 X171.504 Y74.996 E4.04306
G1 X171.504 Y93.458 E4.93102
G1 X171.504 Y145.004 E7.4102
G1 X48.496 Y145.004 E13.32646
G1 X48.496 Y74.996 E16.6936
G1 X79.004 Y74.996 E18.16093
G1 X79.014 Y79.174 E18.36188
G1 X79.111 Y79.474 E18.37704
G1 X79.322 Y79.748 E18.39367
G1 X79.621 Y79.932 E18.41056
G1 X79.968 Y79.996 E18.42753
G1 X140.08 Y79.995 E21.31871
G1 X140.439 Y79.906 E21.3365
G1 X140.602 Y79.787 E21.34621
G1 X140.602 Y79.787 F7800
G1 X140.415 Y79.449
G1 F3600
G1 X140.546 Y79.297 E21.35586
G1 X140.611 Y79.032 E21.36898
G1 X140.611 Y74.611 E21.58161
G1 X171.889 Y74.611 E23.08597
G1 X171.889 Y93.458 E23.99245
G1 X171.889 Y145.389 E26.49015
G1 X48.111 Y145.389 E32.44344
G1 X48.111 Y74.611 E35.84762
G1 X79.389 Y74.611 E37.35198
G1 X79.396 Y79.118 E37.56875
G1 X79.477 Y79.338 E37.58003
G1 X79.688 Y79.538 E37.59401
G1 X79.968 Y79.611 E37.60793
G1 X140.032 Y79.611 E40.4968
G1 X140.106 Y79.606 E40.50037
G1 X140.366 Y79.504 E40.5138
G1 X140.375 Y79.494 E40.51445
G1 X140.375 Y79.494 F7800
G1 X140.156 Y79.18
;TYPE:External perimeter
G1 F1800
G1 X140.225 Y79.032 E40.5223
G1 X140.225 Y74.225 E40.7535
G1 X172.275 Y74.225 E42.29499
G1 X172.275 Y93.458 E43.22003
G1 X172.275 Y145.775 E45.7363
G1 X47.725 Y145.775 E51.72672
G1 X47.725 Y74.225 E55.16803
G1 X79.775 Y74.225 E56.70952
G1 X79.775 Y79.032 E56.94072
G1 X79.819 Y79.155 E56.947
G1 X79.968 Y79.225 E56.95492
G1 X140.032 Y79.225 E59.84379
G1 X140.099 Y79.201 E59.84721
G1 X140.218 Y78.819 F7800
G1 E57.84721 F2400
G92 E0
G1 X154.232 Y75.285 F7800
G1 E2 F2400
;TYPE:Internal infill
;WIDTH:0.45
G1 F4800
G1 X153.649 Y75.285 E2.02804
G1 X154.553 Y75.528 E2.07306
G1 X154.603 Y75.341 E2.08237
G1 X155.203 Y75.391 E2.11133
G1 X155.232 Y75.285 E2.11662
G1 X157.088 Y75.285 E2.20589
G1 X157.366 Y75.564 E2.22483
G1 X159.68 Y75.541 E2.33613
G1 E.33613 F2400
G92 E0
G1 X159.68 Y75.541 F7800
G1 X165.268 Y75.285
G1 E2 F2400
G1 F4800
G1 X165.356 Y75.373 E2.00599
G1 E.00599 F2400
G92 E0
G1 X165.356 Y75.373 F7800
G1 X152.843 Y144.663
G1 E2 F2400
G1 F4800
G1 X152.895 Y144.715 E2.00354
G1 E.00354 F2400
G92 E0
G1 X152.895 Y144.715 F7800
G1 X144.715 Y144.715
G1 E2 F2400
G1 F4800
G1 X144.516 Y144.516 E2.01354
G1 E.01354 F2400
G92 E0
G1 X144.516 Y144.516 F7800
G1 X128.354 Y144.715
G1 E2 F2400
G1 F4800
G1 X128.116 Y144.477 E2.01619
G1 E.01619 F2400
G92 E0
G1 X128.116 Y144.477 F7800
G1 X120.174 Y144.715
G1 E2 F2400
G1 F4800
G1 X119.903 Y144.443 E2.01847
G1 E.01847 F2400
G92 E0
G1 X119.903 Y144.443 F7800
G1 X106.736 Y144.531
G1 E2 F2400
G1 F4800
G1 X106.687 Y144.715 E2.00916
G1 E.00916 F2400
G92 E0
G1 X106.687 Y144.715 F7800
G1 X79.273 Y144.715
G1 E2 F2400
G1 F4800
G1 X79.009 Y144.45 E2.01799
G1 E.01799 F2400
G92 E0
G1 X79.009 Y144.45 F7800
G1 X62.912 Y144.715
G1 E2 F2400
G1 F4800
G1 X62.683 Y144.485 E2.01561
G1 E.01561 F2400
G92 E0
G1 X62.683 Y144.485 F7800
G1 X56.138 Y144.595
G1 E2 F2400
G1 F4800
G1 X56.584 Y144.715 E2.02221
G1 X54.732 Y144.715 E2.11128
G1 X54.408 Y144.39 E2.13335
G1 X52.825 Y144.591 E2.2101
G1 X52.792 Y144.715 E2.21627
G1 X54.539 Y144.715 E2.30029
G1 E.30029 F2400
G92 E0
G1 X54.539 Y144.715 F7800
G1 X48.615 Y143.311
G1 E2 F2400
;TYPE:Bridge infill
;WIDTH:0.401051
;HEIGHT:0.4
G1 F3600
G1 X52.425 Y144.332 E2.20716
G1 X52.488 Y144.213 E2.21423
G1 X53.327 Y144.106 E2.25865
G1 X48.818 Y142.898 E2.50381
G1 X48.818 Y142.431 E2.52834
G1 X54.328 Y143.908 E2.82794
G1 X54.385 Y143.693 E2.83962
G1 X58.078 Y144.682 E3.04041
G1 X58.962 Y144.682 E3.08684
G1 X48.818 Y141.964 E3.63839
G1 X48.818 Y141.497 E3.66292
G1 X59.278 Y144.3 E4.23166
G1 X60.568 Y144.179 E4.29971
G1 X48.818 Y141.03 E4.9386
G1 X48.818 Y140.563 E4.96313
G1 X61.268 Y143.899 E5.64007
G1 X61.325 Y143.689 E5.6515
G1 X64.963 Y144.664 E5.84931
G1 X65.023 Y144.439 E5.86154
G1 X48.818 Y140.096 E6.74266
G1 X48.818 Y139.629 E6.76719
G1 X65.14 Y144.003 E7.65467
G1 X65.196 Y143.794 E7.66603
G1 X68.51 Y144.682 E7.84622
G1 X69.419 Y144.682 E7.89396
G1 X48.818 Y139.162 E9.01409
G1 X48.818 Y138.695 E9.03862
G1 X70.957 Y144.628 E10.24238
G1 X70.588 Y144.062 E10.27787
G1 X48.818 Y138.228 E11.46157
G1 X48.818 Y137.761 E11.4861
G1 X74.647 Y144.682 E12.89049
G1 X76.389 Y144.682 E12.98198
G1 X48.818 Y137.295 E14.48108
G1 X48.818 Y136.828 E14.50561
G1 X77.232 Y144.441 E16.05054
G1 X77.362 Y144.014 E16.07398
G1 X77.383 Y144.015 E16.07508
G1 X48.818 Y136.361 E17.62823
G1 X48.818 Y136.3 E17.63143
G1 X48.89 Y136.25 E17.63603
G1 X48.974 Y135.936 E17.6531
G1 X78.945 Y143.966 E19.28269
G1 X78.999 Y143.766 E19.29357
G1 X82.42 Y144.682 E19.47957
G1 X82.718 Y144.682 E19.49522
G1 X82.761 Y144.522 E19.50392
G1 X49.091 Y135.5 E21.33464
G1 X49.208 Y135.064 E21.35835
G1 X82.878 Y144.086 E23.18907
G1 X82.931 Y143.888 E23.19984
G1 X85.897 Y144.682 E23.3611
G1 X86.846 Y144.682 E23.41094
G1 X49.111 Y134.571 E25.46269
G1 X48.818 Y134.33 E25.48262
G1 X48.818 Y134.026 E25.49859
G1 X88.589 Y144.682 E27.66103
G1 X89.22 Y144.682 E27.69417
G1 X89.298 Y144.406 E27.70923
G1 X48.818 Y133.559 E29.91023
G1 X48.818 Y133.092 E29.93476
G1 X89.422 Y143.972 E32.1425
G1 X89.477 Y143.778 E32.15309
G1 X92.852 Y144.682 E32.33659
G1 X93.817 Y144.682 E32.38727
G1 X48.818 Y132.625 E34.83397
G1 X48.818 Y132.158 E34.8585
G1 X95.559 Y144.682 E37.39992
G1 X95.714 Y144.682 E37.40806
G1 X95.931 Y144.315 E37.43045
G1 X48.818 Y131.691 E39.9921
G1 X48.818 Y131.354 E40.0098
G1 X49.033 Y131.282 E40.02171
G1 X99.045 Y144.682 E42.74098
G1 X100.788 Y144.682 E42.83252
G1 X49.037 Y130.816 E45.64634
G1 X48.818 Y130.625 E45.6616
G1 X48.818 Y130.29 E45.67919
G1 X102.53 Y144.682 E48.59964
G1 X103.778 Y144.682 E48.66518
G1 X103.551 Y144.489 E48.68083
G1 X48.818 Y129.823 E51.6568
G1 X48.818 Y129.435 E51.67718
G1 X48.928 Y129.386 E51.6835
G1 X103.872 Y144.108 E54.67094
G1 X105.662 Y144.121 E54.76495
G1 X48.93 Y128.919 E57.84962
G1 X48.818 Y128.81 E57.85783
G1 X48.818 Y128.422 E57.87821
G1 X107.052 Y144.026 E61.04454
G1 X107.102 Y143.842 E61.05455
G1 X110.238 Y144.682 E61.22506
G1 X111.244 Y144.682 E61.27789
G1 X48.818 Y127.955 E64.67215
G1 X48.818 Y127.488 E64.69668
G1 X112.931 Y144.667 E68.18266
G1 X112.866 Y144.183 E68.20831
G1 X48.818 Y127.021 E71.69077
G1 X48.818 Y126.554 E71.7153
G1 X116.472 Y144.682 E75.39382
G1 X118.215 Y144.682 E75.48536
G1 X48.818 Y126.087 E79.25865
G1 X48.818 Y125.62 E79.28318
G1 X119.083 Y144.448 E83.10367
G1 X119.226 Y144.019 E83.12742
G1 X48.818 Y125.154 E86.95567
G1 X48.818 Y124.687 E86.9802
G1 X123.443 Y144.682 E91.03774
G1 X124.975 Y144.682 E91.1182
G1 X124.945 Y144.618 E91.12191
G1 X48.818 Y124.22 E95.26112
G1 X48.818 Y123.753 E95.28565
G1 X125.359 Y144.262 E99.44737
G1 X127.088 Y144.32 E99.53823
G1 X127.203 Y144.289 E99.54449
G1 X49.076 Y123.355 E103.79245
G1 X49.316 Y123.277 E103.8057
G1 X49.112 Y122.897 E103.82835
G1 X127.837 Y143.992 E108.10883
G1 X127.883 Y143.82 E108.11818
G1 X130.848 Y144.614 E108.27939
G1 X130.919 Y144.351 E108.2937
G1 X48.818 Y122.352 E112.75774
G1 X48.818 Y121.885 E112.78227
G1 X131.035 Y143.915 E117.25261
G1 X131.081 Y143.745 E117.26186
G1 X134.58 Y144.682 E117.4521
G1 X135.642 Y144.682 E117.50788
G1 X48.818 Y121.418 E122.22871
G1 X48.818 Y120.951 E122.25324
G1 X136.307 Y144.394 E127.01024
G1 X136.435 Y143.961 E127.03395
G1 X48.818 Y120.484 E131.79791
G1 X48.818 Y120.017 E131.82244
G1 X140.87 Y144.682 E136.82753
G1 X142.613 Y144.682 E136.91907
G1 X48.818 Y119.55 E142.01893
G1 X48.818 Y119.083 E142.04346
G1 X143.204 Y144.374 E147.17547
G1 X143.327 Y143.94 E147.19916
G1 X48.818 Y118.616 E152.33786
G1 X48.818 Y118.149 E152.36239
G1 X147.841 Y144.682 E157.74652
G1 X149.085 Y144.682 E157.81185
G1 X148.911 Y144.502 E157.825
G1 X48.818 Y117.682 E163.26731
G1 X48.818 Y117.215 E163.29184
G1 X149.308 Y144.141 E168.75573
G1 X150.46 Y144.053 E168.81641
G1 X150.831 Y144.083 E168.83596
G1 X48.818 Y116.748 E174.38267
G1 X48.818 Y116.281 E174.4072
G1 X152.797 Y144.143 E180.06081
G1 X152.84 Y143.985 E180.06941
G1 X155.444 Y144.682 E180.21099
G1 X156.555 Y144.682 E180.26934
G1 X48.818 Y115.814 E186.12727
G1 X48.818 Y115.347 E186.1518
G1 X158.298 Y144.682 E192.1045
G1 X160.04 Y144.682 E192.19599
G1 X49.176 Y114.976 E198.22394
G1 X49.529 Y114.877 E198.24319
G1 X49.034 Y114.471 E198.27681
G1 X160.828 Y144.426 E204.35533
G1 X160.972 Y143.998 E204.37905
G1 X48.818 Y113.946 E210.47715
G1 X48.893 Y113.889 E210.4821
G1 X48.991 Y113.526 E210.50185
G1 X165.269 Y144.682 E216.82417
G1 X166.829 Y144.682 E216.9061
G1 X166.822 Y144.632 E216.90875
G1 X49.107 Y113.09 E223.30921
G1 X49.224 Y112.654 E223.33292
G1 X166.754 Y144.147 E229.72333
G1 X166.731 Y143.98 E229.73218
G1 X169.353 Y144.682 E229.87474
G1 X170.497 Y144.682 E229.93482
G1 X49.02 Y112.133 E236.53982
G1 X48.818 Y111.967 E236.55355
G1 X48.818 Y111.612 E236.57219
G1 X171.182 Y144.399 E243.22542
G1 X171.182 Y143.932 E243.24995
G1 X48.818 Y111.145 E249.90318
G1 X48.818 Y110.678 E249.92771
G1 X171.182 Y143.465 E256.58094
G1 X171.182 Y142.998 E256.60547
G1 X48.818 Y110.211 E263.2587
G1 X48.818 Y109.744 E263.28323
G1 X171.182 Y142.531 E269.93646
G1 X171.182 Y142.064 E269.96099
G1 X48.818 Y109.277 E276.61422
G1 X48.818 Y108.81 E276.63875
G1 X171.182 Y141.597 E283.29198
G1 X171.182 Y141.13 E283.31651
G1 X48.818 Y108.343 E289.96974
G1 X48.818 Y107.876 E289.99427
G1 X171.182 Y140.663 E296.6475
G1 X171.182 Y140.196 E296.67203
G1 X48.818 Y107.409 E303.32526
G1 X48.818 Y106.942 E303.34979
G1 X171.182 Y139.729 E310.00302
G1 X171.182 Y139.263 E310.02749
G1 X48.907 Y106.499 E316.67589
G1 X49.13 Y106.375 E316.68929
G1 X48.818 Y106.033 E316.7136
G1 X48.818 Y106.008 E316.71491
G1 X171.114 Y138.777 E323.36445
G1 X170.981 Y138.275 E323.39172
G1 X48.818 Y105.541 E330.03404
G1 X48.818 Y105.074 E330.05857
G1 X171.182 Y137.862 E336.71182
G1 X171.182 Y137.395 E336.73635
G1 X48.818 Y104.607 E343.3896
G1 X48.818 Y104.14 E343.41413
G1 X171.182 Y136.928 E350.06738
G1 X171.182 Y136.461 E350.09191
G1 X48.818 Y103.673 E356.74516
G1 X48.818 Y103.206 E356.76969
G1 X171.182 Y135.994 E363.42294
G1 X171.182 Y135.527 E363.44747
G1 X48.818 Y102.739 E370.10072
G1 X48.818 Y102.272 E370.12525
G1 X171.182 Y135.06 E376.7785
G1 X171.182 Y134.593 E376.80303
G1 X48.818 Y101.805 E383.45628
G1 X48.818 Y101.338 E383.48081
G1 X171.182 Y134.126 E390.13406
G1 X171.182 Y133.659 E390.15859
G1 X48.818 Y100.871 E396.81184
G1 X48.818 Y100.405 E396.83631
G1 X171.182 Y133.192 E403.48954
G1 X171.182 Y132.725 E403.51407
G1 X48.818 Y99.938 E410.1673
G1 X48.818 Y99.471 E410.19183
G1 X171.182 Y132.258 E416.84506
G1 X171.182 Y131.791 E416.86959
G1 X48.818 Y99.004 E423.52282
G1 X48.818 Y98.537 E423.54735
G1 X171.182 Y131.324 E430.20058
G1 X171.182 Y130.857 E430.22511
G1 X48.818 Y98.07 E436.87834
G1 X48.818 Y97.603 E436.90287
G1 X171.182 Y130.39 E443.5561
G1 X171.182 Y130.204 E443.56587
G1 X170.74 Y129.827 E443.59638
G1 X170.746 Y129.806 E443.59753
G1 X48.818 Y97.136 E450.22705
G1 X48.818 Y96.669 E450.25158
G1 X170.863 Y129.371 E456.88747
G1 X170.979 Y128.935 E456.91117
G1 X48.818 Y96.202 E463.55337
G1 X48.818 Y95.735 E463.5779
G1 X171.096 Y128.499 E470.22646
G1 X171.146 Y128.312 E470.23663
G1 X171.182 Y128.284 E470.23903
G1 X171.182 Y128.055 E470.25106
G1 X48.818 Y95.268 E476.90429
G1 X48.818 Y94.801 E476.92882
G1 X171.182 Y127.588 E483.58205
G1 X171.182 Y127.122 E483.60652
G1 X48.818 Y94.334 E490.25977
G1 X48.818 Y93.867 E490.2843
G1 X171.182 Y126.655 E496.93755
G1 X171.182 Y126.188 E496.96208
G1 X48.926 Y93.429 E503.60945
G1 X49.108 Y93.323 E503.62051
G1 X48.818 Y93 E503.64331
G1 X48.818 Y92.933 E503.64683
G1 X171.182 Y125.721 E510.30008
G1 X171.182 Y125.254 E510.32461
G1 X48.818 Y92.466 E516.97786
G1 X48.818 Y91.999 E517.00239
G1 X171.182 Y124.787 E523.65564
G1 X171.182 Y124.32 E523.68017
G1 X48.87 Y91.546 E530.33059
G1 X48.896 Y91.529 E530.33222
G1 X49.007 Y91.116 E530.35468
G1 X171.182 Y123.853 E536.99764
G1 X171.182 Y123.386 E537.02217
G1 X49.124 Y90.68 E543.65878
G1 X49.241 Y90.245 E543.68244
G1 X171.182 Y122.919 E550.31268
G1 X171.182 Y122.452 E550.33721
G1 X48.928 Y89.694 E556.98447
G1 X48.818 Y89.604 E556.99193
G1 X48.818 Y89.197 E557.01331
G1 X170.997 Y121.935 E563.65649
G1 X170.921 Y121.848 E563.66256
G1 X171.182 Y121.688 E563.67864
G1 X171.182 Y121.518 E563.68757
G1 X48.818 Y88.73 E570.34082
G1 X48.818 Y88.263 E570.36535
G1 X171.182 Y121.051 E577.0186
G1 X171.182 Y120.584 E577.04313
G1 X48.818 Y87.797 E583.69636
G1 X48.818 Y87.517 E583.71107
G1 X49.089 Y87.402 E583.72653
G1 X171.182 Y120.117 E590.36504
G1 X171.182 Y119.65 E590.38957
G1 X48.818 Y86.863 E597.0428
G1 X48.818 Y86.396 E597.06733
G1 X171.182 Y119.183 E603.72056
G1 X171.182 Y118.716 E603.74509
G1 X48.818 Y85.929 E610.39832
G1 X48.818 Y85.462 E610.42285
G1 X171.182 Y118.249 E617.07608
G1 X171.182 Y117.782 E617.10061
G1 X48.818 Y84.995 E623.75384
G1 X48.818 Y84.528 E623.77837
G1 X171.182 Y117.315 E630.4316
G1 X171.182 Y116.848 E630.45613
G1 X48.818 Y84.061 E637.10936
G1 X48.818 Y83.594 E637.13389
G1 X171.182 Y116.381 E643.78712
G1 X171.182 Y115.914 E643.81165
G1 X48.818 Y83.127 E650.46488
G1 X48.818 Y82.66 E650.48941
G1 X171.182 Y115.447 E657.14264
G1 X171.182 Y115.306 E657.15005
G1 X170.601 Y114.825 E657.18966
G1 X48.818 Y82.193 E663.81131
G1 X48.818 Y81.726 E663.83584
G1 X171.182 Y114.514 E670.48909
G1 X171.182 Y114.047 E670.51362
G1 X49.265 Y81.379 E677.14256
G1 X49.467 Y81.316 E677.15367
G1 X48.864 Y80.805 E677.19518
G1 X170.623 Y113.43 E683.81552
G1 X170.524 Y113.346 E683.82234
G1 X171.182 Y113.144 E683.85849
G1 X171.182 Y113.113 E683.86012
G1 X48.818 Y80.325 E690.51337
G1 X48.818 Y79.858 E690.5379
G1 X171.182 Y112.646 E697.19115
G1 X171.182 Y112.179 E697.21568
G1 X48.818 Y79.391 E703.86893
G1 X48.818 Y78.924 E703.89346
G1 X171.182 Y111.712 E710.54671
G1 X171.182 Y111.245 E710.57124
G1 X48.818 Y78.457 E717.22449
G1 X48.818 Y77.99 E717.24902
G1 X171.182 Y110.778 E723.90227
G1 X171.182 Y110.311 E723.9268
G1 X48.818 Y77.523 E730.58005
G1 X48.818 Y77.056 E730.60458
G1 X171.182 Y109.844 E737.25783
G1 X171.182 Y109.377 E737.28236
G1 X48.818 Y76.589 E743.93561
G1 X48.818 Y76.122 E743.96014
G1 X170.739 Y108.791 E750.5893
G1 X170.673 Y108.731 E750.59398
G1 X171.182 Y108.531 E750.6227
G1 X171.182 Y108.443 E750.62732
G1 X49.059 Y75.72 E757.26746
G1 X50.816 Y75.879 E757.36011
G1 X51.503 Y75.908 E757.39622
G1 X171.182 Y107.976 E763.90347
G1 X171.182 Y107.841 E763.91056
G1 X170.744 Y107.466 E763.94084
G1 X170.762 Y107.397 E763.94459
G1 X52.892 Y75.813 E770.35349
G1 X53.028 Y75.383 E770.37718
G1 X170.879 Y106.961 E776.78503
G1 X170.996 Y106.525 E776.80874
G1 X54.528 Y75.318 E783.14139
G1 X56.27 Y75.318 E783.23288
G1 X171.182 Y106.108 E789.48093
G1 X171.182 Y105.779 E789.49821
G1 X171.048 Y105.605 E789.50974
G1 X59.231 Y75.644 E795.58951
G1 X59.124 Y75.318 E795.60753
G1 X59.756 Y75.318 E795.64072
G1 X171.182 Y105.174 E801.69922
G1 X171.182 Y104.707 E801.72375
G1 X61.499 Y75.318 E807.68748
G1 X61.744 Y75.318 E807.70035
G1 X64.984 Y76.186 E807.87651
G1 X65.085 Y75.812 E807.89686
G1 X78.765 Y79.477 E808.64067
G1 X78.696 Y79.225 E808.65439
G1 X78.682 Y78.988 E808.66686
G1 X65.201 Y75.376 E809.39985
G1 X65.217 Y75.318 E809.40301
G1 X66.727 Y75.318 E809.48231
G1 X78.682 Y78.521 E810.13233
G1 X78.682 Y78.054 E810.15686
G1 X70.254 Y75.796 E810.61511
G1 X71.156 Y75.642 E810.66317
G1 X71.158 Y75.571 E810.6669
G1 X78.682 Y77.587 E811.076
G1 X78.682 Y77.12 E811.10053
G1 X71.955 Y75.318 E811.46629
G1 X72.176 Y75.318 E811.4779
G1 X75.545 Y76.22 E811.66107
G1 X75.62 Y75.943 E811.67614
G1 X75.957 Y75.923 E811.69387
G1 X78.682 Y76.653 E811.84203
G1 X78.682 Y76.186 E811.86656
G1 X76.767 Y75.673 E811.97068
G1 E809.97068 F2400
G92 E0
G1 X76.767 Y75.673 F7800
G1 X81.144 Y80.115
G1 E2 F2400
G1 F3600
G1 X171.182 Y104.24 E6.89558
G1 X171.182 Y103.773 E6.92011
G1 X83.643 Y80.317 E11.67982
G1 X85.385 Y80.317 E11.77131
G1 X171.182 Y103.306 E16.4363
G1 X171.182 Y103.081 E16.44812
G1 X170.882 Y102.759 E16.47123
G1 X87.128 Y80.317 E21.02515
G1 X88.871 Y80.317 E21.11669
G1 X171.182 Y102.373 E25.59216
G1 X171.182 Y101.906 E25.61669
G1 X90.613 Y80.317 E29.99744
G1 X92.356 Y80.317 E30.08898
G1 X171.182 Y101.439 E34.37496
G1 X171.182 Y100.972 E34.39949
G1 X94.098 Y80.317 E38.59075
G1 X95.841 Y80.317 E38.68229
G1 X171.182 Y100.505 E42.77877
G1 X171.182 Y100.038 E42.8033
G1 X97.584 Y80.317 E46.80501
G1 X99.326 Y80.317 E46.8965
G1 X171.182 Y99.571 E50.80349
G1 X171.182 Y99.104 E50.82802
G1 X101.069 Y80.317 E54.64024
G1 X102.811 Y80.317 E54.73173
G1 X171.182 Y98.637 E58.44923
G1 X171.182 Y98.17 E58.47376
G1 X104.554 Y80.317 E62.09649
G1 X106.297 Y80.317 E62.18803
G1 X171.182 Y97.703 E65.71599
G1 X171.182 Y97.569 E65.72303
G1 X170.758 Y97.186 E65.75304
G1 X170.797 Y97.133 E65.7565
G1 X108.039 Y80.317 E69.16881
G1 X109.782 Y80.317 E69.26035
G1 X171.081 Y96.742 E72.59333
G1 X171.182 Y96.604 E72.60231
G1 X171.182 Y96.302 E72.61817
G1 X111.525 Y80.317 E75.86187
G1 X113.267 Y80.317 E75.95336
G1 X171.182 Y95.835 E79.10234
G1 X171.182 Y95.368 E79.12687
G1 X115.01 Y80.317 E82.18108
G1 X116.752 Y80.317 E82.27257
G1 X171.182 Y94.901 E85.23206
G1 X171.182 Y94.434 E85.25659
G1 X118.495 Y80.317 E88.12131
G1 X120.238 Y80.317 E88.21285
G1 X171.182 Y93.967 E90.9828
G1 X171.182 Y93.5 E91.00733
G1 X121.98 Y80.317 E93.68256
G1 X123.723 Y80.317 E93.7741
G1 X171.182 Y93.033 E96.35456
G1 X171.182 Y92.566 E96.37909
G1 X125.465 Y80.316 E98.86484
G1 X127.208 Y80.316 E98.95638
G1 X171.182 Y92.099 E101.34736
G1 X171.182 Y91.632 E101.37189
G1 X128.951 Y80.316 E103.6681
G1 X130.693 Y80.316 E103.75959
G1 X171.182 Y91.165 E105.96108
G1 X171.182 Y90.698 E105.98561
G1 X132.436 Y80.316 E108.09233
G1 X134.179 Y80.316 E108.18387
G1 X171.182 Y90.231 E110.19582
G1 X171.182 Y89.765 E110.22029
G1 X135.921 Y80.316 E112.13753
G1 X137.664 Y80.316 E112.22907
G1 X171.182 Y89.298 E114.05154
G1 X171.182 Y88.831 E114.07607
G1 X139.406 Y80.316 E115.80382
G1 X140.098 Y80.316 E115.84016
G1 X140.304 Y80.289 E115.85107
G1 X140.499 Y80.231 E115.86175
G1 X140.606 Y80.171 E115.86819
G1 X171.182 Y88.364 E117.53069
G1 X171.182 Y87.897 E117.55522
G1 X141.042 Y79.821 E119.19401
G1 X141.176 Y79.62 E119.2067
G1 X141.258 Y79.412 E119.21844
G1 X171.182 Y87.43 E120.84548
G1 X171.182 Y86.963 E120.87001
G1 X141.318 Y78.961 E122.49379
G1 X141.318 Y78.494 E122.51832
G1 X171.182 Y86.496 E124.1421
G1 X171.182 Y86.029 E124.16663
G1 X141.318 Y78.027 E125.79041
G1 X141.318 Y77.56 E125.81494
G1 X171.182 Y85.562 E127.43872
G1 X171.182 Y85.477 E127.44318
G1 X170.747 Y85.105 E127.47324
G1 X170.779 Y84.987 E127.47966
G1 X141.318 Y77.093 E129.08153
G1 X141.318 Y76.626 E129.10606
G1 X170.895 Y84.551 E130.71423
G1 X171.012 Y84.115 E130.73794
G1 X141.318 Y76.159 E132.35247
G1 X141.318 Y75.761 E132.37337
G1 X141.624 Y75.774 E132.38946
G1 X171.182 Y83.694 E133.9966
G1 X171.182 Y83.227 E134.02113
G1 X143.162 Y75.719 E135.54465
G1 X142.816 Y75.318 E135.57247
G1 X143.407 Y75.318 E135.60351
G1 X171.182 Y82.76 E137.1137
G1 X171.182 Y82.293 E137.13823
G1 X145.15 Y75.318 E138.55365
G1 X145.2 Y75.318 E138.55628
G1 X148.524 Y76.208 E138.73701
G1 X148.647 Y75.788 E138.75999
G1 X171.182 Y81.826 E139.98527
G1 X171.182 Y81.359 E140.0098
G1 X148.774 Y75.355 E141.22818
G1 X148.785 Y75.318 E141.23021
G1 X150.378 Y75.318 E141.31387
G1 X170.772 Y80.782 E142.42274
G1 X171.182 Y80.602 E142.44626
G1 X171.182 Y80.425 E142.45556
G1 X152.12 Y75.318 E143.492
G1 X154.849 Y76.039 E143.64024
G1 X154.916 Y75.786 E143.65399
G1 X155.929 Y75.871 E143.70738
G1 X171.182 Y79.958 E144.53672
G1 X171.182 Y79.491 E144.56125
G1 X158.04 Y75.97 E145.27581
G1 X159.742 Y75.959 E145.3652
G1 X171.182 Y79.024 E145.98722
G1 X171.182 Y78.557 E146.01175
G1 X160.704 Y75.75 E146.58146
G1 X160.841 Y75.319 E146.60521
G1 X171.182 Y78.09 E147.16748
G1 X171.182 Y77.624 E147.19195
G1 X162.577 Y75.318 E147.65983
G1 X165.371 Y76.064 E147.81171
G1 X165.445 Y75.787 E147.82677
G1 X165.974 Y75.761 E147.85459
G1 X171.182 Y77.157 E148.13777
G1 X171.182 Y76.69 E148.1623
G1 X166.759 Y75.504 E148.4028
G1 E146.4028 F2400
G92 E0
G1 X166.759 Y75.504 F7800
G1 X78.215 Y75.285
G1 E2 F2400
;TYPE:Internal infill
;WIDTH:0.45
;HEIGHT:0.3
G1 F4800
G1 X77.383 Y75.285 E2.04002
G1 X77.368 Y75.344 E2.04295
G1 X78.715 Y75.705 E2.11002
G1 X78.715 Y75.285 E2.13022
G1 X78.215 Y75.285 E2.15427
G1 E.15427 F2400
G92 E0
G1 X78.215 Y75.285 F7800
G1 X76.075 Y75.498
G1 E2 F2400
G1 F4800
G1 X76.723 Y75.46 E2.03122
G1 X76.77 Y75.285 E2.03994
G1 X75.285 Y75.285 E2.11136
G1 X75.529 Y75.529 E2.12796
G1 X75.294 Y75.543 E2.13928
G1 X75.25 Y75.709 E2.14754
G1 X73.671 Y75.285 E2.22617
G1 X73.942 Y75.285 E2.2392
G1 E.2392 F2400
G92 E0
G1 X73.942 Y75.285 F7800
G1 X52.186 Y75.285
G1 E2 F2400
G1 F4800
G1 X52.621 Y75.285 E2.02092
G1 X52.542 Y75.534 E2.03348
G1 X50.925 Y75.465 E2.11132
G1 X50.745 Y75.285 E2.12356
G1 X49.592 Y75.285 E2.17902
G1 X49.415 Y75.333 E2.18784
G1 X50.733 Y75.452 E2.25149
;LAYER_CHANGE
;Z:1.85
;HEIGHT:0.3
 ; After First Layer

G1 Z1.85 F7800
G1 E.25149 F2400
G1 Z1.85 F7800
G1 X140.65 Y79.752
G1 E2.25149 F2400
;TYPE:Perimeter
;WIDTH:0.45
G1 F3600
G1 X140.741 Y79.686 E2.2569
G1 X140.926 Y79.392 E2.27361
G1 X140.996 Y79.032 E2.29125
G1 X140.996 Y74.996 E2.48537
G1 X171.504 Y74.996 E3.9527
G1 X171.504 Y93.458 E4.84066
G1 X171.504 Y145.004 E7.31984
G1 X48.496 Y145.004 E13.2361
G1 X48.496 Y74.996 E16.60324
G1 X79.004 Y74.996 E18.07057
G1 X79.014 Y79.174 E18.27152
G1 X79.111 Y79.474 E18.28668
G1 X79.322 Y79.748 E18.30331
G1 X79.621 Y79.932 E18.3202
G1 X79.968 Y79.996 E18.33717
G1 X140.08 Y79.995 E21.22835
G1 X140.439 Y79.906 E21.24614
G1 X140.602 Y79.787 E21.25585
G1 X140.602 Y79.787 F7800
G1 X140.415 Y79.449
G1 F3600
G1 X140.546 Y79.297 E21.2655
G1 X140.611 Y79.032 E21.27862
G1 X140.611 Y74.611 E21.49125
G1 X171.889 Y74.611 E22.99561
G1 X171.889 Y93.458 E23.90209
G1 X171.889 Y145.389 E26.39979
G1 X48.111 Y145.389 E32.35308
G1 X48.111 Y74.611 E35.75726
G1 X79.389 Y74.611 E37.26162
G1 X79.396 Y79.118 E37.47839
G1 X79.477 Y79.338 E37.48967
G1 X79.688 Y79.538 E37.50365
G1 X79.968 Y79.611 E37.51757
G1 X140.032 Y79.611 E40.40644
G1 X140.106 Y79.606 E40.41001
G1 X140.366 Y79.504 E40.42344
G1 X140.375 Y79.494 E40.42409
G1 X140.375 Y79.494 F7800
G1 X140.156 Y79.18
;TYPE:External perimeter
G1 F1800
G1 X140.225 Y79.032 E40.43194
G1 X140.225 Y74.225 E40.66314
G1 X172.275 Y74.225 E42.20463
G1 X172.275 Y93.458 E43.12967
G1 X172.275 Y145.775 E45.64594
G1 X47.725 Y145.775 E51.63636
G1 X47.725 Y74.225 E55.07767
G1 X79.775 Y74.225 E56.61916
G1 X79.775 Y79.032 E56.85036
G1 X79.819 Y79.155 E56.85664
G1 X79.968 Y79.225 E56.86456
G1 X140.032 Y79.225 E59.75343
G1 X140.099 Y79.201 E59.75685
G1 X140.218 Y78.819 F7800
G1 E57.75685 F2400
G92 E0
G1 X141.424 Y75.342 F7800
G1 E2 F2400
;TYPE:Solid infill
;WIDTH:0.597703
G1 F1200
G1 X141.377 Y75.295 E2.00442
G1 X141.312 Y75.312 E2.00889
G1 X141.295 Y75.377 E2.01336
G1 X141.342 Y75.424 E2.01778
G1 X141.406 Y75.406 E2.0222
;WIDTH:0.45
G1 X142.083 Y75.285 E2.05528
G1 X141.285 Y76.083 E2.10956
G1 X141.285 Y76.628 E2.13577
G1 X142.628 Y75.285 E2.22712
G1 X143.174 Y75.285 E2.25338
G1 X141.285 Y77.174 E2.38187
G1 X141.285 Y77.719 E2.40808
G1 X143.719 Y75.285 E2.57364
G1 X144.264 Y75.285 E2.59985
G1 X141.285 Y78.264 E2.80248
G1 X141.285 Y78.81 E2.82874
G1 X144.81 Y75.285 E3.06851
G1 E1.06851 F2400
G92 E0
G1 X144.81 Y75.285 F7800
G1 X49.917 Y75.294
G1 E2 F2400
;WIDTH:0.494865
G1 F1200
G1 X49.879 Y75.256 E2.00289
G1 X49.827 Y75.27 E2.00578
G1 X49.813 Y75.322 E2.00867
G1 X49.851 Y75.36 E2.01156
G1 X49.903 Y75.346 E2.01445
;WIDTH:0.45
G1 X49.592 Y75.612 E2.03413
G1 X48.858 Y76.354 E2.08433
;WIDTH:0.492563
G1 X48.821 Y76.316 E2.08716
G1 X48.769 Y76.33 E2.09004
G1 X48.755 Y76.382 E2.09292
G1 X48.793 Y76.42 E2.09579
G1 X48.845 Y76.406 E2.09867
;WIDTH:0.45
G1 X48.785 Y76.965 E2.12571
G1 X50.465 Y75.285 E2.23998
G1 X50.643 Y75.151 E2.2507
;WIDTH:0.404381
G1 X50.602 Y75.162 E2.2525
G1 X50.583 Y75.091 E2.25562
G1 X50.654 Y75.11 E2.25874
;WIDTH:0.45
G1 X51.01 Y75.285 E2.27782
G1 X48.785 Y77.51 E2.42916
G1 X48.785 Y78.055 E2.45537
G1 X51.555 Y75.285 E2.64378
G1 X52.101 Y75.285 E2.67004
G1 X48.785 Y78.601 E2.89559
G1 X48.785 Y79.146 E2.9218
G1 X52.646 Y75.285 E3.18442
G1 X53.191 Y75.285 E3.21063
G1 X48.785 Y79.691 E3.51032
G1 X48.785 Y80.237 E3.53658
G1 X53.737 Y75.285 E3.87341
G1 X54.282 Y75.285 E3.89962
G1 X48.785 Y80.782 E4.27352
G1 X48.785 Y81.327 E4.29973
G1 X54.827 Y75.285 E4.7107
G1 X55.373 Y75.285 E4.73696
G1 X48.785 Y81.873 E5.18507
G1 X48.785 Y82.418 E5.21128
G1 X55.918 Y75.285 E5.69646
G1 X56.463 Y75.285 E5.72267
G1 X48.785 Y82.963 E6.24492
G1 X48.785 Y83.509 E6.27118
G1 X57.009 Y75.285 E6.83057
G1 X57.554 Y75.285 E6.85678
G1 X48.785 Y84.054 E7.45324
G1 X48.785 Y84.599 E7.47945
G1 X58.099 Y75.285 E8.11298
G1 X58.645 Y75.285 E8.13924
G1 X48.785 Y85.145 E8.8099
G1 X48.785 Y85.69 E8.83611
G1 X59.19 Y75.285 E9.54385
G1 X59.735 Y75.285 E9.57006
G1 X48.785 Y86.235 E10.31487
G1 X48.785 Y86.781 E10.34113
G1 X60.281 Y75.285 E11.12307
G1 X60.826 Y75.285 E11.14928
G1 X48.785 Y87.326 E11.96829
G1 X48.785 Y87.871 E11.9945
G1 X61.371 Y75.285 E12.85058
G1 X61.917 Y75.285 E12.87684
G1 X48.785 Y88.417 E13.77006
G1 X48.785 Y88.962 E13.79627
G1 X62.462 Y75.285 E14.72656
G1 X63.008 Y75.285 E14.75282
G1 X48.785 Y89.508 E15.72025
G1 X48.785 Y90.053 E15.74646
G1 X63.553 Y75.285 E16.75096
G1 X64.098 Y75.285 E16.77717
G1 X48.785 Y90.598 E17.81874
G1 X48.785 Y91.144 E17.845
G1 X64.644 Y75.285 E18.92371
G1 X65.189 Y75.285 E18.94992
G1 X48.785 Y91.689 E20.0657
G1 X48.785 Y92.234 E20.09191
G1 X65.734 Y75.285 E21.24476
G1 X66.28 Y75.285 E21.27102
G1 X48.785 Y92.78 E22.46101
G1 X48.785 Y93.325 E22.48722
G1 X66.825 Y75.285 E23.71428
G1 X67.37 Y75.285 E23.74049
G1 X48.785 Y93.87 E25.00462
G1 X48.785 Y94.416 E25.03088
G1 X67.916 Y75.285 E26.33215
G1 X68.461 Y75.285 E26.35836
G1 X48.785 Y94.961 E27.6967
G1 X48.785 Y95.506 E27.72291
G1 X69.006 Y75.285 E29.09832
G1 X69.552 Y75.285 E29.12458
G1 X48.785 Y96.052 E30.53713
G1 X48.785 Y96.597 E30.56334
G1 X70.097 Y75.285 E32.01296
G1 X70.642 Y75.285 E32.03917
G1 X48.785 Y97.142 E33.52586
G1 X48.785 Y97.688 E33.55212
G1 X71.188 Y75.285 E35.07594
G1 X71.733 Y75.285 E35.10215
G1 X48.785 Y98.233 E36.66304
G1 X48.785 Y98.778 E36.68925
G1 X72.278 Y75.285 E38.28721
G1 X72.824 Y75.285 E38.31347
G1 X48.785 Y99.324 E39.94857
G1 X48.785 Y99.869 E39.97478
G1 X73.369 Y75.285 E41.64695
G1 X73.914 Y75.285 E41.67316
G1 X48.785 Y100.414 E43.3824
G1 X48.785 Y100.96 E43.40866
G1 X74.46 Y75.285 E45.15504
G1 X75.005 Y75.285 E45.18125
G1 X48.785 Y101.505 E46.9647
G1 X48.785 Y102.051 E46.99096
G1 X75.551 Y75.285 E48.81155
G1 X76.096 Y75.285 E48.83776
G1 X48.785 Y102.596 E50.69542
G1 X48.785 Y103.141 E50.72163
G1 X76.641 Y75.285 E52.61636
G1 X77.187 Y75.285 E52.64262
G1 X48.785 Y103.687 E54.57449
G1 X48.785 Y104.232 E54.6007
G1 X77.732 Y75.285 E56.56964
G1 X78.277 Y75.285 E56.59585
G1 X48.785 Y104.777 E58.60186
G1 X48.785 Y105.323 E58.62812
G1 X78.715 Y75.394 E60.66389
G1 X78.859 Y75.201 E60.67547
;WIDTH:0.404381
G1 X78.818 Y75.212 E60.67727
G1 X78.799 Y75.141 E60.68039
G1 X78.87 Y75.16 E60.68351
G1 X78.715 Y75.939 F7800
;WIDTH:0.45
G1 F1200
G1 X48.785 Y105.868 E62.71928
G1 X48.785 Y106.413 E62.74549
G1 X78.715 Y76.484 E64.78126
G1 X78.715 Y77.03 E64.80752
G1 X48.785 Y106.959 E66.84329
G1 X48.785 Y107.504 E66.8695
G1 X78.715 Y77.575 E68.90527
G1 X78.715 Y78.12 E68.93148
G1 X48.785 Y108.049 E70.96725
G1 X48.785 Y108.595 E70.99351
G1 X78.715 Y78.666 E73.02928
G1 X78.727 Y79.199 E73.05492
G1 X48.785 Y109.14 E75.0915
G1 X48.785 Y109.685 E75.11771
G1 X78.861 Y79.61 E77.16341
G1 X79.09 Y79.927 E77.18222
G1 X48.785 Y110.231 E79.24349
G1 X48.785 Y110.776 E79.2697
G1 X79.411 Y80.15 E81.35284
G1 X79.834 Y80.273 E81.37403
G1 X48.785 Y111.321 E83.48591
G1 X48.785 Y111.867 E83.51217
G1 X80.367 Y80.285 E85.66034
G1 X80.913 Y80.285 E85.6866
G1 X48.785 Y112.412 E87.87187
G1 X48.785 Y112.957 E87.89808
G1 X81.458 Y80.285 E90.12042
G1 X82.003 Y80.285 E90.14663
G1 X48.785 Y113.503 E92.40608
G1 X48.785 Y114.048 E92.43229
G1 X82.549 Y80.285 E94.72884
G1 X83.094 Y80.285 E94.75505
G1 X48.785 Y114.594 E97.08871
G1 X48.785 Y115.139 E97.11492
G1 X83.639 Y80.285 E99.48565
G1 X84.185 Y80.285 E99.51191
G1 X48.785 Y115.684 E101.91974
G1 X48.785 Y116.23 E101.946
G1 X84.73 Y80.285 E104.39093
G1 X85.275 Y80.285 E104.41714
G1 X48.785 Y116.775 E106.89914
G1 X48.785 Y117.32 E106.92535
G1 X85.821 Y80.285 E109.44446
G1 X86.366 Y80.285 E109.47067
G1 X48.785 Y117.866 E112.02688
G1 X48.785 Y118.411 E112.05309
G1 X86.911 Y80.285 E114.64637
G1 X87.457 Y80.285 E114.67263
G1 X48.785 Y118.956 E117.30302
G1 X48.785 Y119.502 E117.32928
G1 X88.002 Y80.285 E119.99677
G1 X88.548 Y80.285 E120.02303
G1 X48.785 Y120.047 E122.72763
G1 X48.785 Y120.592 E122.75384
G1 X89.093 Y80.285 E125.49551
G1 X89.638 Y80.285 E125.52172
G1 X48.785 Y121.138 E128.30049
G1 X48.785 Y121.683 E128.3267
G1 X90.184 Y80.285 E131.14257
G1 X90.729 Y80.285 E131.16878
G1 X48.785 Y122.228 E134.02172
G1 X48.785 Y122.774 E134.04798
G1 X91.274 Y80.285 E136.93803
G1 X91.82 Y80.285 E136.96429
G1 X48.785 Y123.319 E139.89144
G1 X48.785 Y123.864 E139.91765
G1 X92.365 Y80.285 E142.88187
G1 X92.91 Y80.285 E142.90808
G1 X48.785 Y124.41 E145.90941
G1 X48.785 Y124.955 E145.93562
G1 X93.456 Y80.285 E148.97405
G1 X94.001 Y80.285 E149.00026
G1 X48.785 Y125.5 E152.07576
G1 X48.785 Y126.046 E152.10202
G1 X94.546 Y80.285 E155.21463
G1 X95.092 Y80.285 E155.24089
G1 X48.785 Y126.591 E158.3906
G1 X48.785 Y127.137 E158.41686
G1 X95.637 Y80.285 E161.60367
G1 X96.183 Y80.285 E161.62993
G1 X48.785 Y127.682 E164.85385
G1 X48.785 Y128.227 E164.88006
G1 X96.728 Y80.285 E168.14105
G1 X97.273 Y80.285 E168.16726
G1 X48.785 Y128.773 E171.46535
G1 X48.785 Y129.318 E171.49156
G1 X97.819 Y80.285 E174.82676
G1 X98.364 Y80.285 E174.85297
G1 X48.785 Y129.863 E178.22524
G1 X48.785 Y130.409 E178.2515
G1 X98.909 Y80.285 E181.66087
G1 X99.455 Y80.285 E181.68713
G1 X48.785 Y130.954 E185.13361
G1 X48.785 Y131.499 E185.15982
G1 X100 Y80.285 E188.64337
G1 X100.545 Y80.285 E188.66958
G1 X48.785 Y132.045 E192.19023
G1 X48.785 Y132.59 E192.21644
G1 X101.091 Y80.285 E195.7742
G1 X101.636 Y80.285 E195.80041
G1 X48.785 Y133.135 E199.39524
G1 X48.785 Y133.681 E199.4215
G1 X102.181 Y80.285 E203.05343
G1 X102.727 Y80.285 E203.07969
G1 X48.785 Y134.226 E206.74872
G1 X48.785 Y134.771 E206.77493
G1 X103.272 Y80.285 E210.48103
G1 X103.818 Y80.285 E210.50729
G1 X48.785 Y135.317 E214.25053
G1 X48.785 Y135.862 E214.27674
G1 X104.363 Y80.285 E218.05705
G1 X104.908 Y80.285 E218.08326
G1 X48.785 Y136.407 E221.90064
G1 X48.785 Y136.953 E221.9269
G1 X105.454 Y80.285 E225.78142
G1 X105.999 Y80.285 E225.80763
G1 X48.785 Y137.498 E229.69922
G1 X48.785 Y138.043 E229.72543
G1 X106.544 Y80.285 E233.65409
G1 X107.09 Y80.285 E233.68035
G1 X48.785 Y138.589 E237.64615
G1 X48.785 Y139.134 E237.67236
G1 X107.635 Y80.285 E241.67523
G1 X108.18 Y80.285 E241.70144
G1 X48.785 Y139.68 E245.74141
G1 X48.785 Y140.225 E245.76762
G1 X108.726 Y80.285 E249.8447
G1 X109.271 Y80.285 E249.87091
G1 X48.785 Y140.77 E253.98506
G1 X48.785 Y141.316 E254.01132
G1 X109.816 Y80.285 E258.16257
G1 X110.362 Y80.285 E258.18883
G1 X48.785 Y141.861 E262.37719
G1 X48.785 Y142.406 E262.4034
G1 X110.907 Y80.285 E266.62883
G1 X111.453 Y80.285 E266.65509
G1 X48.785 Y142.952 E270.91766
G1 X48.785 Y142.952 F7800
G1 X48.722 Y143.915
;WIDTH:0.404381
G1 F1200
G1 X48.681 Y143.926 E270.91946
G1 X48.662 Y143.855 E270.92258
G1 X48.733 Y143.874 E270.9257
;WIDTH:0.45
G1 X48.785 Y143.497 E270.944
G1 X111.998 Y80.285 E275.24364
G1 X112.543 Y80.285 E275.26985
G1 X49.012 Y143.816 E279.59115
G1 X49.251 Y144.122 E279.60982
G1 X113.089 Y80.285 E283.95197
G1 X113.634 Y80.285 E283.97818
G1 X49.587 Y144.332 E288.33458
G1 X49.75 Y144.86 E288.36116
;WIDTH:0.404381
G1 X49.708 Y144.871 E288.363
G1 X49.689 Y144.8 E288.36612
G1 X49.761 Y144.819 E288.36928
;WIDTH:0.45
G1 X49.851 Y144.613 E288.38009
G1 X114.179 Y80.285 E292.7556
G1 X114.725 Y80.284 E292.78186
G1 X50.295 Y144.715 E297.16434
G1 X50.84 Y144.715 E297.19055
G1 X115.27 Y80.284 E301.57303
G1 X115.815 Y80.284 E301.59924
G1 X51.385 Y144.715 E305.98172
G1 X51.931 Y144.715 E306.00798
G1 X116.361 Y80.284 E310.39046
G1 X116.906 Y80.284 E310.41667
G1 X52.476 Y144.715 E314.79915
G1 X53.021 Y144.715 E314.82536
G1 X117.451 Y80.284 E319.20784
G1 X117.997 Y80.284 E319.2341
G1 X53.567 Y144.715 E323.61658
G1 X54.112 Y144.715 E323.64279
G1 X118.542 Y80.284 E328.02527
G1 X119.088 Y80.284 E328.05153
G1 X54.657 Y144.715 E332.43405
G1 X55.203 Y144.715 E332.46031
G1 X119.633 Y80.284 E336.84279
G1 X120.178 Y80.284 E336.869
G1 X55.748 Y144.715 E341.25148
G1 X56.293 Y144.715 E341.27769
G1 X120.724 Y80.284 E345.66021
G1 X121.269 Y80.284 E345.68642
G1 X56.839 Y144.715 E350.0689
G1 X57.384 Y144.715 E350.09511
G1 X121.814 Y80.284 E354.47759
G1 X122.36 Y80.284 E354.50385
G1 X57.929 Y144.715 E358.88637
G1 X58.475 Y144.715 E358.91263
G1 X122.905 Y80.284 E363.29511
G1 X123.45 Y80.284 E363.32132
G1 X59.02 Y144.715 E367.7038
G1 X59.565 Y144.715 E367.73001
G1 X123.996 Y80.284 E372.11253
G1 X124.541 Y80.284 E372.13874
G1 X60.111 Y144.715 E376.52122
G1 X60.656 Y144.715 E376.54743
G1 X125.086 Y80.284 E380.92991
G1 X125.632 Y80.284 E380.95617
G1 X61.202 Y144.715 E385.33865
G1 X61.747 Y144.715 E385.36486
G1 X126.177 Y80.284 E389.74734
G1 X126.723 Y80.284 E389.7736
G1 X62.292 Y144.715 E394.15612
G1 X62.838 Y144.715 E394.18238
G1 X127.268 Y80.284 E398.56486
G1 X127.813 Y80.284 E398.59107
G1 X63.383 Y144.715 E402.97355
G1 X63.928 Y144.715 E402.99976
G1 X128.359 Y80.284 E407.38228
G1 X128.904 Y80.284 E407.40849
G1 X64.474 Y144.715 E411.79097
G1 X65.019 Y144.715 E411.81718
G1 X129.449 Y80.284 E416.19966
G1 X129.995 Y80.284 E416.22592
G1 X65.564 Y144.715 E420.60844
G1 X66.11 Y144.715 E420.6347
G1 X130.54 Y80.284 E425.01718
G1 X131.085 Y80.284 E425.04339
G1 X66.655 Y144.715 E429.42587
G1 X67.2 Y144.715 E429.45208
G1 X131.631 Y80.284 E433.8346
G1 X132.176 Y80.284 E433.86081
G1 X67.746 Y144.715 E438.24329
G1 X68.291 Y144.715 E438.2695
G1 X132.721 Y80.284 E442.65198
G1 X133.267 Y80.284 E442.67824
G1 X68.836 Y144.715 E447.06076
G1 X69.382 Y144.715 E447.08702
G1 X133.812 Y80.284 E451.4695
G1 X134.358 Y80.284 E451.49576
G1 X69.927 Y144.715 E455.87828
G1 X70.472 Y144.715 E455.90449
G1 X134.903 Y80.284 E460.28701
G1 X135.448 Y80.284 E460.31322
G1 X71.018 Y144.715 E464.6957
G1 X71.563 Y144.715 E464.72191
G1 X135.994 Y80.284 E469.10443
G1 X136.539 Y80.284 E469.13064
G1 X72.108 Y144.715 E473.51316
G1 X72.654 Y144.715 E473.53942
G1 X137.084 Y80.284 E477.9219
G1 X137.63 Y80.284 E477.94816
G1 X73.199 Y144.715 E482.33068
G1 X73.745 Y144.715 E482.35694
G1 X138.175 Y80.284 E486.73942
G1 X138.72 Y80.284 E486.76563
G1 X74.29 Y144.715 E491.14811
G1 X74.835 Y144.715 E491.17432
G1 X139.266 Y80.284 E495.55684
G1 X139.811 Y80.284 E495.58305
G1 X75.381 Y144.715 E499.96553
G1 X75.926 Y144.715 E499.99174
G1 X140.42 Y80.221 E504.37854
G1 X140.692 Y80.024 E504.39469
;WIDTH:0.404381
G1 X141.016 Y79.693 E504.41433
;WIDTH:0.45
G1 X141.22 Y79.421 E504.43068
G1 X145.355 Y75.285 E504.71197
G1 X145.658 Y75.203 E504.72707
;WIDTH:0.404381
G1 X145.617 Y75.214 E504.72887
G1 X145.598 Y75.142 E504.73203
G1 X145.669 Y75.162 E504.73516
;WIDTH:0.45
G1 X145.9 Y75.285 E504.74775
G1 X76.471 Y144.715 E509.47026
G1 X77.017 Y144.715 E509.49652
G1 X146.446 Y75.285 E514.21903
G1 X146.991 Y75.285 E514.24524
G1 X77.562 Y144.715 E518.96775
G1 X78.107 Y144.715 E518.99396
G1 X147.536 Y75.285 E523.71647
G1 X148.082 Y75.285 E523.74273
G1 X78.653 Y144.715 E528.46524
G1 X79.198 Y144.715 E528.49145
G1 X148.627 Y75.285 E533.21396
G1 X149.172 Y75.285 E533.24017
G1 X79.743 Y144.715 E537.96268
G1 X80.289 Y144.715 E537.98894
G1 X149.718 Y75.285 E542.71145
G1 X150.263 Y75.285 E542.73766
G1 X80.834 Y144.715 E547.46017
G1 X81.379 Y144.715 E547.48638
G1 X150.809 Y75.285 E552.20892
G1 X151.354 Y75.285 E552.23513
G1 X81.925 Y144.715 E556.95764
G1 X82.47 Y144.715 E556.98385
G1 X151.899 Y75.285 E561.70636
G1 X152.445 Y75.285 E561.73262
G1 X83.015 Y144.715 E566.45516
G1 X83.561 Y144.715 E566.48142
G1 X152.99 Y75.285 E571.20393
G1 X153.535 Y75.285 E571.23014
G1 X84.106 Y144.715 E575.95265
G1 X84.651 Y144.715 E575.97886
G1 X154.081 Y75.285 E580.7014
G1 X154.626 Y75.285 E580.72761
G1 X85.197 Y144.715 E585.45012
G1 X85.742 Y144.715 E585.47633
G1 X155.171 Y75.285 E590.19884
G1 X155.717 Y75.285 E590.2251
G1 X86.288 Y144.715 E594.94761
G1 X86.833 Y144.715 E594.97382
G1 X156.262 Y75.285 E599.69633
G1 X156.807 Y75.285 E599.72254
G1 X87.378 Y144.715 E604.44505
G1 X87.924 Y144.715 E604.47131
G1 X157.353 Y75.285 E609.19382
G1 X157.898 Y75.285 E609.22003
G1 X88.469 Y144.715 E613.94254
G1 X89.014 Y144.715 E613.96875
G1 X158.443 Y75.285 E618.69126
G1 X158.989 Y75.285 E618.71752
G1 X89.56 Y144.715 E623.44003
G1 X90.105 Y144.715 E623.46624
G1 X159.534 Y75.285 E628.18875
G1 X160.079 Y75.285 E628.21496
G1 X90.65 Y144.715 E632.93747
G1 X91.196 Y144.715 E632.96373
G1 X160.625 Y75.285 E637.68624
G1 X161.17 Y75.285 E637.71245
G1 X91.741 Y144.715 E642.43496
G1 X92.286 Y144.715 E642.46117
G1 X161.715 Y75.285 E647.18368
G1 X162.261 Y75.285 E647.20994
G1 X92.832 Y144.715 E651.93245
G1 X93.377 Y144.715 E651.95866
G1 X162.806 Y75.285 E656.68117
G1 X163.352 Y75.285 E656.70743
G1 X93.922 Y144.715 E661.42997
G1 X94.468 Y144.715 E661.45623
G1 X163.897 Y75.285 E666.17874
G1 X164.442 Y75.285 E666.20495
G1 X95.013 Y144.715 E670.92746
G1 X95.558 Y144.715 E670.95367
G1 X164.988 Y75.285 E675.67621
G1 X165.533 Y75.285 E675.70242
G1 X96.104 Y144.715 E680.42493
G1 X96.649 Y144.715 E680.45114
G1 X166.078 Y75.285 E685.17365
G1 X166.624 Y75.285 E685.19991
G1 X97.194 Y144.715 E689.92245
G1 X97.74 Y144.715 E689.94871
G1 X167.169 Y75.285 E694.67122
G1 X167.714 Y75.285 E694.69743
G1 X98.285 Y144.715 E699.41994
G1 X98.831 Y144.715 E699.4462
G1 X168.26 Y75.285 E704.16871
G1 X168.805 Y75.285 E704.19492
G1 X99.376 Y144.715 E708.91743
G1 X99.921 Y144.715 E708.94364
G1 X169.35 Y75.285 E713.66615
G1 X169.896 Y75.285 E713.69241
G1 X100.467 Y144.715 E718.41492
G1 X101.012 Y144.715 E718.44113
G1 X170.212 Y75.514 E723.14806
G1 X170.298 Y75.224 E723.16261
;WIDTH:0.404381
G1 X170.257 Y75.235 E723.16441
G1 X170.238 Y75.164 E723.16753
G1 X170.309 Y75.183 E723.17065
;WIDTH:0.45
G1 X170.541 Y75.731 E723.19927
G1 X101.557 Y144.715 E727.89148
G1 X102.103 Y144.715 E727.91774
G1 X170.799 Y76.019 E732.59036
G1 X171.348 Y76.219 E732.61846
;WIDTH:0.404381
G1 X171.277 Y76.2 E732.62158
G1 X171.296 Y76.271 E732.6247
G1 X171.337 Y76.26 E732.6265
;WIDTH:0.45
G1 X171.045 Y76.317 E732.64081
G1 X102.648 Y144.715 E737.29312
G1 X103.193 Y144.715 E737.31933
G1 X171.215 Y76.693 E741.9461
G1 X171.215 Y77.239 E741.97236
G1 X103.739 Y144.715 E746.56199
G1 X104.284 Y144.715 E746.5882
G1 X171.215 Y77.784 E751.14076
G1 X171.215 Y78.329 E751.16697
G1 X104.829 Y144.715 E755.68246
G1 X105.375 Y144.715 E755.70872
G1 X171.215 Y78.875 E760.18708
G1 X171.215 Y79.42 E760.21329
G1 X105.92 Y144.715 E764.65457
G1 X106.465 Y144.715 E764.68078
G1 X171.215 Y79.965 E769.08499
G1 X171.215 Y80.511 E769.11125
G1 X107.011 Y144.715 E773.47833
G1 X107.556 Y144.715 E773.50454
G1 X171.215 Y81.056 E777.83455
G1 X171.215 Y81.601 E777.86076
G1 X108.101 Y144.715 E782.1537
G1 X108.647 Y144.715 E782.17996
G1 X171.215 Y82.147 E786.43576
G1 X171.215 Y82.692 E786.46197
G1 X109.192 Y144.715 E790.6807
G1 X109.737 Y144.715 E790.70691
G1 X171.215 Y83.238 E794.88853
G1 X171.215 Y83.783 E794.91474
G1 X110.283 Y144.715 E799.05926
G1 X110.828 Y144.715 E799.08547
G1 X171.215 Y84.328 E803.19292
G1 X171.215 Y84.874 E803.21918
G1 X111.374 Y144.715 E807.28949
G1 X111.919 Y144.715 E807.3157
G1 X171.215 Y85.419 E811.34894
G1 X171.215 Y85.964 E811.37515
G1 X112.464 Y144.715 E815.37132
G1 X113.01 Y144.715 E815.39758
G1 X171.215 Y86.51 E819.35661
G1 X171.215 Y87.055 E819.38282
G1 X113.555 Y144.715 E823.30478
G1 X114.1 Y144.715 E823.33099
G1 X171.215 Y87.6 E827.21588
G1 X171.215 Y88.146 E827.24214
G1 X114.646 Y144.715 E831.08989
G1 X115.191 Y144.715 E831.1161
G1 X171.215 Y88.691 E834.92678
G1 X171.215 Y89.236 E834.95299
G1 X115.736 Y144.715 E838.7266
G1 X116.282 Y144.715 E838.75286
G1 X171.215 Y89.782 E842.48933
G1 X171.215 Y90.327 E842.51554
G1 X116.827 Y144.715 E846.21494
G1 X117.372 Y144.715 E846.24115
G1 X171.215 Y90.872 E849.90348
G1 X171.215 Y91.418 E849.92974
G1 X117.918 Y144.715 E853.55494
G1 X118.463 Y144.715 E853.58115
G1 X171.215 Y91.963 E857.16928
G1 X171.215 Y92.508 E857.19549
G1 X119.008 Y144.715 E860.74655
G1 X119.554 Y144.715 E860.77281
G1 X171.215 Y93.054 E864.28673
G1 X171.215 Y93.599 E864.31294
G1 X120.099 Y144.715 E867.78979
G1 X120.644 Y144.715 E867.816
G1 X171.215 Y94.144 E871.25578
G1 X171.215 Y94.69 E871.28204
G1 X121.19 Y144.715 E874.68468
G1 X121.735 Y144.715 E874.71089
G1 X171.215 Y95.235 E878.07646
G1 X171.215 Y95.781 E878.10272
G1 X122.28 Y144.715 E881.43118
G1 X122.826 Y144.715 E881.45744
G1 X171.215 Y96.326 E884.7488
G1 X171.215 Y96.871 E884.77501
G1 X123.371 Y144.715 E888.0293
G1 X123.917 Y144.715 E888.05556
G1 X171.215 Y97.417 E891.27271
G1 X171.215 Y97.962 E891.29892
G1 X124.462 Y144.715 E894.479
G1 X125.007 Y144.715 E894.50521
G1 X171.215 Y98.507 E897.64822
G1 X171.215 Y99.053 E897.67448
G1 X125.553 Y144.715 E900.78035
G1 X126.098 Y144.715 E900.80656
G1 X171.215 Y99.598 E903.87536
G1 X171.215 Y100.143 E903.90157
G1 X126.643 Y144.715 E906.9333
G1 X127.189 Y144.715 E906.95956
G1 X171.215 Y100.689 E909.95415
G1 X171.215 Y101.234 E909.98036
G1 X127.734 Y144.715 E912.93788
G1 X128.279 Y144.715 E912.96409
G1 X171.215 Y101.779 E915.88454
G1 X171.215 Y102.325 E915.9108
G1 X128.825 Y144.715 E918.79412
G1 X129.37 Y144.715 E918.82033
G1 X171.215 Y102.87 E921.66657
G1 X171.215 Y103.415 E921.69278
G1 X129.915 Y144.715 E924.50195
G1 X130.461 Y144.715 E924.52821
G1 X171.215 Y103.961 E927.30025
G1 X171.215 Y104.506 E927.32646
G1 X131.006 Y144.715 E930.06143
G1 X131.551 Y144.715 E930.08764
G1 X171.215 Y105.051 E932.78554
G1 X171.215 Y105.597 E932.8118
G1 X132.097 Y144.715 E935.47256
G1 X132.642 Y144.715 E935.49877
G1 X171.215 Y106.142 E938.12246
G1 X171.215 Y106.687 E938.14867
G1 X133.187 Y144.715 E940.73529
G1 X133.733 Y144.715 E940.76155
G1 X171.215 Y107.233 E943.31103
G1 X171.215 Y107.778 E943.33724
G1 X134.278 Y144.715 E945.84965
G1 X134.823 Y144.715 E945.87586
G1 X171.215 Y108.323 E948.3512
G1 X171.215 Y108.869 E948.37746
G1 X135.369 Y144.715 E950.81566
G1 X135.914 Y144.715 E950.84187
G1 X171.215 Y109.414 E953.243
G1 X171.215 Y109.96 E953.26926
G1 X136.46 Y144.715 E955.63325
G1 X137.005 Y144.715 E955.65946
G1 X171.215 Y110.505 E957.98638
G1 X171.215 Y111.05 E958.01259
G1 X137.55 Y144.715 E960.30244
G1 X138.096 Y144.715 E960.3287
G1 X171.215 Y111.596 E962.58141
G1 X171.215 Y112.141 E962.60762
G1 X138.641 Y144.715 E964.82326
G1 X139.186 Y144.715 E964.84947
G1 X171.215 Y112.686 E967.02804
G1 X171.215 Y113.232 E967.0543
G1 X139.732 Y144.715 E969.19573
G1 X140.277 Y144.715 E969.22194
G1 X171.215 Y113.777 E971.3263
G1 X171.215 Y114.322 E971.35251
G1 X140.822 Y144.715 E973.4198
G1 X141.368 Y144.715 E973.44606
G1 X171.215 Y114.868 E975.47622
G1 X171.215 Y115.413 E975.50243
G1 X141.913 Y144.715 E977.49552
G1 X142.458 Y144.715 E977.52173
G1 X171.215 Y115.958 E979.47775
G1 X171.215 Y116.504 E979.50401
G1 X143.004 Y144.715 E981.42289
G1 X143.549 Y144.715 E981.4491
G1 X171.215 Y117.049 E983.33091
G1 X171.215 Y117.594 E983.35712
G1 X144.094 Y144.715 E985.20186
G1 X144.64 Y144.715 E985.22812
G1 X171.215 Y118.14 E987.03572
G1 X171.215 Y118.685 E987.06193
G1 X145.185 Y144.715 E988.83246
G1 X145.73 Y144.715 E988.85867
G1 X171.215 Y119.23 E990.59213
G1 X171.215 Y119.776 E990.61839
G1 X146.276 Y144.715 E992.31471
G1 X146.821 Y144.715 E992.34092
G1 X171.215 Y120.321 E994.00017
G1 X171.215 Y120.866 E994.02638
G1 X147.366 Y144.715 E995.64856
G1 X147.912 Y144.715 E995.67482
G1 X171.215 Y121.412 E997.25986
G1 X171.215 Y121.957 E997.28607
G1 X148.457 Y144.715 E998.83404
G1 X149.003 Y144.715 E998.8603
G1 X171.215 Y122.503 E1000.37113
G1 X171.215 Y123.048 E1000.39734
G1 X149.548 Y144.715 E1001.8711
G1 X150.093 Y144.715 E1001.89731
G1 X171.215 Y123.593 E1003.334
G1 X171.215 Y124.139 E1003.36026
G1 X150.639 Y144.715 E1004.75981
G1 X151.184 Y144.715 E1004.78602
G1 X171.215 Y124.684 E1006.1485
G1 X171.215 Y125.229 E1006.17471
G1 X151.729 Y144.715 E1007.50012
G1 X152.275 Y144.715 E1007.52638
G1 X171.215 Y125.775 E1008.81466
G1 X171.215 Y126.32 E1008.84087
G1 X152.82 Y144.715 E1010.09208
G1 X153.365 Y144.715 E1010.11829
G1 X171.215 Y126.865 E1011.33242
G1 X171.215 Y127.411 E1011.35868
G1 X153.911 Y144.715 E1012.53568
G1 X154.456 Y144.715 E1012.56189
G1 X171.215 Y127.956 E1013.70182
G1 X171.215 Y128.501 E1013.72803
G1 X155.001 Y144.715 E1014.83089
G1 X155.547 Y144.715 E1014.85715
G1 X171.215 Y129.047 E1015.92287
G1 X171.215 Y129.592 E1015.94908
G1 X156.092 Y144.715 E1016.97773
G1 X156.637 Y144.715 E1017.00394
G1 X171.215 Y130.137 E1017.99552
G1 X171.215 Y130.683 E1018.02178
G1 X157.183 Y144.715 E1018.97622
G1 X157.728 Y144.715 E1019.00243
G1 X171.215 Y131.228 E1019.9198
G1 X171.215 Y131.773 E1019.94601
G1 X158.273 Y144.715 E1020.82631
G1 X158.819 Y144.715 E1020.85257
G1 X171.215 Y132.319 E1021.69573
G1 X171.215 Y132.864 E1021.72194
G1 X159.364 Y144.715 E1022.52803
G1 X159.909 Y144.715 E1022.55424
G1 X171.215 Y133.409 E1023.32326
G1 X171.215 Y133.955 E1023.34952
G1 X160.455 Y144.715 E1024.0814
G1 X161 Y144.715 E1024.10761
G1 X171.215 Y134.5 E1024.80242
G1 X171.215 Y135.046 E1024.82868
G1 X161.546 Y144.715 E1025.48635
G1 X162.091 Y144.715 E1025.51256
G1 X171.215 Y135.591 E1026.13316
G1 X171.215 Y136.136 E1026.15937
G1 X162.636 Y144.715 E1026.7429
G1 X163.182 Y144.715 E1026.76916
G1 X171.215 Y136.682 E1027.31555
G1 X171.215 Y137.227 E1027.34176
G1 X163.727 Y144.715 E1027.85108
G1 X164.272 Y144.715 E1027.87729
G1 X171.215 Y137.772 E1028.34954
G1 X171.215 Y138.318 E1028.3758
G1 X164.818 Y144.715 E1028.81092
G1 X165.363 Y144.715 E1028.83713
G1 X171.215 Y138.863 E1029.23518
G1 X171.215 Y139.408 E1029.26139
G1 X165.908 Y144.715 E1029.62237
G1 X166.454 Y144.715 E1029.64863
G1 X171.215 Y139.954 E1029.97247
G1 X171.215 Y140.499 E1029.99868
G1 X166.999 Y144.715 E1030.28545
G1 X167.544 Y144.715 E1030.31166
G1 X171.215 Y141.044 E1030.56136
G1 X171.215 Y141.59 E1030.58762
G1 X168.09 Y144.715 E1030.80018
G1 X168.635 Y144.715 E1030.82639
G1 X171.215 Y142.135 E1031.00188
G1 X171.215 Y142.68 E1031.02809
G1 X169.18 Y144.715 E1031.16651
G1 X169.608 Y144.909 E1031.18911
;WIDTH:0.404381
G1 X169.567 Y144.92 E1031.19091
G1 X169.548 Y144.849 E1031.19403
G1 X169.619 Y144.868 E1031.19715
;WIDTH:0.45
G1 X169.726 Y144.715 E1031.20613
G1 X171.215 Y143.226 E1031.30741
G1 X171.214 Y143.771 E1031.33362
;WIDTH:0.450287
G1 X170.96 Y143.926 E1031.34794
;WIDTH:0.404381
G1 X170.705 Y144.235 E1031.36493
G1 X170.377 Y144.515 E1031.38322
;WIDTH:0.450287
G1 X170.271 Y144.714 E1031.39407
G1 X170.271 Y144.714 F7800
G1 X170.758 Y144.621
;TYPE:Internal infill
;WIDTH:0.45
G1 F4800
G1 X171.215 Y144.498 E1031.41683
G1 E1029.41683 F2400
G92 E0
G1 X171.215 Y144.498 F7800
G1 X49.242 Y75.379
G1 E2 F2400
G1 F4800
G1 X48.785 Y75.502 E2.02276
;LAYER_CHANGE
;Z:2.15
;HEIGHT:0.3
 ; After First Layer

G1 Z2.15 F7800
G1 E.02276 F2400
G1 Z2.15 F7800
G1 X140.65 Y79.752
G1 E2.02276 F2400
;TYPE:Perimeter
;WIDTH:0.45
G1 F3600
G1 X140.741 Y79.686 E2.02817
G1 X140.926 Y79.392 E2.04488
G1 X140.996 Y79.032 E2.06252
G1 X140.996 Y74.996 E2.25664
G1 X171.504 Y74.996 E3.72397
G1 X171.504 Y93.458 E4.61193
G1 X171.504 Y145.004 E7.09111
G1 X48.496 Y145.004 E13.00737
G1 X48.496 Y74.996 E16.37451
G1 X79.004 Y74.996 E17.84184
G1 X79.014 Y79.174 E18.04279
G1 X79.111 Y79.474 E18.05795
G1 X79.322 Y79.748 E18.07458
G1 X79.621 Y79.932 E18.09147
G1 X79.968 Y79.996 E18.10844
G1 X140.08 Y79.995 E20.99962
G1 X140.439 Y79.906 E21.01741
G1 X140.601 Y79.787 E21.02708
G1 X140.601 Y79.787 F7800
G1 X140.415 Y79.449
G1 F3600
G1 X140.546 Y79.297 E21.03673
G1 X140.611 Y79.032 E21.04985
G1 X140.611 Y74.611 E21.26248
G1 X171.889 Y74.611 E22.76684
G1 X171.889 Y93.458 E23.67332
G1 X171.889 Y145.389 E26.17102
G1 X48.111 Y145.389 E32.12431
G1 X48.111 Y74.611 E35.52849
G1 X79.389 Y74.611 E37.03285
G1 X79.396 Y79.118 E37.24962
G1 X79.477 Y79.338 E37.2609
G1 X79.688 Y79.538 E37.27488
G1 X79.968 Y79.611 E37.2888
G1 X140.032 Y79.611 E40.17767
G1 X140.106 Y79.606 E40.18124
G1 X140.366 Y79.504 E40.19467
G1 X140.375 Y79.494 E40.19532
G1 X140.375 Y79.494 F7800
G1 X140.155 Y79.18
;TYPE:External perimeter
G1 F1800
G1 X140.225 Y79.032 E40.20319
G1 X140.225 Y74.225 E40.43439
G1 X172.275 Y74.225 E41.97588
G1 X172.275 Y93.458 E42.90092
G1 X172.275 Y145.775 E45.41719
G1 X47.725 Y145.775 E51.40761
G1 X47.725 Y74.225 E54.84892
G1 X79.775 Y74.225 E56.39041
G1 X79.775 Y79.032 E56.62161
G1 X79.819 Y79.155 E56.62789
G1 X79.968 Y79.225 E56.63581
G1 X140.032 Y79.225 E59.52468
G1 X140.099 Y79.201 E59.5281
G1 X140.218 Y78.819 F7800
G1 E57.5281 F2400
G92 E0
G1 X169.621 Y75.109 F7800
G1 E2 F2400
;TYPE:Top solid infill
;WIDTH:0.400415
G1 F900
G1 X171.24 Y76.728 E2.09596
G1 X171.24 Y77.203 E2.11587
G1 X169.297 Y75.26 E2.23104
G1 X168.822 Y75.26 E2.25095
G1 X171.24 Y77.678 E2.39427
G1 X171.24 Y78.154 E2.41422
G1 X168.346 Y75.26 E2.58575
G1 X167.871 Y75.26 E2.60566
G1 X171.24 Y78.629 E2.80535
G1 X171.24 Y79.104 E2.82526
G1 X167.396 Y75.26 E3.0531
G1 X166.921 Y75.26 E3.07301
G1 X171.24 Y79.579 E3.32901
G1 X171.24 Y80.054 E3.34892
G1 X166.446 Y75.26 E3.63307
G1 X165.97 Y75.26 E3.65302
G1 X171.24 Y80.53 E3.96539
G1 X171.24 Y81.005 E3.9853
G1 X165.495 Y75.26 E4.32582
G1 X165.02 Y75.26 E4.34573
G1 X171.24 Y81.48 E4.71441
G1 X171.24 Y81.955 E4.73432
G1 X164.545 Y75.26 E5.13115
G1 X164.069 Y75.26 E5.1511
G1 X171.24 Y82.431 E5.57614
G1 X171.24 Y82.906 E5.59605
G1 X163.594 Y75.26 E6.04925
G1 X163.119 Y75.26 E6.06916
G1 X171.24 Y83.381 E6.55051
G1 X171.24 Y83.856 E6.57042
G1 X162.644 Y75.26 E7.07993
G1 X162.168 Y75.26 E7.09988
G1 X171.24 Y84.332 E7.6376
G1 X171.24 Y84.807 E7.65751
G1 X161.693 Y75.26 E8.22338
G1 X161.218 Y75.26 E8.24329
G1 X171.24 Y85.282 E8.83732
G1 X171.24 Y85.757 E8.85723
G1 X160.743 Y75.26 E9.47941
G1 X160.268 Y75.26 E9.49932
G1 X171.24 Y86.232 E10.14966
G1 X171.24 Y86.708 E10.16961
G1 X159.792 Y75.26 E10.84816
G1 X159.317 Y75.26 E10.86807
G1 X171.24 Y87.183 E11.57478
G1 X171.24 Y87.658 E11.59469
G1 X158.842 Y75.26 E12.32955
G1 X158.367 Y75.26 E12.34946
G1 X171.24 Y88.133 E13.11248
G1 X171.24 Y88.609 E13.13243
G1 X157.891 Y75.26 E13.92366
G1 X157.416 Y75.26 E13.94357
G1 X171.24 Y89.084 E14.76295
G1 X171.24 Y89.559 E14.78286
G1 X156.941 Y75.26 E15.6304
G1 X156.466 Y75.26 E15.65031
G1 X171.24 Y90.034 E16.526
G1 X171.24 Y90.509 E16.54591
G1 X155.991 Y75.26 E17.44976
G1 X155.515 Y75.26 E17.46971
G1 X171.24 Y90.985 E18.40177
G1 X171.24 Y91.46 E18.42168
G1 X155.04 Y75.26 E19.3819
G1 X154.565 Y75.26 E19.40181
G1 X171.24 Y91.935 E20.39018
G1 X171.24 Y92.41 E20.41009
G1 X154.09 Y75.26 E21.42661
G1 X153.614 Y75.26 E21.44656
G1 X171.24 Y92.886 E22.4913
G1 X171.24 Y93.361 E22.51121
G1 X153.139 Y75.26 E23.5841
G1 X152.664 Y75.26 E23.60401
G1 X171.24 Y93.836 E24.70506
G1 X171.24 Y94.311 E24.72497
G1 X152.189 Y75.26 E25.85417
G1 X151.714 Y75.26 E25.87408
G1 X171.24 Y94.786 E27.03144
G1 X171.24 Y95.262 E27.05139
G1 X151.238 Y75.26 E28.23696
G1 X150.763 Y75.26 E28.25687
G1 X171.24 Y95.737 E29.47059
G1 X171.24 Y96.212 E29.4905
G1 X150.288 Y75.26 E30.73238
G1 X149.813 Y75.26 E30.75229
G1 X171.24 Y96.687 E32.02232
G1 X171.24 Y97.163 E32.04227
G1 X149.337 Y75.26 E33.34052
G1 X148.862 Y75.26 E33.36043
G1 X171.24 Y97.638 E34.68683
G1 X171.24 Y98.113 E34.70674
G1 X148.387 Y75.26 E36.0613
G1 X147.912 Y75.26 E36.08121
G1 X171.24 Y98.588 E37.46392
G1 X171.24 Y99.063 E37.48383
G1 X147.437 Y75.26 E38.89469
G1 X146.961 Y75.26 E38.91464
G1 X171.24 Y99.539 E40.35372
G1 X171.24 Y100.014 E40.37363
G1 X146.486 Y75.26 E41.84086
G1 X146.011 Y75.26 E41.86077
G1 X171.24 Y100.489 E43.35616
G1 X171.24 Y100.964 E43.37607
G1 X145.536 Y75.26 E44.89961
G1 X145.06 Y75.26 E44.91956
G1 X171.24 Y101.44 E46.47132
G1 X171.24 Y101.915 E46.49123
G1 X144.585 Y75.26 E48.07114
G1 X144.11 Y75.26 E48.09105
G1 X171.24 Y102.39 E49.69911
G1 X171.24 Y102.865 E49.71902
G1 X143.635 Y75.26 E51.35524
G1 X143.16 Y75.26 E51.37515
G1 X171.24 Y103.34 E53.03952
G1 X171.24 Y103.816 E53.05947
G1 X142.684 Y75.26 E54.75206
G1 X142.209 Y75.26 E54.77197
G1 X171.24 Y104.291 E56.49271
G1 X171.24 Y104.766 E56.51262
G1 X141.734 Y75.26 E58.26152
G1 X141.26 Y75.262 E58.28139
G1 X171.24 Y105.241 E60.05835
G1 X171.24 Y105.717 E60.0783
G1 X141.26 Y75.737 E61.85529
G1 X141.26 Y76.213 E61.87524
G1 X171.24 Y106.192 E63.6522
G1 X171.24 Y106.667 E63.67211
G1 X141.26 Y76.688 E65.44907
G1 X141.26 Y77.163 E65.46898
G1 X171.24 Y107.142 E67.24594
G1 X171.24 Y107.617 E67.26585
G1 X141.26 Y77.638 E69.04281
G1 X141.26 Y78.114 E69.06276
G1 X171.24 Y108.093 E70.83972
G1 X171.24 Y108.568 E70.85963
G1 X141.26 Y78.589 E72.63659
G1 X141.257 Y79.061 E72.65637
G1 X171.24 Y109.043 E74.43351
G1 X171.24 Y109.518 E74.45342
G1 X141.179 Y79.457 E76.23521
G1 X141.125 Y79.594 E76.24138
G1 X141.014 Y79.768 E76.25003
G1 X171.24 Y109.994 E78.0416
G1 X171.24 Y110.469 E78.06151
G1 X140.779 Y80.008 E79.86701
G1 X140.474 Y80.178 E79.88164
G1 X171.24 Y110.944 E81.70522
G1 X171.24 Y111.419 E81.72513
G1 X140.079 Y80.259 E83.57209
G1 X139.604 Y80.259 E83.592
G1 X171.24 Y111.894 E85.46712
G1 X171.24 Y112.37 E85.48707
G1 X139.129 Y80.259 E87.39037
G1 X138.654 Y80.259 E87.41028
G1 X171.24 Y112.845 E89.34173
G1 X171.24 Y113.32 E89.36164
G1 X138.178 Y80.259 E91.32128
G1 X137.703 Y80.259 E91.34119
G1 X171.24 Y113.795 E93.32898
G1 X171.24 Y114.271 E93.34893
G1 X137.228 Y80.259 E95.36491
G1 X136.753 Y80.259 E95.38482
G1 X171.24 Y114.746 E97.42895
G1 X171.24 Y115.221 E97.44886
G1 X136.278 Y80.259 E99.52115
G1 X135.802 Y80.259 E99.5411
G1 X171.24 Y115.696 E101.64157
G1 X171.24 Y116.172 E101.66152
G1 X135.327 Y80.259 E103.79017
G1 X134.852 Y80.259 E103.81008
G1 X171.24 Y116.647 E105.96689
G1 X171.24 Y117.122 E105.9868
G1 X134.377 Y80.259 E108.17176
G1 X133.902 Y80.259 E108.19167
G1 X171.24 Y117.597 E110.40479
G1 X171.24 Y118.072 E110.4247
G1 X133.426 Y80.259 E112.666
G1 X132.951 Y80.259 E112.68591
G1 X171.24 Y118.548 E114.9554
G1 X171.24 Y119.023 E114.97531
G1 X132.476 Y80.259 E117.27295
G1 X132.001 Y80.259 E117.29286
G1 X171.24 Y119.498 E119.61866
G1 X171.24 Y119.973 E119.63857
G1 X131.525 Y80.259 E121.99255
G1 X131.05 Y80.259 E122.01246
G1 X171.24 Y120.449 E124.39462
G1 X171.24 Y120.924 E124.41453
G1 X130.575 Y80.259 E126.82485
G1 X130.1 Y80.259 E126.84476
G1 X171.24 Y121.399 E129.28323
G1 X171.24 Y121.874 E129.30314
G1 X129.625 Y80.259 E131.76977
G1 X129.149 Y80.259 E131.78972
G1 X171.24 Y122.349 E134.28453
G1 X171.24 Y122.825 E134.30448
G1 X128.674 Y80.259 E136.82747
G1 X128.199 Y80.259 E136.84738
G1 X171.24 Y123.3 E139.39853
G1 X171.24 Y123.775 E139.41844
G1 X127.724 Y80.259 E141.99774
G1 X127.249 Y80.259 E142.01765
G1 X171.24 Y124.25 E144.62511
G1 X171.24 Y124.726 E144.64506
G1 X126.773 Y80.259 E147.28073
G1 X126.298 Y80.259 E147.30064
G1 X171.24 Y125.201 E149.96447
G1 X171.24 Y125.676 E149.98438
G1 X125.823 Y80.259 E152.67636
G1 X125.348 Y80.259 E152.69627
G1 X171.24 Y126.151 E155.41641
G1 X171.24 Y126.626 E155.43632
G1 X124.872 Y80.259 E158.18464
G1 X124.397 Y80.259 E158.20455
G1 X171.24 Y127.102 E160.98105
G1 X171.24 Y127.577 E161.00096
G1 X123.922 Y80.259 E163.80562
G1 X123.447 Y80.259 E163.82553
G1 X171.24 Y128.052 E166.65834
G1 X171.24 Y128.527 E166.67825
G1 X122.972 Y80.259 E169.53922
G1 X122.496 Y80.259 E169.55917
G1 X171.24 Y129.003 E172.44835
G1 X171.24 Y129.478 E172.46826
G1 X122.021 Y80.259 E175.3856
G1 X121.546 Y80.259 E175.40551
G1 X171.24 Y129.953 E178.351
G1 X171.24 Y130.428 E178.37091
G1 X121.071 Y80.259 E181.34455
G1 X120.595 Y80.259 E181.3645
G1 X171.24 Y130.903 E184.36633
G1 X171.24 Y131.379 E184.38628
G1 X120.12 Y80.259 E187.41629
G1 X119.645 Y80.259 E187.4362
G1 X171.24 Y131.854 E190.49437
G1 X171.24 Y132.329 E190.51428
G1 X119.17 Y80.259 E193.6006
G1 X118.695 Y80.259 E193.62051
G1 X171.24 Y132.804 E196.73499
G1 X171.24 Y133.28 E196.75494
G1 X118.219 Y80.259 E199.89763
G1 X117.744 Y80.259 E199.91754
G1 X171.24 Y133.755 E203.08838
G1 X171.24 Y134.23 E203.10829
G1 X117.269 Y80.259 E206.30729
G1 X116.794 Y80.259 E206.3272
G1 X171.24 Y134.705 E209.55435
G1 X171.24 Y135.18 E209.57426
G1 X116.319 Y80.259 E212.82957
G1 X115.843 Y80.259 E212.84952
G1 X171.24 Y135.656 E216.13304
G1 X171.24 Y136.131 E216.15295
G1 X115.368 Y80.259 E219.46463
G1 X114.893 Y80.259 E219.48454
G1 X171.24 Y136.606 E222.82437
G1 X171.24 Y137.081 E222.84428
G1 X114.418 Y80.259 E226.21226
G1 X113.942 Y80.259 E226.23221
G1 X171.24 Y137.557 E229.62841
G1 X171.24 Y138.032 E229.64832
G1 X113.467 Y80.26 E233.07264
G1 X112.992 Y80.26 E233.09255
G1 X171.24 Y138.507 E236.54503
G1 X171.24 Y138.982 E236.56494
G1 X112.517 Y80.26 E240.04557
G1 X112.042 Y80.26 E240.06548
G1 X171.24 Y139.457 E243.57427
G1 X171.24 Y139.933 E243.59422
G1 X111.566 Y80.26 E247.13122
G1 X111.091 Y80.26 E247.15113
G1 X171.24 Y140.408 E250.71628
G1 X171.24 Y140.883 E250.73619
G1 X110.616 Y80.26 E254.3295
G1 X110.141 Y80.26 E254.34941
G1 X171.24 Y141.358 E257.97087
G1 X171.24 Y141.834 E257.99082
G1 X109.666 Y80.26 E261.64047
G1 X109.19 Y80.26 E261.66042
G1 X171.24 Y142.309 E265.33825
G1 X171.24 Y142.784 E265.35816
G1 X108.715 Y80.26 E269.06415
G1 X108.24 Y80.26 E269.08406
G1 X171.24 Y143.259 E272.8182
G1 X171.24 Y143.734 E272.83811
G1 X107.765 Y80.26 E276.6004
G1 X107.289 Y80.26 E276.62035
G1 X170.925 Y143.895 E280.39219
G1 X170.739 Y144.184 E280.40659
G1 X106.814 Y80.26 E284.19556
G1 X106.339 Y80.26 E284.21547
G1 X170.462 Y144.382 E288.01617
G1 X170.358 Y144.449 E288.02136
G1 X170.28 Y144.646 E288.03024
G1 X170.29 Y144.686 E288.03197
G1 X105.864 Y80.26 E291.85066
G1 X105.389 Y80.26 E291.87057
G1 X169.869 Y144.74 E295.69246
G1 X169.393 Y144.74 E295.71241
G1 X104.913 Y80.26 E299.5343
G1 X104.438 Y80.26 E299.55421
G1 X168.918 Y144.74 E303.3761
G1 X168.443 Y144.74 E303.39601
G1 X103.963 Y80.26 E307.2179
G1 X103.488 Y80.26 E307.23781
G1 X167.968 Y144.74 E311.0597
G1 X167.492 Y144.74 E311.07965
G1 X103.013 Y80.26 E314.90151
G1 X102.537 Y80.26 E314.92146
G1 X167.017 Y144.74 E318.74335
G1 X166.542 Y144.74 E318.76326
G1 X102.062 Y80.26 E322.58515
G1 X101.587 Y80.26 E322.60506
G1 X166.067 Y144.74 E326.42695
G1 X165.591 Y144.74 E326.4469
G1 X101.112 Y80.26 E330.26876
G1 X100.636 Y80.26 E330.28871
G1 X165.116 Y144.74 E334.1106
G1 X164.641 Y144.74 E334.13051
G1 X100.161 Y80.26 E337.9524
G1 X99.686 Y80.26 E337.97231
G1 X164.166 Y144.74 E341.7942
G1 X163.691 Y144.74 E341.81411
G1 X99.211 Y80.26 E345.636
G1 X98.736 Y80.26 E345.65591
G1 X163.215 Y144.74 E349.47777
G1 X162.74 Y144.74 E349.49768
G1 X98.26 Y80.26 E353.31957
G1 X97.785 Y80.26 E353.33948
G1 X162.265 Y144.74 E357.16137
G1 X161.79 Y144.74 E357.18128
G1 X97.31 Y80.26 E361.00317
G1 X96.835 Y80.26 E361.02308
G1 X161.314 Y144.74 E364.84494
G1 X160.839 Y144.74 E364.86485
G1 X96.36 Y80.26 E368.68671
G1 X95.884 Y80.26 E368.70666
G1 X160.364 Y144.74 E372.52855
G1 X159.889 Y144.74 E372.54846
G1 X95.409 Y80.26 E376.37035
G1 X94.934 Y80.26 E376.39026
G1 X159.414 Y144.74 E380.21215
G1 X158.938 Y144.74 E380.2321
G1 X94.459 Y80.26 E384.05396
G1 X93.983 Y80.26 E384.07391
G1 X158.463 Y144.74 E387.8958
G1 X157.988 Y144.74 E387.91571
G1 X93.508 Y80.26 E391.7376
G1 X93.033 Y80.26 E391.75751
G1 X157.513 Y144.74 E395.5794
G1 X157.037 Y144.74 E395.59935
G1 X92.558 Y80.26 E399.42121
G1 X92.083 Y80.26 E399.44112
G1 X156.562 Y144.74 E403.26298
G1 X156.087 Y144.74 E403.28289
G1 X91.607 Y80.26 E407.10478
G1 X91.132 Y80.26 E407.12469
G1 X155.612 Y144.74 E410.94658
G1 X155.137 Y144.74 E410.96649
G1 X90.657 Y80.26 E414.78838
G1 X90.182 Y80.26 E414.80829
G1 X154.661 Y144.74 E418.63015
G1 X154.186 Y144.74 E418.65006
G1 X89.706 Y80.26 E422.47195
G1 X89.231 Y80.26 E422.49186
G1 X153.711 Y144.74 E426.31375
G1 X153.236 Y144.74 E426.33366
G1 X88.756 Y80.26 E430.15555
G1 X88.281 Y80.26 E430.17546
G1 X152.76 Y144.74 E433.99732
G1 X152.285 Y144.74 E434.01723
G1 X87.806 Y80.26 E437.83909
G1 X87.33 Y80.26 E437.85904
G1 X151.81 Y144.74 E441.68093
G1 X151.335 Y144.74 E441.70084
G1 X86.855 Y80.26 E445.52273
G1 X86.38 Y80.26 E445.54264
G1 X150.86 Y144.74 E449.36453
G1 X150.384 Y144.74 E449.38448
G1 X85.905 Y80.26 E453.20634
G1 X85.43 Y80.26 E453.22625
G1 X149.909 Y144.74 E457.04811
G1 X149.434 Y144.74 E457.06802
G1 X84.954 Y80.26 E460.88991
G1 X84.479 Y80.26 E460.90982
G1 X148.959 Y144.74 E464.73171
G1 X148.483 Y144.74 E464.75166
G1 X84.004 Y80.26 E468.57352
G1 X83.529 Y80.26 E468.59343
G1 X148.008 Y144.74 E472.41529
G1 X147.533 Y144.74 E472.4352
G1 X83.053 Y80.26 E476.25709
G1 X82.578 Y80.26 E476.277
G1 X147.058 Y144.74 E480.09889
G1 X146.583 Y144.74 E480.1188
G1 X82.103 Y80.26 E483.94069
G1 X81.628 Y80.26 E483.9606
G1 X146.107 Y144.74 E487.78246
G1 X145.632 Y144.74 E487.80237
G1 X81.153 Y80.26 E491.62423
G1 X80.677 Y80.26 E491.64418
G1 X145.157 Y144.74 E495.46607
G1 X144.682 Y144.74 E495.48598
G1 X80.051 Y80.109 E499.31682
G1 E497.31682 F2400
G92 E0
G1 X80.051 Y80.109 F7800
G1 X78.891 Y75.622
G1 E2 F2400
G1 F900
G1 X78.529 Y75.26 E2.02146
G1 X78.054 Y75.26 E2.04137
G1 X78.74 Y75.946 E2.08203
G1 X78.74 Y76.421 E2.10194
G1 X77.579 Y75.26 E2.17076
G1 X77.103 Y75.26 E2.19071
G1 X78.74 Y76.897 E2.28774
G1 X78.74 Y77.372 E2.30765
G1 X76.628 Y75.26 E2.43283
G1 X76.153 Y75.26 E2.45274
G1 X78.74 Y77.847 E2.60608
G1 X78.74 Y78.322 E2.62599
G1 X75.678 Y75.26 E2.80748
G1 X75.203 Y75.26 E2.82739
G1 X78.891 Y78.948 E3.04599
G1 E1.04599 F2400
G92 E0
G1 X78.891 Y78.948 F7800
G1 X74.576 Y75.109
G1 E2 F2400
G1 F900
G1 X78.779 Y79.313 E2.24915
G1 X78.828 Y79.49 E2.25685
G1 X78.926 Y79.683 E2.26592
G1 X79.106 Y79.907 E2.27796
G1 X79.296 Y80.061 E2.28821
G1 X79.488 Y80.163 E2.29732
G1 X79.696 Y80.229 E2.30647
G1 X144.206 Y144.74 E6.13017
G1 X143.731 Y144.74 E6.15008
G1 X74.252 Y75.26 E10.26831
G1 X73.777 Y75.26 E10.28822
G1 X143.256 Y144.74 E14.40645
G1 X142.781 Y144.74 E14.42636
G1 X73.302 Y75.26 E18.54459
G1 X72.826 Y75.26 E18.56454
G1 X142.306 Y144.74 E22.6828
G1 X141.83 Y144.74 E22.70275
G1 X72.351 Y75.26 E26.82098
G1 X71.876 Y75.26 E26.84089
G1 X141.355 Y144.74 E30.95912
G1 X140.88 Y144.74 E30.97903
G1 X71.401 Y75.26 E35.09726
G1 X70.926 Y75.26 E35.11717
G1 X140.405 Y144.74 E39.2354
G1 X139.929 Y144.74 E39.25535
G1 X70.45 Y75.26 E43.37358
G1 X69.975 Y75.26 E43.39349
G1 X139.454 Y144.74 E47.51172
G1 X138.979 Y144.74 E47.53163
G1 X69.5 Y75.26 E51.64986
G1 X69.025 Y75.26 E51.66977
G1 X138.504 Y144.74 E55.788
G1 X138.029 Y144.74 E55.80791
G1 X68.549 Y75.26 E59.92617
G1 X68.074 Y75.26 E59.94608
G1 X137.553 Y144.74 E64.06431
G1 X137.078 Y144.74 E64.08422
G1 X67.599 Y75.26 E68.20245
G1 X67.124 Y75.26 E68.22236
G1 X136.603 Y144.74 E72.34059
G1 X136.128 Y144.74 E72.3605
G1 X66.649 Y75.26 E76.47873
G1 X66.173 Y75.26 E76.49868
G1 X135.652 Y144.74 E80.61691
G1 X135.177 Y144.74 E80.63682
G1 X65.698 Y75.26 E84.75505
G1 X65.223 Y75.26 E84.77496
G1 X134.702 Y144.74 E88.89319
G1 X134.227 Y144.74 E88.9131
G1 X64.748 Y75.26 E93.03133
G1 X64.272 Y75.26 E93.05128
G1 X133.751 Y144.74 E97.16951
G1 X133.276 Y144.74 E97.18942
G1 X63.797 Y75.26 E101.30765
G1 X63.322 Y75.26 E101.32756
G1 X132.801 Y144.74 E105.44579
G1 X132.326 Y144.74 E105.4657
G1 X62.847 Y75.26 E109.58393
G1 X62.371 Y75.26 E109.60388
G1 X131.851 Y144.74 E113.72214
G1 X131.375 Y144.74 E113.74209
G1 X61.896 Y75.26 E117.86032
G1 X61.421 Y75.26 E117.88023
G1 X130.9 Y144.74 E121.99846
G1 X130.425 Y144.74 E122.01837
G1 X60.946 Y75.26 E126.1366
G1 X60.471 Y75.26 E126.15651
G1 X129.95 Y144.74 E130.27474
G1 X129.474 Y144.74 E130.29469
G1 X59.995 Y75.26 E134.41292
G1 X59.52 Y75.26 E134.43283
G1 X128.999 Y144.74 E138.55106
G1 X128.524 Y144.74 E138.57097
G1 X59.045 Y75.26 E142.6892
G1 X58.57 Y75.26 E142.70911
G1 X128.049 Y144.74 E146.82734
G1 X127.574 Y144.74 E146.84725
G1 X58.094 Y75.26 E150.96551
G1 X57.619 Y75.26 E150.98542
G1 X127.098 Y144.74 E155.10365
G1 X126.623 Y144.74 E155.12356
G1 X57.144 Y75.26 E159.24179
G1 X56.669 Y75.26 E159.2617
G1 X126.148 Y144.74 E163.37993
G1 X125.673 Y144.74 E163.39984
G1 X56.194 Y75.26 E167.51807
G1 X55.718 Y75.26 E167.53802
G1 X125.197 Y144.74 E171.65625
G1 X124.722 Y144.74 E171.67616
G1 X55.243 Y75.26 E175.79439
G1 X54.768 Y75.26 E175.8143
G1 X124.247 Y144.74 E179.93253
G1 X123.772 Y144.74 E179.95244
G1 X54.293 Y75.26 E184.07067
G1 X53.817 Y75.26 E184.09062
G1 X123.297 Y144.74 E188.20888
G1 X122.821 Y144.74 E188.22883
G1 X53.342 Y75.26 E192.34706
G1 X52.867 Y75.26 E192.36697
G1 X122.346 Y144.74 E196.4852
G1 X121.871 Y144.74 E196.50511
G1 X52.392 Y75.26 E200.62334
G1 X51.917 Y75.26 E200.64325
G1 X121.396 Y144.74 E204.76148
G1 X120.92 Y144.74 E204.78143
G1 X51.441 Y75.26 E208.89966
G1 X50.966 Y75.26 E208.91957
G1 X120.445 Y144.74 E213.0378
G1 X119.97 Y144.74 E213.05771
G1 X50.491 Y75.26 E217.17594
G1 X50.016 Y75.26 E217.19585
G1 X119.495 Y144.74 E221.31408
G1 X119.02 Y144.74 E221.33399
G1 X49.695 Y75.415 E225.44306
G1 X49.642 Y75.551 E225.44918
G1 X49.468 Y75.663 E225.45785
G1 X118.544 Y144.74 E229.55219
G1 X118.069 Y144.74 E229.5721
G1 X49.231 Y75.901 E233.65233
G1 X49.075 Y76.22 E233.66721
G1 X117.594 Y144.74 E237.72853
G1 X117.119 Y144.74 E237.74844
G1 X48.76 Y76.381 E241.80025
G1 X48.76 Y76.857 E241.8202
G1 X116.643 Y144.74 E245.8438
G1 X116.168 Y144.74 E245.86371
G1 X48.76 Y77.332 E249.85915
G1 X48.76 Y77.807 E249.87906
G1 X115.693 Y144.74 E253.84635
G1 X115.218 Y144.74 E253.86626
G1 X48.76 Y78.282 E257.80539
G1 X48.76 Y78.757 E257.8253
G1 X114.743 Y144.74 E261.73628
G1 X114.267 Y144.74 E261.75623
G1 X48.76 Y79.233 E265.639
G1 X48.76 Y79.708 E265.65891
G1 X113.792 Y144.74 E269.51352
G1 X113.317 Y144.74 E269.53343
G1 X48.76 Y80.183 E273.35989
G1 X48.76 Y80.658 E273.3798
G1 X112.842 Y144.74 E277.1781
G1 X112.366 Y144.74 E277.19805
G1 X48.76 Y81.134 E280.96814
G1 X48.76 Y81.609 E280.98805
G1 X111.891 Y144.74 E284.72998
G1 X111.416 Y144.74 E284.74989
G1 X48.76 Y82.084 E288.46367
G1 X48.76 Y82.559 E288.48358
G1 X110.941 Y144.74 E292.16921
G1 X110.466 Y144.74 E292.18912
G1 X48.76 Y83.034 E295.84659
G1 X48.76 Y83.51 E295.86654
G1 X109.99 Y144.74 E299.4958
G1 X109.515 Y144.74 E299.51571
G1 X48.76 Y83.985 E303.11681
G1 X48.76 Y84.46 E303.13672
G1 X109.04 Y144.74 E306.70967
G1 X108.565 Y144.74 E306.72958
G1 X48.76 Y84.935 E310.27437
G1 X48.76 Y85.411 E310.29432
G1 X108.089 Y144.74 E313.8109
G1 X107.614 Y144.74 E313.83081
G1 X48.76 Y85.886 E317.31924
G1 X48.76 Y86.361 E317.33915
G1 X107.139 Y144.74 E320.79942
G1 X106.664 Y144.74 E320.81933
G1 X48.76 Y86.836 E324.25145
G1 X48.76 Y87.311 E324.27136
G1 X106.189 Y144.74 E327.67532
G1 X105.713 Y144.74 E327.69527
G1 X48.76 Y87.787 E331.07102
G1 X48.76 Y88.262 E331.09093
G1 X105.238 Y144.74 E334.43852
G1 X104.763 Y144.74 E334.45843
G1 X48.76 Y88.737 E337.77787
G1 X48.76 Y89.212 E337.79778
G1 X104.288 Y144.74 E341.08907
G1 X103.812 Y144.74 E341.10902
G1 X48.76 Y89.688 E344.37209
G1 X48.76 Y90.163 E344.392
G1 X103.337 Y144.74 E347.62692
G1 X102.862 Y144.74 E347.64683
G1 X48.76 Y90.638 E350.85359
G1 X48.76 Y91.113 E350.8735
G1 X102.387 Y144.74 E354.05211
G1 X101.912 Y144.74 E354.07202
G1 X48.76 Y91.589 E357.22244
G1 X48.76 Y92.064 E357.24235
G1 X101.436 Y144.74 E360.36459
G1 X100.961 Y144.74 E360.3845
G1 X48.76 Y92.539 E363.47859
G1 X48.76 Y93.014 E363.4985
G1 X100.486 Y144.74 E366.56443
G1 X100.011 Y144.74 E366.58434
G1 X48.76 Y93.489 E369.62212
G1 X48.76 Y93.965 E369.64207
G1 X99.535 Y144.74 E372.65163
G1 X99.06 Y144.74 E372.67154
G1 X48.76 Y94.44 E375.65295
G1 X48.76 Y94.915 E375.67286
G1 X98.585 Y144.74 E378.62611
G1 X98.11 Y144.74 E378.64602
G1 X48.76 Y95.39 E381.57112
G1 X48.76 Y95.866 E381.59107
G1 X97.634 Y144.74 E384.48796
G1 X97.159 Y144.74 E384.50787
G1 X48.76 Y96.341 E387.3766
G1 X48.76 Y96.816 E387.39651
G1 X96.684 Y144.74 E390.23709
G1 X96.209 Y144.74 E390.257
G1 X48.76 Y97.291 E393.06942
G1 X48.76 Y97.766 E393.08933
G1 X95.734 Y144.74 E395.8736
G1 X95.258 Y144.74 E395.89355
G1 X48.76 Y98.242 E398.6496
G1 X48.76 Y98.717 E398.66951
G1 X94.783 Y144.74 E401.39741
G1 X94.308 Y144.74 E401.41732
G1 X48.76 Y99.192 E404.11707
G1 X48.76 Y99.667 E404.13698
G1 X93.833 Y144.74 E406.80857
G1 X93.357 Y144.74 E406.82852
G1 X48.76 Y100.143 E409.4719
G1 X48.76 Y100.618 E409.49181
G1 X92.882 Y144.74 E412.10703
G1 X92.407 Y144.74 E412.12694
G1 X48.76 Y101.093 E414.71401
G1 X48.76 Y101.568 E414.73392
G1 X91.932 Y144.74 E417.29283
G1 X91.457 Y144.74 E417.31274
G1 X48.76 Y102.043 E419.8435
G1 X48.76 Y102.519 E419.86345
G1 X90.981 Y144.74 E422.366
G1 X90.506 Y144.74 E422.38591
G1 X48.76 Y102.994 E424.8603
G1 X48.76 Y103.469 E424.88021
G1 X90.031 Y144.74 E427.32645
G1 X89.556 Y144.74 E427.34636
G1 X48.76 Y103.944 E429.76444
G1 X48.76 Y104.42 E429.78439
G1 X89.08 Y144.74 E432.17426
G1 X88.605 Y144.74 E432.19417
G1 X48.76 Y104.895 E434.55588
G1 X48.76 Y105.37 E434.57579
G1 X88.13 Y144.74 E436.90935
G1 X87.655 Y144.74 E436.92926
G1 X48.76 Y105.845 E439.23467
G1 X48.76 Y106.32 E439.25458
G1 X87.18 Y144.74 E441.53183
G1 X86.704 Y144.74 E441.55178
G1 X48.76 Y106.796 E443.80082
G1 X48.76 Y107.271 E443.82073
G1 X86.229 Y144.74 E446.04161
G1 X85.754 Y144.74 E446.06152
G1 X48.76 Y107.746 E448.25425
G1 X48.76 Y108.221 E448.27416
G1 X85.279 Y144.74 E450.43873
G1 X84.803 Y144.74 E450.45868
G1 X48.76 Y108.697 E452.59504
G1 X48.76 Y109.172 E452.61495
G1 X84.328 Y144.74 E454.72316
G1 X83.853 Y144.74 E454.74307
G1 X48.76 Y109.647 E456.82312
G1 X48.76 Y110.122 E456.84303
G1 X83.378 Y144.74 E458.89493
G1 X82.903 Y144.74 E458.91484
G1 X48.76 Y110.597 E460.93858
G1 X48.76 Y111.073 E460.95853
G1 X82.427 Y144.74 E462.95406
G1 X81.952 Y144.74 E462.97397
G1 X48.76 Y111.548 E464.94134
G1 X48.76 Y112.023 E464.96125
G1 X81.477 Y144.74 E466.90047
G1 X81.002 Y144.74 E466.92038
G1 X48.76 Y112.498 E468.83145
G1 X48.76 Y112.974 E468.8514
G1 X80.526 Y144.74 E470.73425
G1 X80.051 Y144.74 E470.75416
G1 X48.76 Y113.449 E472.60886
G1 X48.76 Y113.924 E472.62877
G1 X79.576 Y144.74 E474.45531
G1 X79.101 Y144.74 E474.47522
G1 X48.76 Y114.399 E476.27361
G1 X48.76 Y114.874 E476.29352
G1 X78.626 Y144.74 E478.06375
G1 X78.15 Y144.74 E478.0837
G1 X48.76 Y115.35 E479.82572
G1 X48.76 Y115.825 E479.84563
G1 X77.675 Y144.74 E481.5595
G1 X77.2 Y144.74 E481.57941
G1 X48.76 Y116.3 E483.26512
G1 X48.76 Y116.775 E483.28503
G1 X76.725 Y144.74 E484.94259
G1 X76.249 Y144.74 E484.96254
G1 X48.76 Y117.251 E486.59188
G1 X48.76 Y117.726 E486.61179
G1 X75.774 Y144.74 E488.21298
G1 X75.299 Y144.74 E488.23289
G1 X48.76 Y118.201 E489.80592
G1 X48.76 Y118.676 E489.82583
G1 X74.824 Y144.74 E491.37071
G1 X74.349 Y144.74 E491.39062
G1 X48.76 Y119.151 E492.90734
G1 X48.76 Y119.627 E492.92729
G1 X73.873 Y144.74 E494.4158
G1 X73.398 Y144.74 E494.43571
G1 X48.76 Y120.102 E495.89607
G1 X48.76 Y120.577 E495.91598
G1 X72.923 Y144.74 E497.34818
G1 X72.448 Y144.74 E497.36809
G1 X48.76 Y121.052 E498.77214
G1 X48.76 Y121.528 E498.79209
G1 X71.972 Y144.74 E500.16792
G1 X71.497 Y144.74 E500.18783
G1 X48.76 Y122.003 E501.53551
G1 X48.76 Y122.478 E501.55542
G1 X71.022 Y144.74 E502.87495
G1 X70.547 Y144.74 E502.89486
G1 X48.76 Y122.953 E504.18623
G1 X48.76 Y123.429 E504.20618
G1 X70.072 Y144.74 E505.46937
G1 X69.596 Y144.74 E505.48932
G1 X48.76 Y123.904 E506.72432
G1 X48.76 Y124.379 E506.74423
G1 X69.121 Y144.74 E507.95108
G1 X68.646 Y144.74 E507.97099
G1 X48.76 Y124.854 E509.14968
G1 X48.76 Y125.329 E509.16959
G1 X68.171 Y144.74 E510.32013
G1 X67.695 Y144.74 E510.34008
G1 X48.76 Y125.805 E511.46241
G1 X48.76 Y126.28 E511.48232
G1 X67.22 Y144.74 E512.57649
G1 X66.745 Y144.74 E512.5964
G1 X48.76 Y126.755 E513.66242
G1 X48.76 Y127.23 E513.68233
G1 X66.27 Y144.74 E514.72019
G1 X65.794 Y144.74 E514.74014
G1 X48.76 Y127.706 E515.74979
G1 X48.76 Y128.181 E515.7697
G1 X65.319 Y144.74 E516.75119
G1 X64.844 Y144.74 E516.7711
G1 X48.76 Y128.656 E517.72444
G1 X48.76 Y129.131 E517.74435
G1 X64.369 Y144.74 E518.66954
G1 X63.894 Y144.74 E518.68945
G1 X48.76 Y129.606 E519.58648
G1 X48.76 Y130.082 E519.60643
G1 X63.418 Y144.74 E520.47525
G1 X62.943 Y144.74 E520.49516
G1 X48.76 Y130.557 E521.33582
G1 X48.76 Y131.032 E521.35573
G1 X62.468 Y144.74 E522.16824
G1 X61.993 Y144.74 E522.18815
G1 X48.76 Y131.507 E522.9725
G1 X48.76 Y131.983 E522.99245
G1 X61.517 Y144.74 E523.74859
G1 X61.042 Y144.74 E523.7685
G1 X48.76 Y132.458 E524.49649
G1 X48.76 Y132.933 E524.5164
G1 X60.567 Y144.74 E525.21623
G1 X60.092 Y144.74 E525.23614
G1 X48.76 Y133.408 E525.90782
G1 X48.76 Y133.883 E525.92773
G1 X59.617 Y144.74 E526.57125
G1 X59.141 Y144.74 E526.5912
G1 X48.76 Y134.359 E527.20651
G1 X48.76 Y134.834 E527.22642
G1 X58.666 Y144.74 E527.81357
G1 X58.191 Y144.74 E527.83348
G1 X48.76 Y135.309 E528.39248
G1 X48.76 Y135.784 E528.41239
G1 X57.716 Y144.74 E528.94323
G1 X57.24 Y144.74 E528.96318
G1 X48.76 Y136.26 E529.46581
G1 X48.76 Y136.735 E529.48572
G1 X56.765 Y144.74 E529.9602
G1 X56.29 Y144.74 E529.98011
G1 X48.76 Y137.21 E530.42643
G1 X48.76 Y137.685 E530.44634
G1 X55.815 Y144.74 E530.86451
G1 X55.34 Y144.74 E530.88442
G1 X48.76 Y138.16 E531.27443
G1 X48.76 Y138.636 E531.29438
G1 X54.864 Y144.74 E531.65618
G1 X54.389 Y144.74 E531.67609
G1 X48.76 Y139.111 E532.00974
G1 X48.76 Y139.586 E532.02965
G1 X53.914 Y144.74 E532.33514
G1 X53.439 Y144.74 E532.35505
G1 X48.76 Y140.061 E532.63239
G1 X48.76 Y140.537 E532.65234
G1 X52.963 Y144.74 E532.90146
G1 X52.488 Y144.74 E532.92137
G1 X48.76 Y141.012 E533.14234
G1 X48.76 Y141.487 E533.16225
G1 X52.013 Y144.74 E533.35506
G1 X51.538 Y144.74 E533.37497
G1 X48.76 Y141.962 E533.53963
G1 X48.76 Y142.437 E533.55954
G1 X51.063 Y144.74 E533.69604
G1 X50.587 Y144.74 E533.71599
G1 X48.76 Y142.913 E533.82428
G1 X48.76 Y143.388 E533.84419
G1 X50.263 Y144.891 E533.93328
G1 E531.93328 F2400
G92 E0
G1 X50.263 Y144.891 F7800
G1 X48.785 Y75.502
G1 E2 F2400
;TYPE:Internal infill
;WIDTH:0.45
G1 F4800
G1 X49.242 Y75.379 E2.02276
G1 E.02276 F2400
G92 E0
G1 X49.242 Y75.379 F7800
G1 X170.758 Y144.621
G1 E2 F2400
G1 F4800
G1 X171.215 Y144.498 E2.02276
;LAYER_CHANGE
;Z:2.45
;HEIGHT:0.3
 ; After First Layer

G1 Z2.45 F7800
G1 E.02276 F2400
G1 Z2.45 F7800
G1 X49.085 Y76.224
G1 E2.02276 F2400
;TYPE:Perimeter
;WIDTH:0.510953
G1 F3600
G1 X48.973 Y76.468 E2.03771
G1 X48.973 Y143.532 E5.7731
;WIDTH:0.52018
G1 X48.984 Y143.705 E5.78295
G1 X49.135 Y143.959 E5.79975
;WIDTH:0.48509
G1 X49.286 Y144.214 E5.8153
;WIDTH:0.480476
G1 X49.627 Y144.37 E5.83476
;WIDTH:0.510953
G1 X49.968 Y144.527 E5.85567
G1 X170.032 Y144.527 E12.54311
;WIDTH:0.52018
G1 X170.205 Y144.516 E12.55296
G1 X170.459 Y144.365 E12.56976
;WIDTH:0.48509
G1 X170.714 Y144.214 E12.58531
G1 X170.865 Y143.959 E12.60086
;WIDTH:0.520179
G1 X171.016 Y143.705 E12.61766
G1 X171.027 Y143.532 E12.62751
;WIDTH:0.510952
G1 X171.027 Y76.468 E16.36289
G1 X170.87 Y76.127 E16.3838
;WIDTH:0.480476
G1 X170.714 Y75.786 E16.40326
G1 X170.373 Y75.63 E16.42272
;WIDTH:0.510953
G1 X170.032 Y75.473 E16.44363
G1 X141.027 Y75.473 E18.05918
G1 X141.027 Y75.027 E18.08402
G1 X170.032 Y75.027 E19.69957
G1 X170.537 Y75.011 E19.72771
;WIDTH:0.480476
G1 X171.041 Y74.996 E19.75388
;WIDTH:0.45
G1 X171.504 Y74.996 E19.77615
G1 X171.504 Y75.459 E19.79842
;WIDTH:0.480476
G1 X171.489 Y75.963 E19.82459
;WIDTH:0.510952
G1 X171.473 Y76.468 E19.85273
G1 X171.473 Y143.532 E23.58811
;WIDTH:0.520179
G1 X171.486 Y144.374 E23.63598
;WIDTH:0.485089
G1 X171.504 Y145.004 E23.66905
;WIDTH:0.45
G1 X171.041 Y145.004 E23.69132
;WIDTH:0.480476
G1 X170.537 Y144.989 E23.71749
;WIDTH:0.510953
G1 X170.032 Y144.973 E23.74563
G1 X49.968 Y144.973 E30.43307
G1 X49.463 Y144.989 E30.46121
;WIDTH:0.480476
G1 X48.959 Y145.004 E30.48738
;WIDTH:0.45
G1 X48.496 Y145.004 E30.50965
G1 X48.496 Y144.541 E30.53192
;WIDTH:0.480476
G1 X48.511 Y144.037 E30.55809
;WIDTH:0.510953
G1 X48.527 Y143.532 E30.58623
G1 X48.527 Y76.468 E34.32162
G1 X48.511 Y75.963 E34.34976
;WIDTH:0.480476
G1 X48.496 Y75.459 E34.37593
;WIDTH:0.45
G1 X48.496 Y74.996 E34.3982
G1 X48.959 Y74.996 E34.42047
;WIDTH:0.480476
G1 X49.463 Y75.011 E34.44664
;WIDTH:0.510953
G1 X49.968 Y75.027 E34.47478
G1 X78.973 Y75.027 E36.09033
G1 X78.973 Y75.473 E36.11517
G1 X49.968 Y75.473 E37.73072
;WIDTH:0.52018
G1 X49.795 Y75.484 E37.74057
G1 X49.541 Y75.635 E37.75737
;WIDTH:0.48509
G1 X49.286 Y75.786 E37.77292
;WIDTH:0.480476
G1 X49.13 Y76.127 E37.79238
;WIDTH:0.510953
G1 X49.11 Y76.169 E37.79497
G1 X49.11 Y76.169 F7800
G1 X49.436 Y76.356
;WIDTH:0.45
G1 F3600
G1 X49.389 Y76.468 E37.80081
G1 X49.389 Y143.532 E41.02636
G1 X49.398 Y143.632 E41.03119
G1 X49.559 Y143.941 E41.04795
G1 X49.968 Y144.111 E41.06925
G1 X170.032 Y144.111 E46.84391
G1 X170.132 Y144.102 E46.84874
G1 X170.441 Y143.941 E46.8655
G1 X170.602 Y143.632 E46.88226
G1 X170.611 Y143.532 E46.88709
G1 X170.611 Y76.468 E50.11264
G1 X170.441 Y76.059 E50.13394
G1 X170.032 Y75.889 E50.15524
G1 X140.611 Y75.889 E51.57029
G1 X140.611 Y74.611 E51.63176
G1 X171.889 Y74.611 E53.13612
G1 X171.889 Y75.459 E53.17691
G1 X171.889 Y145.389 E56.5403
G1 X48.111 Y145.389 E62.49359
G1 X48.111 Y74.611 E65.89777
G1 X79.389 Y74.611 E67.40213
G1 X79.389 Y75.889 E67.4636
G1 X49.968 Y75.889 E68.87865
G1 X49.868 Y75.898 E68.88348
G1 X49.559 Y76.059 E68.90024
G1 X49.458 Y76.301 E68.91285
G1 X49.458 Y76.301 F7800
G1 X49.775 Y76.468
;TYPE:External perimeter
G1 F1800
G1 X49.775 Y143.532 E72.1384
G1 X49.831 Y143.669 E72.14552
G1 X49.968 Y143.725 E72.15264
G1 X170.032 Y143.725 E77.9273
G1 X170.169 Y143.669 E77.93442
G1 X170.225 Y143.532 E77.94154
G1 X170.225 Y76.468 E81.16709
G1 X170.169 Y76.331 E81.17421
G1 X170.032 Y76.275 E81.18133
G1 X140.225 Y76.275 E82.61494
G1 X140.225 Y74.225 E82.71354
G1 X172.275 Y74.225 E84.25503
G1 X172.275 Y75.459 E84.31438
G1 X172.275 Y145.775 E87.69634
G1 X47.725 Y145.775 E93.68676
G1 X47.725 Y74.225 E97.12807
G1 X79.775 Y74.225 E98.66956
G1 X79.775 Y76.275 E98.76816
G1 X49.968 Y76.275 E100.20177
G1 X49.831 Y76.331 E100.20889
G1 X49.798 Y76.412 E100.2131
G1 X49.778 Y76.812 F7800
G1 X48.773 Y75.284
;TYPE:Solid infill
;WIDTH:0.42593
G1 F1200
G1 X48.808 Y76.024 E100.24651
G1 X48.857 Y76.058 E100.2492
G1 X49.09 Y75.595 E100.27257
G1 X49.429 Y75.37 E100.29092
G1 X49.436 Y75.32 E100.2932
G1 X48.966 Y75.294 E100.31443
G1 E98.31443 F2400
G92 E0
G1 X48.966 Y75.294 F7800
G1 X48.84 Y144.06
G1 E2 F2400
G1 F1200
G1 X48.784 Y144.727 E2.03018
G1 X49.524 Y144.692 E2.06359
G1 X49.553 Y144.667 E2.06532
G1 X49.095 Y144.41 E2.089
G1 X48.954 Y144.215 E2.09985
G1 E.09985 F2400
G92 E0
G1 X48.954 Y144.215 F7800
G1 X171.163 Y144.06
G1 E2 F2400
;WIDTH:0.425021
G1 F1200
G1 X170.878 Y144.432 E2.02108
G1 X170.559 Y144.66 E2.03872
G1 X171.227 Y144.717 E2.06888
G1 X171.227 Y144.552 E2.0763
G1 X171.188 Y144.251 E2.08995
G1 E.08995 F2400
G92 E0
G1 X171.188 Y144.251 F7800
G1 X171.218 Y75.275
G1 E2 F2400
;WIDTH:0.428278
G1 F1200
G1 X170.476 Y75.309 E2.03371
G1 X170.444 Y75.356 E2.03629
G1 X170.903 Y75.59 E2.05967
G1 X171.135 Y76.037 E2.08253
G1 X171.165 Y76.052 E2.08405
G1 X171.21 Y75.467 E2.11068
;LAYER_CHANGE
;Z:2.75
;HEIGHT:0.3
 ; After First Layer

G1 Z2.75 F7800
G1 E.11068 F2400
G1 Z2.75 F7800
G1 X49.085 Y76.224
G1 E2.11068 F2400
;TYPE:Perimeter
;WIDTH:0.510953
G1 F3600
G1 X48.973 Y76.468 E2.12563
G1 X48.973 Y143.532 E5.86102
;WIDTH:0.52018
G1 X48.984 Y143.705 E5.87087
G1 X49.135 Y143.959 E5.88767
;WIDTH:0.48509
G1 X49.286 Y144.214 E5.90322
;WIDTH:0.480476
G1 X49.627 Y144.37 E5.92268
;WIDTH:0.510953
G1 X49.968 Y144.527 E5.94359
G1 X170.032 Y144.527 E12.63103
;WIDTH:0.52018
G1 X170.205 Y144.516 E12.64088
G1 X170.459 Y144.365 E12.65768
;WIDTH:0.48509
G1 X170.714 Y144.214 E12.67323
G1 X170.865 Y143.959 E12.68878
;WIDTH:0.520179
G1 X171.016 Y143.705 E12.70558
G1 X171.027 Y143.532 E12.71543
;WIDTH:0.510952
G1 X171.027 Y76.468 E16.45081
G1 X170.87 Y76.127 E16.47172
;WIDTH:0.480476
G1 X170.714 Y75.786 E16.49118
G1 X170.373 Y75.63 E16.51064
;WIDTH:0.510953
G1 X170.032 Y75.473 E16.53155
G1 X141.027 Y75.473 E18.1471
G1 X141.027 Y75.027 E18.17194
G1 X170.032 Y75.027 E19.78749
G1 X170.537 Y75.011 E19.81563
;WIDTH:0.480476
G1 X171.041 Y74.996 E19.8418
;WIDTH:0.45
G1 X171.504 Y74.996 E19.86407
G1 X171.504 Y75.459 E19.88634
;WIDTH:0.480476
G1 X171.489 Y75.963 E19.91251
;WIDTH:0.510952
G1 X171.473 Y76.468 E19.94065
G1 X171.473 Y143.532 E23.67603
;WIDTH:0.520179
G1 X171.486 Y144.374 E23.7239
;WIDTH:0.485089
G1 X171.504 Y145.004 E23.75697
;WIDTH:0.45
G1 X171.041 Y145.004 E23.77924
;WIDTH:0.480476
G1 X170.537 Y144.989 E23.80541
;WIDTH:0.510953
G1 X170.032 Y144.973 E23.83355
G1 X49.968 Y144.973 E30.52099
G1 X49.463 Y144.989 E30.54913
;WIDTH:0.480476
G1 X48.959 Y145.004 E30.5753
;WIDTH:0.45
G1 X48.496 Y145.004 E30.59757
G1 X48.496 Y144.541 E30.61984
;WIDTH:0.480476
G1 X48.511 Y144.037 E30.64601
;WIDTH:0.510953
G1 X48.527 Y143.532 E30.67415
G1 X48.527 Y76.468 E34.40954
G1 X48.511 Y75.963 E34.43768
;WIDTH:0.480476
G1 X48.496 Y75.459 E34.46385
;WIDTH:0.45
G1 X48.496 Y74.996 E34.48612
G1 X48.959 Y74.996 E34.50839
;WIDTH:0.480476
G1 X49.463 Y75.011 E34.53456
;WIDTH:0.510953
G1 X49.968 Y75.027 E34.5627
G1 X78.973 Y75.027 E36.17825
G1 X78.973 Y75.473 E36.20309
G1 X49.968 Y75.473 E37.81864
;WIDTH:0.52018
G1 X49.795 Y75.484 E37.82849
G1 X49.541 Y75.635 E37.84529
;WIDTH:0.48509
G1 X49.286 Y75.786 E37.86084
;WIDTH:0.480476
G1 X49.13 Y76.127 E37.8803
;WIDTH:0.510953
G1 X49.11 Y76.169 E37.88289
G1 X49.11 Y76.169 F7800
G1 X49.436 Y76.356
;WIDTH:0.45
G1 F3600
G1 X49.389 Y76.468 E37.88873
G1 X49.389 Y143.532 E41.11428
G1 X49.398 Y143.632 E41.11911
G1 X49.559 Y143.941 E41.13587
G1 X49.968 Y144.111 E41.15717
G1 X170.032 Y144.111 E46.93183
G1 X170.132 Y144.102 E46.93666
G1 X170.441 Y143.941 E46.95342
G1 X170.602 Y143.632 E46.97018
G1 X170.611 Y143.532 E46.97501
G1 X170.611 Y76.468 E50.20056
G1 X170.441 Y76.059 E50.22186
G1 X170.032 Y75.889 E50.24316
G1 X140.611 Y75.889 E51.65821
G1 X140.611 Y74.611 E51.71968
G1 X171.889 Y74.611 E53.22404
G1 X171.889 Y75.459 E53.26483
G1 X171.889 Y145.389 E56.62822
G1 X48.111 Y145.389 E62.58151
G1 X48.111 Y74.611 E65.98569
G1 X79.389 Y74.611 E67.49005
G1 X79.389 Y75.889 E67.55152
G1 X49.968 Y75.889 E68.96657
G1 X49.868 Y75.898 E68.9714
G1 X49.559 Y76.059 E68.98816
G1 X49.458 Y76.301 E69.00077
G1 X49.458 Y76.301 F7800
G1 X49.775 Y76.468
;TYPE:External perimeter
G1 F1800
G1 X49.775 Y143.532 E72.22632
G1 X49.831 Y143.669 E72.23344
G1 X49.968 Y143.725 E72.24056
G1 X170.032 Y143.725 E78.01522
G1 X170.169 Y143.669 E78.02234
G1 X170.225 Y143.532 E78.02946
G1 X170.225 Y76.468 E81.25501
G1 X170.169 Y76.331 E81.26213
G1 X170.032 Y76.275 E81.26925
G1 X140.225 Y76.275 E82.70286
G1 X140.225 Y74.225 E82.80146
G1 X172.275 Y74.225 E84.34295
G1 X172.275 Y75.459 E84.4023
G1 X172.275 Y145.775 E87.78426
G1 X47.725 Y145.775 E93.77468
G1 X47.725 Y74.225 E97.21599
G1 X79.775 Y74.225 E98.75748
G1 X79.775 Y76.275 E98.85608
G1 X49.968 Y76.275 E100.28969
G1 X49.831 Y76.331 E100.29681
G1 X49.798 Y76.412 E100.30102
G1 X49.778 Y76.812 F7800
G1 X48.773 Y75.284
;TYPE:Solid infill
;WIDTH:0.42593
G1 F1200
G1 X48.808 Y76.024 E100.33443
G1 X48.857 Y76.058 E100.33712
G1 X49.09 Y75.595 E100.36049
G1 X49.44 Y75.34 E100.38002
G1 X48.966 Y75.295 E100.40149
G1 E98.40149 F2400
G92 E0
G1 X48.966 Y75.295 F7800
G1 X48.784 Y144.727
G1 E2 F2400
G1 F1200
G1 X49.524 Y144.692 E2.03341
G1 X49.558 Y144.643 E2.0361
G1 X49.095 Y144.41 E2.05947
G1 X48.87 Y144.071 E2.07782
G1 X48.82 Y144.064 E2.0801
G1 X48.794 Y144.534 E2.10133
G1 E.10133 F2400
G92 E0
G1 X48.794 Y144.534 F7800
G1 X170.559 Y144.66
G1 E2 F2400
;WIDTH:0.42502
G1 F1200
G1 X171.227 Y144.717 E2.03016
G1 X171.187 Y144.088 E2.05851
G1 X171.163 Y144.06 E2.06017
G1 X170.878 Y144.432 E2.08125
G1 X170.716 Y144.548 E2.09021
G1 E.09021 F2400
G92 E0
G1 X170.444 Y75.356 F7800
G1 E2 F2400
;WIDTH:0.428278
G1 F1200
G1 X170.903 Y75.59 E2.02338
G1 X171.135 Y76.037 E2.04624
G1 X171.187 Y76.048 E2.04865
G1 X171.218 Y75.275 E2.08376
G1 X170.611 Y75.301 E2.11134
;LAYER_CHANGE
;Z:3.05
;HEIGHT:0.3
 ; After First Layer

G1 Z3.05 F7800
G1 E.11134 F2400
G1 Z3.05 F7800
G1 X49.085 Y76.224
G1 E2.11134 F2400
;TYPE:Perimeter
;WIDTH:0.510953
G1 F3600
G1 X48.973 Y76.468 E2.12629
G1 X48.973 Y143.532 E5.86168
;WIDTH:0.52018
G1 X48.984 Y143.705 E5.87153
G1 X49.135 Y143.959 E5.88833
;WIDTH:0.48509
G1 X49.286 Y144.214 E5.90388
;WIDTH:0.480476
G1 X49.627 Y144.37 E5.92334
;WIDTH:0.510953
G1 X49.968 Y144.527 E5.94425
G1 X170.032 Y144.527 E12.63169
;WIDTH:0.52018
G1 X170.205 Y144.516 E12.64154
G1 X170.459 Y144.365 E12.65834
;WIDTH:0.48509
G1 X170.714 Y144.214 E12.67389
G1 X170.865 Y143.959 E12.68944
;WIDTH:0.520179
G1 X171.016 Y143.705 E12.70624
G1 X171.027 Y143.532 E12.71609
;WIDTH:0.510952
G1 X171.027 Y76.468 E16.45147
G1 X170.87 Y76.127 E16.47238
;WIDTH:0.480476
G1 X170.714 Y75.786 E16.49184
G1 X170.373 Y75.63 E16.5113
;WIDTH:0.510953
G1 X170.032 Y75.473 E16.53221
G1 X141.027 Y75.473 E18.14776
G1 X141.027 Y75.027 E18.1726
G1 X170.032 Y75.027 E19.78815
G1 X170.537 Y75.011 E19.81629
;WIDTH:0.480476
G1 X171.041 Y74.996 E19.84246
;WIDTH:0.45
G1 X171.504 Y74.996 E19.86473
G1 X171.504 Y75.459 E19.887
;WIDTH:0.480476
G1 X171.489 Y75.963 E19.91317
;WIDTH:0.510952
G1 X171.473 Y76.468 E19.94131
G1 X171.473 Y143.532 E23.67669
;WIDTH:0.520179
G1 X171.486 Y144.374 E23.72456
;WIDTH:0.485089
G1 X171.504 Y145.004 E23.75763
;WIDTH:0.45
G1 X171.041 Y145.004 E23.7799
;WIDTH:0.480476
G1 X170.537 Y144.989 E23.80607
;WIDTH:0.510953
G1 X170.032 Y144.973 E23.83421
G1 X49.968 Y144.973 E30.52165
G1 X49.463 Y144.989 E30.54979
;WIDTH:0.480476
G1 X48.959 Y145.004 E30.57596
;WIDTH:0.45
G1 X48.496 Y145.004 E30.59823
G1 X48.496 Y144.541 E30.6205
;WIDTH:0.480476
G1 X48.511 Y144.037 E30.64667
;WIDTH:0.510953
G1 X48.527 Y143.532 E30.67481
G1 X48.527 Y76.468 E34.4102
G1 X48.511 Y75.963 E34.43834
;WIDTH:0.480476
G1 X48.496 Y75.459 E34.46451
;WIDTH:0.45
G1 X48.496 Y74.996 E34.48678
G1 X48.959 Y74.996 E34.50905
;WIDTH:0.480476
G1 X49.463 Y75.011 E34.53522
;WIDTH:0.510953
G1 X49.968 Y75.027 E34.56336
G1 X78.973 Y75.027 E36.17891
G1 X78.973 Y75.473 E36.20375
G1 X49.968 Y75.473 E37.8193
;WIDTH:0.52018
G1 X49.795 Y75.484 E37.82915
G1 X49.541 Y75.635 E37.84595
;WIDTH:0.48509
G1 X49.286 Y75.786 E37.8615
;WIDTH:0.480476
G1 X49.13 Y76.127 E37.88096
;WIDTH:0.510953
G1 X49.11 Y76.169 E37.88355
G1 X49.11 Y76.169 F7800
G1 X49.436 Y76.356
;WIDTH:0.45
G1 F3600
G1 X49.389 Y76.468 E37.88939
G1 X49.389 Y143.532 E41.11494
G1 X49.398 Y143.632 E41.11977
G1 X49.559 Y143.941 E41.13653
G1 X49.968 Y144.111 E41.15783
G1 X170.032 Y144.111 E46.93249
G1 X170.132 Y144.102 E46.93732
G1 X170.441 Y143.941 E46.95408
G1 X170.602 Y143.632 E46.97084
G1 X170.611 Y143.532 E46.97567
G1 X170.611 Y76.468 E50.20122
G1 X170.441 Y76.059 E50.22252
G1 X170.032 Y75.889 E50.24382
G1 X140.611 Y75.889 E51.65887
G1 X140.611 Y74.611 E51.72034
G1 X171.889 Y74.611 E53.2247
G1 X171.889 Y75.459 E53.26549
G1 X171.889 Y145.389 E56.62888
G1 X48.111 Y145.389 E62.58217
G1 X48.111 Y74.611 E65.98635
G1 X79.389 Y74.611 E67.49071
G1 X79.389 Y75.889 E67.55218
G1 X49.968 Y75.889 E68.96723
G1 X49.868 Y75.898 E68.97206
G1 X49.559 Y76.059 E68.98882
G1 X49.458 Y76.301 E69.00143
G1 X49.458 Y76.301 F7800
G1 X49.775 Y76.468
;TYPE:External perimeter
G1 F1800
G1 X49.775 Y143.532 E72.22698
G1 X49.831 Y143.669 E72.2341
G1 X49.968 Y143.725 E72.24122
G1 X170.032 Y143.725 E78.01588
G1 X170.169 Y143.669 E78.023
G1 X170.225 Y143.532 E78.03012
G1 X170.225 Y76.468 E81.25567
G1 X170.169 Y76.331 E81.26279
G1 X170.032 Y76.275 E81.26991
G1 X140.225 Y76.275 E82.70352
G1 X140.225 Y74.225 E82.80212
G1 X172.275 Y74.225 E84.34361
G1 X172.275 Y75.459 E84.40296
G1 X172.275 Y145.775 E87.78492
G1 X47.725 Y145.775 E93.77534
G1 X47.725 Y74.225 E97.21665
G1 X79.775 Y74.225 E98.75814
G1 X79.775 Y76.275 E98.85674
G1 X49.968 Y76.275 E100.29035
G1 X49.831 Y76.331 E100.29747
G1 X49.798 Y76.412 E100.30168
G1 X49.778 Y76.812 F7800
G1 X48.773 Y75.284
;TYPE:Solid infill
;WIDTH:0.42593
G1 F1200
G1 X48.808 Y76.024 E100.33509
G1 X48.857 Y76.058 E100.33778
G1 X49.09 Y75.595 E100.36115
G1 X49.429 Y75.37 E100.3795
G1 X49.436 Y75.32 E100.38178
G1 X48.966 Y75.294 E100.40301
G1 E98.40301 F2400
G92 E0
G1 X48.966 Y75.294 F7800
G1 X48.84 Y144.06
G1 E2 F2400
G1 F1200
G1 X48.784 Y144.727 E2.03018
G1 X49.524 Y144.692 E2.06359
G1 X49.553 Y144.667 E2.06532
G1 X49.095 Y144.41 E2.089
G1 X48.954 Y144.215 E2.09985
G1 E.09985 F2400
G92 E0
G1 X48.954 Y144.215 F7800
G1 X171.163 Y144.06
G1 E2 F2400
;WIDTH:0.425021
G1 F1200
G1 X170.878 Y144.432 E2.02108
G1 X170.559 Y144.66 E2.03872
G1 X171.227 Y144.717 E2.06888
G1 X171.227 Y144.552 E2.0763
G1 X171.188 Y144.251 E2.08995
G1 E.08995 F2400
G92 E0
G1 X171.188 Y144.251 F7800
G1 X171.218 Y75.275
G1 E2 F2400
;WIDTH:0.428278
G1 F1200
G1 X170.476 Y75.309 E2.03371
G1 X170.444 Y75.356 E2.03629
G1 X170.903 Y75.59 E2.05967
G1 X171.135 Y76.037 E2.08253
G1 X171.165 Y76.052 E2.08405
G1 X171.21 Y75.467 E2.11068
;LAYER_CHANGE
;Z:3.35
;HEIGHT:0.3
 ; After First Layer

G1 Z3.35 F7800
G1 E.11068 F2400
G1 Z3.35 F7800
G1 X49.085 Y76.224
G1 E2.11068 F2400
;TYPE:Perimeter
;WIDTH:0.510953
G1 F3600
G1 X48.973 Y76.468 E2.12563
G1 X48.973 Y143.532 E5.86102
;WIDTH:0.52018
G1 X48.984 Y143.705 E5.87087
G1 X49.135 Y143.959 E5.88767
;WIDTH:0.48509
G1 X49.286 Y144.214 E5.90322
;WIDTH:0.480476
G1 X49.627 Y144.37 E5.92268
;WIDTH:0.510953
G1 X49.968 Y144.527 E5.94359
G1 X170.032 Y144.527 E12.63103
;WIDTH:0.52018
G1 X170.205 Y144.516 E12.64088
G1 X170.459 Y144.365 E12.65768
;WIDTH:0.48509
G1 X170.714 Y144.214 E12.67323
G1 X170.865 Y143.959 E12.68878
;WIDTH:0.520179
G1 X171.016 Y143.705 E12.70558
G1 X171.027 Y143.532 E12.71543
;WIDTH:0.510952
G1 X171.027 Y76.468 E16.45081
G1 X170.87 Y76.127 E16.47172
;WIDTH:0.480476
G1 X170.714 Y75.786 E16.49118
G1 X170.373 Y75.63 E16.51064
;WIDTH:0.510953
G1 X170.032 Y75.473 E16.53155
G1 X141.027 Y75.473 E18.1471
G1 X141.027 Y75.027 E18.17194
G1 X170.032 Y75.027 E19.78749
G1 X170.537 Y75.011 E19.81563
;WIDTH:0.480476
G1 X171.041 Y74.996 E19.8418
;WIDTH:0.45
G1 X171.504 Y74.996 E19.86407
G1 X171.504 Y75.459 E19.88634
;WIDTH:0.480476
G1 X171.489 Y75.963 E19.91251
;WIDTH:0.510952
G1 X171.473 Y76.468 E19.94065
G1 X171.473 Y143.532 E23.67603
;WIDTH:0.520179
G1 X171.486 Y144.374 E23.7239
;WIDTH:0.485089
G1 X171.504 Y145.004 E23.75697
;WIDTH:0.45
G1 X171.041 Y145.004 E23.77924
;WIDTH:0.480476
G1 X170.537 Y144.989 E23.80541
;WIDTH:0.510953
G1 X170.032 Y144.973 E23.83355
G1 X49.968 Y144.973 E30.52099
G1 X49.463 Y144.989 E30.54913
;WIDTH:0.480476
G1 X48.959 Y145.004 E30.5753
;WIDTH:0.45
G1 X48.496 Y145.004 E30.59757
G1 X48.496 Y144.541 E30.61984
;WIDTH:0.480476
G1 X48.511 Y144.037 E30.64601
;WIDTH:0.510953
G1 X48.527 Y143.532 E30.67415
G1 X48.527 Y76.468 E34.40954
G1 X48.511 Y75.963 E34.43768
;WIDTH:0.480476
G1 X48.496 Y75.459 E34.46385
;WIDTH:0.45
G1 X48.496 Y74.996 E34.48612
G1 X48.959 Y74.996 E34.50839
;WIDTH:0.480476
G1 X49.463 Y75.011 E34.53456
;WIDTH:0.510953
G1 X49.968 Y75.027 E34.5627
G1 X78.973 Y75.027 E36.17825
G1 X78.973 Y75.473 E36.20309
G1 X49.968 Y75.473 E37.81864
;WIDTH:0.52018
G1 X49.795 Y75.484 E37.82849
G1 X49.541 Y75.635 E37.84529
;WIDTH:0.48509
G1 X49.286 Y75.786 E37.86084
;WIDTH:0.480476
G1 X49.13 Y76.127 E37.8803
;WIDTH:0.510953
G1 X49.11 Y76.169 E37.88289
G1 X49.11 Y76.169 F7800
G1 X49.436 Y76.356
;WIDTH:0.45
G1 F3600
G1 X49.389 Y76.468 E37.88873
G1 X49.389 Y143.532 E41.11428
G1 X49.398 Y143.632 E41.11911
G1 X49.559 Y143.941 E41.13587
G1 X49.968 Y144.111 E41.15717
G1 X170.032 Y144.111 E46.93183
G1 X170.132 Y144.102 E46.93666
G1 X170.441 Y143.941 E46.95342
G1 X170.602 Y143.632 E46.97018
G1 X170.611 Y143.532 E46.97501
G1 X170.611 Y76.468 E50.20056
G1 X170.441 Y76.059 E50.22186
G1 X170.032 Y75.889 E50.24316
G1 X140.611 Y75.889 E51.65821
G1 X140.611 Y74.611 E51.71968
G1 X171.889 Y74.611 E53.22404
G1 X171.889 Y75.459 E53.26483
G1 X171.889 Y145.389 E56.62822
G1 X48.111 Y145.389 E62.58151
G1 X48.111 Y74.611 E65.98569
G1 X79.389 Y74.611 E67.49005
G1 X79.389 Y75.889 E67.55152
G1 X49.968 Y75.889 E68.96657
G1 X49.868 Y75.898 E68.9714
G1 X49.559 Y76.059 E68.98816
G1 X49.458 Y76.301 E69.00077
G1 X49.458 Y76.301 F7800
G1 X49.775 Y76.468
;TYPE:External perimeter
G1 F1800
G1 X49.775 Y143.532 E72.22632
G1 X49.831 Y143.669 E72.23344
G1 X49.968 Y143.725 E72.24056
G1 X170.032 Y143.725 E78.01522
G1 X170.169 Y143.669 E78.02234
G1 X170.225 Y143.532 E78.02946
G1 X170.225 Y76.468 E81.25501
G1 X170.169 Y76.331 E81.26213
G1 X170.032 Y76.275 E81.26925
G1 X140.225 Y76.275 E82.70286
G1 X140.225 Y74.225 E82.80146
G1 X172.275 Y74.225 E84.34295
G1 X172.275 Y75.459 E84.4023
G1 X172.275 Y145.775 E87.78426
G1 X47.725 Y145.775 E93.77468
G1 X47.725 Y74.225 E97.21599
G1 X79.775 Y74.225 E98.75748
G1 X79.775 Y76.275 E98.85608
G1 X49.968 Y76.275 E100.28969
G1 X49.831 Y76.331 E100.29681
G1 X49.798 Y76.412 E100.30102
G1 X49.778 Y76.812 F7800
G1 X48.773 Y75.284
;TYPE:Solid infill
;WIDTH:0.425931
G1 F1200
G1 X48.808 Y76.024 E100.33443
G1 X48.857 Y76.058 E100.33712
G1 X49.09 Y75.595 E100.36049
G1 X49.44 Y75.34 E100.38002
G1 X48.966 Y75.295 E100.40149
G1 E98.40149 F2400
G92 E0
G1 X48.966 Y75.295 F7800
G1 X48.784 Y144.727
G1 E2 F2400
G1 F1200
G1 X49.524 Y144.692 E2.03341
G1 X49.558 Y144.643 E2.0361
G1 X49.095 Y144.41 E2.05947
G1 X48.87 Y144.071 E2.07782
G1 X48.82 Y144.064 E2.0801
G1 X48.794 Y144.534 E2.10133
G1 E.10133 F2400
G92 E0
G1 X48.794 Y144.534 F7800
G1 X170.559 Y144.66
G1 E2 F2400
;WIDTH:0.42502
G1 F1200
G1 X171.227 Y144.717 E2.03016
G1 X171.187 Y144.088 E2.05851
G1 X171.163 Y144.06 E2.06017
G1 X170.878 Y144.432 E2.08125
G1 X170.716 Y144.548 E2.09021
G1 E.09021 F2400
G92 E0
G1 X170.444 Y75.356 F7800
G1 E2 F2400
;WIDTH:0.428278
G1 F1200
G1 X170.903 Y75.59 E2.02338
G1 X171.135 Y76.037 E2.04624
G1 X171.187 Y76.048 E2.04865
G1 X171.218 Y75.275 E2.08376
G1 X170.611 Y75.301 E2.11134
;LAYER_CHANGE
;Z:3.65
;HEIGHT:0.3
 ; After First Layer

G1 Z3.65 F7800
G1 E.11134 F2400
G1 Z3.65 F7800
G1 X49.085 Y76.224
G1 E2.11134 F2400
;TYPE:Perimeter
;WIDTH:0.510953
G1 F3600
G1 X48.973 Y76.468 E2.12629
G1 X48.973 Y143.532 E5.86168
;WIDTH:0.52018
G1 X48.984 Y143.705 E5.87153
G1 X49.135 Y143.959 E5.88833
;WIDTH:0.48509
G1 X49.286 Y144.214 E5.90388
;WIDTH:0.480476
G1 X49.627 Y144.37 E5.92334
;WIDTH:0.510953
G1 X49.968 Y144.527 E5.94425
G1 X170.032 Y144.527 E12.63169
;WIDTH:0.52018
G1 X170.205 Y144.516 E12.64154
G1 X170.459 Y144.365 E12.65834
;WIDTH:0.48509
G1 X170.714 Y144.214 E12.67389
G1 X170.865 Y143.959 E12.68944
;WIDTH:0.520179
G1 X171.016 Y143.705 E12.70624
G1 X171.027 Y143.532 E12.71609
;WIDTH:0.510952
G1 X171.027 Y76.468 E16.45147
G1 X170.87 Y76.127 E16.47238
;WIDTH:0.480476
G1 X170.714 Y75.786 E16.49184
G1 X170.373 Y75.63 E16.5113
;WIDTH:0.510953
G1 X170.032 Y75.473 E16.53221
G1 X141.027 Y75.473 E18.14776
G1 X141.027 Y75.027 E18.1726
G1 X170.032 Y75.027 E19.78815
G1 X170.537 Y75.011 E19.81629
;WIDTH:0.480476
G1 X171.041 Y74.996 E19.84246
;WIDTH:0.45
G1 X171.504 Y74.996 E19.86473
G1 X171.504 Y75.459 E19.887
;WIDTH:0.480476
G1 X171.489 Y75.963 E19.91317
;WIDTH:0.510952
G1 X171.473 Y76.468 E19.94131
G1 X171.473 Y143.532 E23.67669
;WIDTH:0.520179
G1 X171.486 Y144.374 E23.72456
;WIDTH:0.485089
G1 X171.504 Y145.004 E23.75763
;WIDTH:0.45
G1 X171.041 Y145.004 E23.7799
;WIDTH:0.480476
G1 X170.537 Y144.989 E23.80607
;WIDTH:0.510953
G1 X170.032 Y144.973 E23.83421
G1 X49.968 Y144.973 E30.52165
G1 X49.463 Y144.989 E30.54979
;WIDTH:0.480476
G1 X48.959 Y145.004 E30.57596
;WIDTH:0.45
G1 X48.496 Y145.004 E30.59823
G1 X48.496 Y144.541 E30.6205
;WIDTH:0.480476
G1 X48.511 Y144.037 E30.64667
;WIDTH:0.510953
G1 X48.527 Y143.532 E30.67481
G1 X48.527 Y76.468 E34.4102
G1 X48.511 Y75.963 E34.43834
;WIDTH:0.480476
G1 X48.496 Y75.459 E34.46451
;WIDTH:0.45
G1 X48.496 Y74.996 E34.48678
G1 X48.959 Y74.996 E34.50905
;WIDTH:0.480476
G1 X49.463 Y75.011 E34.53522
;WIDTH:0.510953
G1 X49.968 Y75.027 E34.56336
G1 X78.973 Y75.027 E36.17891
G1 X78.973 Y75.473 E36.20375
G1 X49.968 Y75.473 E37.8193
;WIDTH:0.52018
G1 X49.795 Y75.484 E37.82915
G1 X49.541 Y75.635 E37.84595
;WIDTH:0.48509
G1 X49.286 Y75.786 E37.8615
;WIDTH:0.480476
G1 X49.13 Y76.127 E37.88096
;WIDTH:0.510953
G1 X49.11 Y76.169 E37.88355
G1 X49.11 Y76.169 F7800
G1 X49.436 Y76.356
;WIDTH:0.45
G1 F3600
G1 X49.389 Y76.468 E37.88939
G1 X49.389 Y143.532 E41.11494
G1 X49.398 Y143.632 E41.11977
G1 X49.559 Y143.941 E41.13653
G1 X49.968 Y144.111 E41.15783
G1 X170.032 Y144.111 E46.93249
G1 X170.132 Y144.102 E46.93732
G1 X170.441 Y143.941 E46.95408
G1 X170.602 Y143.632 E46.97084
G1 X170.611 Y143.532 E46.97567
G1 X170.611 Y76.468 E50.20122
G1 X170.441 Y76.059 E50.22252
G1 X170.032 Y75.889 E50.24382
G1 X140.611 Y75.889 E51.65887
G1 X140.611 Y74.611 E51.72034
G1 X171.889 Y74.611 E53.2247
G1 X171.889 Y75.459 E53.26549
G1 X171.889 Y145.389 E56.62888
G1 X48.111 Y145.389 E62.58217
G1 X48.111 Y74.611 E65.98635
G1 X79.389 Y74.611 E67.49071
G1 X79.389 Y75.889 E67.55218
G1 X49.968 Y75.889 E68.96723
G1 X49.868 Y75.898 E68.97206
G1 X49.559 Y76.059 E68.98882
G1 X49.458 Y76.301 E69.00143
G1 X49.458 Y76.301 F7800
G1 X49.775 Y76.468
;TYPE:External perimeter
G1 F1800
G1 X49.775 Y143.532 E72.22698
G1 X49.831 Y143.669 E72.2341
G1 X49.968 Y143.725 E72.24122
G1 X170.032 Y143.725 E78.01588
G1 X170.169 Y143.669 E78.023
G1 X170.225 Y143.532 E78.03012
G1 X170.225 Y76.468 E81.25567
G1 X170.169 Y76.331 E81.26279
G1 X170.032 Y76.275 E81.26991
G1 X140.225 Y76.275 E82.70352
G1 X140.225 Y74.225 E82.80212
G1 X172.275 Y74.225 E84.34361
G1 X172.275 Y75.459 E84.40296
G1 X172.275 Y145.775 E87.78492
G1 X47.725 Y145.775 E93.77534
G1 X47.725 Y74.225 E97.21665
G1 X79.775 Y74.225 E98.75814
G1 X79.775 Y76.275 E98.85674
G1 X49.968 Y76.275 E100.29035
G1 X49.831 Y76.331 E100.29747
G1 X49.798 Y76.412 E100.30168
G1 X49.778 Y76.812 F7800
G1 X48.773 Y75.284
;TYPE:Solid infill
;WIDTH:0.42593
G1 F1200
G1 X48.808 Y76.024 E100.33509
G1 X48.857 Y76.058 E100.33778
G1 X49.09 Y75.595 E100.36115
G1 X49.429 Y75.37 E100.3795
G1 X49.436 Y75.32 E100.38178
G1 X48.966 Y75.294 E100.40301
G1 E98.40301 F2400
G92 E0
G1 X48.966 Y75.294 F7800
G1 X48.84 Y144.06
G1 E2 F2400
G1 F1200
G1 X48.784 Y144.727 E2.03018
G1 X49.524 Y144.692 E2.06359
G1 X49.553 Y144.667 E2.06532
G1 X49.095 Y144.41 E2.089
G1 X48.954 Y144.215 E2.09985
G1 E.09985 F2400
G92 E0
G1 X48.954 Y144.215 F7800
G1 X171.163 Y144.06
G1 E2 F2400
;WIDTH:0.425021
G1 F1200
G1 X170.878 Y144.432 E2.02108
G1 X170.559 Y144.66 E2.03872
G1 X171.227 Y144.717 E2.06888
G1 X171.227 Y144.552 E2.0763
G1 X171.188 Y144.251 E2.08995
G1 E.08995 F2400
G92 E0
G1 X171.188 Y144.251 F7800
G1 X171.218 Y75.275
G1 E2 F2400
;WIDTH:0.428278
G1 F1200
G1 X170.476 Y75.309 E2.03371
G1 X170.444 Y75.356 E2.03629
G1 X170.903 Y75.59 E2.05967
G1 X171.135 Y76.037 E2.08253
G1 X171.165 Y76.052 E2.08405
G1 X171.21 Y75.467 E2.11068
;LAYER_CHANGE
;Z:3.95
;HEIGHT:0.3
 ; After First Layer

G1 Z3.95 F7800
G1 E.11068 F2400
G1 Z3.95 F7800
G1 X49.085 Y76.224
G1 E2.11068 F2400
;TYPE:Perimeter
;WIDTH:0.510953
G1 F3600
G1 X48.973 Y76.468 E2.12563
G1 X48.973 Y143.532 E5.86102
;WIDTH:0.52018
G1 X48.984 Y143.705 E5.87087
G1 X49.135 Y143.959 E5.88767
;WIDTH:0.48509
G1 X49.286 Y144.214 E5.90322
;WIDTH:0.480476
G1 X49.627 Y144.37 E5.92268
;WIDTH:0.510953
G1 X49.968 Y144.527 E5.94359
G1 X170.032 Y144.527 E12.63103
;WIDTH:0.52018
G1 X170.205 Y144.516 E12.64088
G1 X170.459 Y144.365 E12.65768
;WIDTH:0.48509
G1 X170.714 Y144.214 E12.67323
G1 X170.865 Y143.959 E12.68878
;WIDTH:0.520179
G1 X171.016 Y143.705 E12.70558
G1 X171.027 Y143.532 E12.71543
;WIDTH:0.510952
G1 X171.027 Y76.468 E16.45081
G1 X170.87 Y76.127 E16.47172
;WIDTH:0.480476
G1 X170.714 Y75.786 E16.49118
G1 X170.373 Y75.63 E16.51064
;WIDTH:0.510953
G1 X170.032 Y75.473 E16.53155
G1 X141.027 Y75.473 E18.1471
G1 X141.027 Y75.027 E18.17194
G1 X170.032 Y75.027 E19.78749
G1 X170.537 Y75.011 E19.81563
;WIDTH:0.480476
G1 X171.041 Y74.996 E19.8418
;WIDTH:0.45
G1 X171.504 Y74.996 E19.86407
G1 X171.504 Y75.459 E19.88634
;WIDTH:0.480476
G1 X171.489 Y75.963 E19.91251
;WIDTH:0.510952
G1 X171.473 Y76.468 E19.94065
G1 X171.473 Y143.532 E23.67603
;WIDTH:0.520179
G1 X171.486 Y144.374 E23.7239
;WIDTH:0.485089
G1 X171.504 Y145.004 E23.75697
;WIDTH:0.45
G1 X171.041 Y145.004 E23.77924
;WIDTH:0.480476
G1 X170.537 Y144.989 E23.80541
;WIDTH:0.510953
G1 X170.032 Y144.973 E23.83355
G1 X49.968 Y144.973 E30.52099
G1 X49.463 Y144.989 E30.54913
;WIDTH:0.480476
G1 X48.959 Y145.004 E30.5753
;WIDTH:0.45
G1 X48.496 Y145.004 E30.59757
G1 X48.496 Y144.541 E30.61984
;WIDTH:0.480476
G1 X48.511 Y144.037 E30.64601
;WIDTH:0.510953
G1 X48.527 Y143.532 E30.67415
G1 X48.527 Y76.468 E34.40954
G1 X48.511 Y75.963 E34.43768
;WIDTH:0.480476
G1 X48.496 Y75.459 E34.46385
;WIDTH:0.45
G1 X48.496 Y74.996 E34.48612
G1 X48.959 Y74.996 E34.50839
;WIDTH:0.480476
G1 X49.463 Y75.011 E34.53456
;WIDTH:0.510953
G1 X49.968 Y75.027 E34.5627
G1 X78.973 Y75.027 E36.17825
G1 X78.973 Y75.473 E36.20309
G1 X49.968 Y75.473 E37.81864
;WIDTH:0.52018
G1 X49.795 Y75.484 E37.82849
G1 X49.541 Y75.635 E37.84529
;WIDTH:0.48509
G1 X49.286 Y75.786 E37.86084
;WIDTH:0.480476
G1 X49.13 Y76.127 E37.8803
;WIDTH:0.510953
G1 X49.11 Y76.169 E37.88289
G1 X49.11 Y76.169 F7800
G1 X49.436 Y76.356
;WIDTH:0.45
G1 F3600
G1 X49.389 Y76.468 E37.88873
G1 X49.389 Y143.532 E41.11428
G1 X49.398 Y143.632 E41.11911
G1 X49.559 Y143.941 E41.13587
G1 X49.968 Y144.111 E41.15717
G1 X170.032 Y144.111 E46.93183
G1 X170.132 Y144.102 E46.93666
G1 X170.441 Y143.941 E46.95342
G1 X170.602 Y143.632 E46.97018
G1 X170.611 Y143.532 E46.97501
G1 X170.611 Y76.468 E50.20056
G1 X170.441 Y76.059 E50.22186
G1 X170.032 Y75.889 E50.24316
G1 X140.611 Y75.889 E51.65821
G1 X140.611 Y74.611 E51.71968
G1 X171.889 Y74.611 E53.22404
G1 X171.889 Y75.459 E53.26483
G1 X171.889 Y145.389 E56.62822
G1 X48.111 Y145.389 E62.58151
G1 X48.111 Y74.611 E65.98569
G1 X79.389 Y74.611 E67.49005
G1 X79.389 Y75.889 E67.55152
G1 X49.968 Y75.889 E68.96657
G1 X49.868 Y75.898 E68.9714
G1 X49.559 Y76.059 E68.98816
G1 X49.458 Y76.301 E69.00077
G1 X49.458 Y76.301 F7800
G1 X49.775 Y76.468
;TYPE:External perimeter
G1 F1800
G1 X49.775 Y143.532 E72.22632
G1 X49.831 Y143.669 E72.23344
G1 X49.968 Y143.725 E72.24056
G1 X170.032 Y143.725 E78.01522
G1 X170.169 Y143.669 E78.02234
G1 X170.225 Y143.532 E78.02946
G1 X170.225 Y76.468 E81.25501
G1 X170.169 Y76.331 E81.26213
G1 X170.032 Y76.275 E81.26925
G1 X140.225 Y76.275 E82.70286
G1 X140.225 Y74.225 E82.80146
G1 X172.275 Y74.225 E84.34295
G1 X172.275 Y75.459 E84.4023
G1 X172.275 Y145.775 E87.78426
G1 X47.725 Y145.775 E93.77468
G1 X47.725 Y74.225 E97.21599
G1 X79.775 Y74.225 E98.75748
G1 X79.775 Y76.275 E98.85608
G1 X49.968 Y76.275 E100.28969
G1 X49.831 Y76.331 E100.29681
G1 X49.798 Y76.412 E100.30102
G1 X49.778 Y76.812 F7800
G1 X48.773 Y75.284
;TYPE:Solid infill
;WIDTH:0.42593
G1 F1200
G1 X48.808 Y76.024 E100.33443
G1 X48.857 Y76.058 E100.33712
G1 X49.09 Y75.595 E100.36049
G1 X49.44 Y75.34 E100.38002
G1 X48.966 Y75.295 E100.40149
G1 E98.40149 F2400
G92 E0
G1 X48.966 Y75.295 F7800
G1 X48.784 Y144.727
G1 E2 F2400
G1 F1200
G1 X49.524 Y144.692 E2.03341
G1 X49.558 Y144.643 E2.0361
G1 X49.095 Y144.41 E2.05947
G1 X48.87 Y144.071 E2.07782
G1 X48.82 Y144.064 E2.0801
G1 X48.794 Y144.534 E2.10133
G1 E.10133 F2400
G92 E0
G1 X48.794 Y144.534 F7800
G1 X170.559 Y144.66
G1 E2 F2400
;WIDTH:0.42502
G1 F1200
G1 X171.227 Y144.717 E2.03016
G1 X171.187 Y144.088 E2.05851
G1 X171.163 Y144.06 E2.06017
G1 X170.878 Y144.432 E2.08125
G1 X170.716 Y144.548 E2.09021
G1 E.09021 F2400
G92 E0
G1 X170.444 Y75.356 F7800
G1 E2 F2400
;WIDTH:0.428278
G1 F1200
G1 X170.903 Y75.59 E2.02338
G1 X171.135 Y76.037 E2.04624
G1 X171.187 Y76.048 E2.04865
G1 X171.218 Y75.275 E2.08376
G1 X170.611 Y75.301 E2.11134
;LAYER_CHANGE
;Z:4.25
;HEIGHT:0.3
 ; After First Layer

G1 Z4.25 F7800
G1 E.11134 F2400
G1 Z4.25 F7800
G1 X49.085 Y76.224
G1 E2.11134 F2400
;TYPE:Perimeter
;WIDTH:0.510953
G1 F3600
G1 X48.973 Y76.468 E2.12629
G1 X48.973 Y143.532 E5.86168
;WIDTH:0.52018
G1 X48.984 Y143.705 E5.87153
G1 X49.135 Y143.959 E5.88833
;WIDTH:0.48509
G1 X49.286 Y144.214 E5.90388
;WIDTH:0.480476
G1 X49.627 Y144.37 E5.92334
;WIDTH:0.510953
G1 X49.968 Y144.527 E5.94425
G1 X170.032 Y144.527 E12.63169
;WIDTH:0.52018
G1 X170.205 Y144.516 E12.64154
G1 X170.459 Y144.365 E12.65834
;WIDTH:0.48509
G1 X170.714 Y144.214 E12.67389
G1 X170.865 Y143.959 E12.68944
;WIDTH:0.520179
G1 X171.016 Y143.705 E12.70624
G1 X171.027 Y143.532 E12.71609
;WIDTH:0.510952
G1 X171.027 Y76.468 E16.45147
G1 X170.87 Y76.127 E16.47238
;WIDTH:0.480476
G1 X170.714 Y75.786 E16.49184
G1 X170.373 Y75.63 E16.5113
;WIDTH:0.510953
G1 X170.032 Y75.473 E16.53221
G1 X141.027 Y75.473 E18.14776
G1 X141.027 Y75.027 E18.1726
G1 X170.032 Y75.027 E19.78815
G1 X170.537 Y75.011 E19.81629
;WIDTH:0.480476
G1 X171.041 Y74.996 E19.84246
;WIDTH:0.45
G1 X171.504 Y74.996 E19.86473
G1 X171.504 Y75.459 E19.887
;WIDTH:0.480476
G1 X171.489 Y75.963 E19.91317
;WIDTH:0.510952
G1 X171.473 Y76.468 E19.94131
G1 X171.473 Y143.532 E23.67669
;WIDTH:0.520179
G1 X171.486 Y144.374 E23.72456
;WIDTH:0.485089
G1 X171.504 Y145.004 E23.75763
;WIDTH:0.45
G1 X171.041 Y145.004 E23.7799
;WIDTH:0.480476
G1 X170.537 Y144.989 E23.80607
;WIDTH:0.510953
G1 X170.032 Y144.973 E23.83421
G1 X49.968 Y144.973 E30.52165
G1 X49.463 Y144.989 E30.54979
;WIDTH:0.480476
G1 X48.959 Y145.004 E30.57596
;WIDTH:0.45
G1 X48.496 Y145.004 E30.59823
G1 X48.496 Y144.541 E30.6205
;WIDTH:0.480476
G1 X48.511 Y144.037 E30.64667
;WIDTH:0.510953
G1 X48.527 Y143.532 E30.67481
G1 X48.527 Y76.468 E34.4102
G1 X48.511 Y75.963 E34.43834
;WIDTH:0.480476
G1 X48.496 Y75.459 E34.46451
;WIDTH:0.45
G1 X48.496 Y74.996 E34.48678
G1 X48.959 Y74.996 E34.50905
;WIDTH:0.480476
G1 X49.463 Y75.011 E34.53522
;WIDTH:0.510953
G1 X49.968 Y75.027 E34.56336
G1 X78.973 Y75.027 E36.17891
G1 X78.973 Y75.473 E36.20375
G1 X49.968 Y75.473 E37.8193
;WIDTH:0.52018
G1 X49.795 Y75.484 E37.82915
G1 X49.541 Y75.635 E37.84595
;WIDTH:0.48509
G1 X49.286 Y75.786 E37.8615
;WIDTH:0.480476
G1 X49.13 Y76.127 E37.88096
;WIDTH:0.510953
G1 X49.11 Y76.169 E37.88355
G1 X49.11 Y76.169 F7800
G1 X49.436 Y76.356
;WIDTH:0.45
G1 F3600
G1 X49.389 Y76.468 E37.88939
G1 X49.389 Y143.532 E41.11494
G1 X49.398 Y143.632 E41.11977
G1 X49.559 Y143.941 E41.13653
G1 X49.968 Y144.111 E41.15783
G1 X170.032 Y144.111 E46.93249
G1 X170.132 Y144.102 E46.93732
G1 X170.441 Y143.941 E46.95408
G1 X170.602 Y143.632 E46.97084
G1 X170.611 Y143.532 E46.97567
G1 X170.611 Y76.468 E50.20122
G1 X170.441 Y76.059 E50.22252
G1 X170.032 Y75.889 E50.24382
G1 X140.611 Y75.889 E51.65887
G1 X140.611 Y74.611 E51.72034
G1 X171.889 Y74.611 E53.2247
G1 X171.889 Y75.459 E53.26549
G1 X171.889 Y145.389 E56.62888
G1 X48.111 Y145.389 E62.58217
G1 X48.111 Y74.611 E65.98635
G1 X79.389 Y74.611 E67.49071
G1 X79.389 Y75.889 E67.55218
G1 X49.968 Y75.889 E68.96723
G1 X49.868 Y75.898 E68.97206
G1 X49.559 Y76.059 E68.98882
G1 X49.458 Y76.301 E69.00143
G1 X49.458 Y76.301 F7800
G1 X49.775 Y76.468
;TYPE:External perimeter
G1 F1800
G1 X49.775 Y143.532 E72.22698
G1 X49.831 Y143.669 E72.2341
G1 X49.968 Y143.725 E72.24122
G1 X170.032 Y143.725 E78.01588
G1 X170.169 Y143.669 E78.023
G1 X170.225 Y143.532 E78.03012
G1 X170.225 Y76.468 E81.25567
G1 X170.169 Y76.331 E81.26279
G1 X170.032 Y76.275 E81.26991
G1 X140.225 Y76.275 E82.70352
G1 X140.225 Y74.225 E82.80212
G1 X172.275 Y74.225 E84.34361
G1 X172.275 Y75.459 E84.40296
G1 X172.275 Y145.775 E87.78492
G1 X47.725 Y145.775 E93.77534
G1 X47.725 Y74.225 E97.21665
G1 X79.775 Y74.225 E98.75814
G1 X79.775 Y76.275 E98.85674
G1 X49.968 Y76.275 E100.29035
G1 X49.831 Y76.331 E100.29747
G1 X49.798 Y76.412 E100.30168
G1 X49.778 Y76.812 F7800
G1 X48.773 Y75.284
;TYPE:Solid infill
;WIDTH:0.42593
G1 F1200
G1 X48.808 Y76.024 E100.33509
G1 X48.857 Y76.058 E100.33778
G1 X49.09 Y75.595 E100.36115
G1 X49.429 Y75.37 E100.3795
G1 X49.436 Y75.32 E100.38178
G1 X48.966 Y75.294 E100.40301
G1 E98.40301 F2400
G92 E0
G1 X48.966 Y75.294 F7800
G1 X48.84 Y144.06
G1 E2 F2400
G1 F1200
G1 X48.784 Y144.727 E2.03018
G1 X49.524 Y144.692 E2.06359
G1 X49.553 Y144.667 E2.06532
G1 X49.095 Y144.41 E2.089
G1 X48.954 Y144.215 E2.09985
G1 E.09985 F2400
G92 E0
G1 X48.954 Y144.215 F7800
G1 X171.163 Y144.06
G1 E2 F2400
;WIDTH:0.425021
G1 F1200
G1 X170.878 Y144.432 E2.02108
G1 X170.559 Y144.66 E2.03872
G1 X171.227 Y144.717 E2.06888
G1 X171.227 Y144.552 E2.0763
G1 X171.188 Y144.251 E2.08995
G1 E.08995 F2400
G92 E0
G1 X171.188 Y144.251 F7800
G1 X171.218 Y75.275
G1 E2 F2400
;WIDTH:0.428278
G1 F1200
G1 X170.476 Y75.309 E2.03371
G1 X170.444 Y75.356 E2.03629
G1 X170.903 Y75.59 E2.05967
G1 X171.135 Y76.037 E2.08253
G1 X171.165 Y76.052 E2.08405
G1 X171.21 Y75.467 E2.11068
;LAYER_CHANGE
;Z:4.55
;HEIGHT:0.3
 ; After First Layer

G1 Z4.55 F7800
G1 E.11068 F2400
G1 Z4.55 F7800
G1 X49.085 Y76.224
G1 E2.11068 F2400
;TYPE:Perimeter
;WIDTH:0.510953
G1 F3600
G1 X48.973 Y76.468 E2.12563
G1 X48.973 Y143.532 E5.86102
;WIDTH:0.52018
G1 X48.984 Y143.705 E5.87087
G1 X49.135 Y143.959 E5.88767
;WIDTH:0.48509
G1 X49.286 Y144.214 E5.90322
;WIDTH:0.480476
G1 X49.627 Y144.37 E5.92268
;WIDTH:0.510953
G1 X49.968 Y144.527 E5.94359
G1 X170.032 Y144.527 E12.63103
;WIDTH:0.52018
G1 X170.205 Y144.516 E12.64088
G1 X170.459 Y144.365 E12.65768
;WIDTH:0.48509
G1 X170.714 Y144.214 E12.67323
G1 X170.865 Y143.959 E12.68878
;WIDTH:0.520179
G1 X171.016 Y143.705 E12.70558
G1 X171.027 Y143.532 E12.71543
;WIDTH:0.510952
G1 X171.027 Y76.468 E16.45081
G1 X170.87 Y76.127 E16.47172
;WIDTH:0.480476
G1 X170.714 Y75.786 E16.49118
G1 X170.373 Y75.63 E16.51064
;WIDTH:0.510953
G1 X170.032 Y75.473 E16.53155
G1 X141.027 Y75.473 E18.1471
G1 X141.027 Y75.027 E18.17194
G1 X170.032 Y75.027 E19.78749
G1 X170.537 Y75.011 E19.81563
;WIDTH:0.480476
G1 X171.041 Y74.996 E19.8418
;WIDTH:0.45
G1 X171.504 Y74.996 E19.86407
G1 X171.504 Y75.459 E19.88634
;WIDTH:0.480476
G1 X171.489 Y75.963 E19.91251
;WIDTH:0.510952
G1 X171.473 Y76.468 E19.94065
G1 X171.473 Y143.532 E23.67603
;WIDTH:0.520179
G1 X171.486 Y144.374 E23.7239
;WIDTH:0.485089
G1 X171.504 Y145.004 E23.75697
;WIDTH:0.45
G1 X171.041 Y145.004 E23.77924
;WIDTH:0.480476
G1 X170.537 Y144.989 E23.80541
;WIDTH:0.510953
G1 X170.032 Y144.973 E23.83355
G1 X49.968 Y144.973 E30.52099
G1 X49.463 Y144.989 E30.54913
;WIDTH:0.480476
G1 X48.959 Y145.004 E30.5753
;WIDTH:0.45
G1 X48.496 Y145.004 E30.59757
G1 X48.496 Y144.541 E30.61984
;WIDTH:0.480476
G1 X48.511 Y144.037 E30.64601
;WIDTH:0.510953
G1 X48.527 Y143.532 E30.67415
G1 X48.527 Y76.468 E34.40954
G1 X48.511 Y75.963 E34.43768
;WIDTH:0.480476
G1 X48.496 Y75.459 E34.46385
;WIDTH:0.45
G1 X48.496 Y74.996 E34.48612
G1 X48.959 Y74.996 E34.50839
;WIDTH:0.480476
G1 X49.463 Y75.011 E34.53456
;WIDTH:0.510953
G1 X49.968 Y75.027 E34.5627
G1 X78.973 Y75.027 E36.17825
G1 X78.973 Y75.473 E36.20309
G1 X49.968 Y75.473 E37.81864
;WIDTH:0.52018
G1 X49.795 Y75.484 E37.82849
G1 X49.541 Y75.635 E37.84529
;WIDTH:0.48509
G1 X49.286 Y75.786 E37.86084
;WIDTH:0.480476
G1 X49.13 Y76.127 E37.8803
;WIDTH:0.510953
G1 X49.11 Y76.169 E37.88289
G1 X49.11 Y76.169 F7800
G1 X49.436 Y76.356
;WIDTH:0.45
G1 F3600
G1 X49.389 Y76.468 E37.88873
G1 X49.389 Y143.532 E41.11428
G1 X49.398 Y143.632 E41.11911
G1 X49.559 Y143.941 E41.13587
G1 X49.968 Y144.111 E41.15717
G1 X170.032 Y144.111 E46.93183
G1 X170.132 Y144.102 E46.93666
G1 X170.441 Y143.941 E46.95342
G1 X170.602 Y143.632 E46.97018
G1 X170.611 Y143.532 E46.97501
G1 X170.611 Y76.468 E50.20056
G1 X170.441 Y76.059 E50.22186
G1 X170.032 Y75.889 E50.24316
G1 X140.611 Y75.889 E51.65821
G1 X140.611 Y74.611 E51.71968
G1 X171.889 Y74.611 E53.22404
G1 X171.889 Y75.459 E53.26483
G1 X171.889 Y145.389 E56.62822
G1 X48.111 Y145.389 E62.58151
G1 X48.111 Y74.611 E65.98569
G1 X79.389 Y74.611 E67.49005
G1 X79.389 Y75.889 E67.55152
G1 X49.968 Y75.889 E68.96657
G1 X49.868 Y75.898 E68.9714
G1 X49.559 Y76.059 E68.98816
G1 X49.458 Y76.301 E69.00077
G1 X49.458 Y76.301 F7800
G1 X49.775 Y76.468
;TYPE:External perimeter
G1 F1800
G1 X49.775 Y143.532 E72.22632
G1 X49.831 Y143.669 E72.23344
G1 X49.968 Y143.725 E72.24056
G1 X170.032 Y143.725 E78.01522
G1 X170.169 Y143.669 E78.02234
G1 X170.225 Y143.532 E78.02946
G1 X170.225 Y76.468 E81.25501
G1 X170.169 Y76.331 E81.26213
G1 X170.032 Y76.275 E81.26925
G1 X140.225 Y76.275 E82.70286
G1 X140.225 Y74.225 E82.80146
G1 X172.275 Y74.225 E84.34295
G1 X172.275 Y75.459 E84.4023
G1 X172.275 Y145.775 E87.78426
G1 X47.725 Y145.775 E93.77468
G1 X47.725 Y74.225 E97.21599
G1 X79.775 Y74.225 E98.75748
G1 X79.775 Y76.275 E98.85608
G1 X49.968 Y76.275 E100.28969
G1 X49.831 Y76.331 E100.29681
G1 X49.798 Y76.412 E100.30102
G1 X49.778 Y76.812 F7800
G1 X48.773 Y75.284
;TYPE:Solid infill
;WIDTH:0.42593
G1 F1200
G1 X48.808 Y76.024 E100.33443
G1 X48.857 Y76.058 E100.33712
G1 X49.09 Y75.595 E100.36049
G1 X49.44 Y75.34 E100.38002
G1 X48.966 Y75.295 E100.40149
G1 E98.40149 F2400
G92 E0
G1 X48.966 Y75.295 F7800
G1 X48.784 Y144.727
G1 E2 F2400
G1 F1200
G1 X49.524 Y144.692 E2.03341
G1 X49.558 Y144.643 E2.0361
G1 X49.095 Y144.41 E2.05947
G1 X48.87 Y144.071 E2.07782
G1 X48.82 Y144.064 E2.0801
G1 X48.794 Y144.534 E2.10133
G1 E.10133 F2400
G92 E0
G1 X48.794 Y144.534 F7800
G1 X170.559 Y144.66
G1 E2 F2400
;WIDTH:0.42502
G1 F1200
G1 X171.227 Y144.717 E2.03016
G1 X171.187 Y144.088 E2.05851
G1 X171.163 Y144.06 E2.06017
G1 X170.878 Y144.432 E2.08125
G1 X170.716 Y144.548 E2.09021
G1 E.09021 F2400
G92 E0
G1 X170.444 Y75.356 F7800
G1 E2 F2400
;WIDTH:0.428278
G1 F1200
G1 X170.903 Y75.59 E2.02338
G1 X171.135 Y76.037 E2.04624
G1 X171.187 Y76.048 E2.04865
G1 X171.218 Y75.275 E2.08376
G1 X170.611 Y75.301 E2.11134
;LAYER_CHANGE
;Z:4.85
;HEIGHT:0.3
 ; After First Layer

G1 Z4.85 F7800
G1 E.11134 F2400
G1 Z4.85 F7800
G1 X49.085 Y76.224
G1 E2.11134 F2400
;TYPE:Perimeter
;WIDTH:0.510953
G1 F3600
G1 X48.973 Y76.468 E2.12629
G1 X48.973 Y143.532 E5.86168
;WIDTH:0.52018
G1 X48.984 Y143.705 E5.87153
G1 X49.135 Y143.959 E5.88833
;WIDTH:0.48509
G1 X49.286 Y144.214 E5.90388
;WIDTH:0.480476
G1 X49.627 Y144.37 E5.92334
;WIDTH:0.510953
G1 X49.968 Y144.527 E5.94425
G1 X170.032 Y144.527 E12.63169
;WIDTH:0.52018
G1 X170.205 Y144.516 E12.64154
G1 X170.459 Y144.365 E12.65834
;WIDTH:0.48509
G1 X170.714 Y144.214 E12.67389
G1 X170.865 Y143.959 E12.68944
;WIDTH:0.520179
G1 X171.016 Y143.705 E12.70624
G1 X171.027 Y143.532 E12.71609
;WIDTH:0.510952
G1 X171.027 Y76.468 E16.45147
G1 X170.87 Y76.127 E16.47238
;WIDTH:0.480476
G1 X170.714 Y75.786 E16.49184
G1 X170.373 Y75.63 E16.5113
;WIDTH:0.510953
G1 X170.032 Y75.473 E16.53221
G1 X141.027 Y75.473 E18.14776
G1 X141.027 Y75.027 E18.1726
G1 X170.032 Y75.027 E19.78815
G1 X170.537 Y75.011 E19.81629
;WIDTH:0.480476
G1 X171.041 Y74.996 E19.84246
;WIDTH:0.45
G1 X171.504 Y74.996 E19.86473
G1 X171.504 Y75.459 E19.887
;WIDTH:0.480476
G1 X171.489 Y75.963 E19.91317
;WIDTH:0.510952
G1 X171.473 Y76.468 E19.94131
G1 X171.473 Y143.532 E23.67669
;WIDTH:0.520179
G1 X171.486 Y144.374 E23.72456
;WIDTH:0.485089
G1 X171.504 Y145.004 E23.75763
;WIDTH:0.45
G1 X171.041 Y145.004 E23.7799
;WIDTH:0.480476
G1 X170.537 Y144.989 E23.80607
;WIDTH:0.510953
G1 X170.032 Y144.973 E23.83421
G1 X49.968 Y144.973 E30.52165
G1 X49.463 Y144.989 E30.54979
;WIDTH:0.480476
G1 X48.959 Y145.004 E30.57596
;WIDTH:0.45
G1 X48.496 Y145.004 E30.59823
G1 X48.496 Y144.541 E30.6205
;WIDTH:0.480476
G1 X48.511 Y144.037 E30.64667
;WIDTH:0.510953
G1 X48.527 Y143.532 E30.67481
G1 X48.527 Y76.468 E34.4102
G1 X48.511 Y75.963 E34.43834
;WIDTH:0.480476
G1 X48.496 Y75.459 E34.46451
;WIDTH:0.45
G1 X48.496 Y74.996 E34.48678
G1 X48.959 Y74.996 E34.50905
;WIDTH:0.480476
G1 X49.463 Y75.011 E34.53522
;WIDTH:0.510953
G1 X49.968 Y75.027 E34.56336
G1 X78.973 Y75.027 E36.17891
G1 X78.973 Y75.473 E36.20375
G1 X49.968 Y75.473 E37.8193
;WIDTH:0.52018
G1 X49.795 Y75.484 E37.82915
G1 X49.541 Y75.635 E37.84595
;WIDTH:0.48509
G1 X49.286 Y75.786 E37.8615
;WIDTH:0.480476
G1 X49.13 Y76.127 E37.88096
;WIDTH:0.510953
G1 X49.11 Y76.169 E37.88355
G1 X49.11 Y76.169 F7800
G1 X49.436 Y76.356
;WIDTH:0.45
G1 F3600
G1 X49.389 Y76.468 E37.88939
G1 X49.389 Y143.532 E41.11494
G1 X49.398 Y143.632 E41.11977
G1 X49.559 Y143.941 E41.13653
G1 X49.968 Y144.111 E41.15783
G1 X170.032 Y144.111 E46.93249
G1 X170.132 Y144.102 E46.93732
G1 X170.441 Y143.941 E46.95408
G1 X170.602 Y143.632 E46.97084
G1 X170.611 Y143.532 E46.97567
G1 X170.611 Y76.468 E50.20122
G1 X170.441 Y76.059 E50.22252
G1 X170.032 Y75.889 E50.24382
G1 X140.611 Y75.889 E51.65887
G1 X140.611 Y74.611 E51.72034
G1 X171.889 Y74.611 E53.2247
G1 X171.889 Y75.459 E53.26549
G1 X171.889 Y145.389 E56.62888
G1 X48.111 Y145.389 E62.58217
G1 X48.111 Y74.611 E65.98635
G1 X79.389 Y74.611 E67.49071
G1 X79.389 Y75.889 E67.55218
G1 X49.968 Y75.889 E68.96723
G1 X49.868 Y75.898 E68.97206
G1 X49.559 Y76.059 E68.98882
G1 X49.458 Y76.301 E69.00143
G1 X49.458 Y76.301 F7800
G1 X49.775 Y76.468
;TYPE:External perimeter
G1 F1800
G1 X49.775 Y143.532 E72.22698
G1 X49.831 Y143.669 E72.2341
G1 X49.968 Y143.725 E72.24122
G1 X170.032 Y143.725 E78.01588
G1 X170.169 Y143.669 E78.023
G1 X170.225 Y143.532 E78.03012
G1 X170.225 Y76.468 E81.25567
G1 X170.169 Y76.331 E81.26279
G1 X170.032 Y76.275 E81.26991
G1 X140.225 Y76.275 E82.70352
G1 X140.225 Y74.225 E82.80212
G1 X172.275 Y74.225 E84.34361
G1 X172.275 Y75.459 E84.40296
G1 X172.275 Y145.775 E87.78492
G1 X47.725 Y145.775 E93.77534
G1 X47.725 Y74.225 E97.21665
G1 X79.775 Y74.225 E98.75814
G1 X79.775 Y76.275 E98.85674
G1 X49.968 Y76.275 E100.29035
G1 X49.831 Y76.331 E100.29747
G1 X49.798 Y76.412 E100.30168
G1 X49.778 Y76.812 F7800
G1 X48.773 Y75.284
;TYPE:Solid infill
;WIDTH:0.42593
G1 F1200
G1 X48.808 Y76.024 E100.33509
G1 X48.857 Y76.058 E100.33778
G1 X49.09 Y75.595 E100.36115
G1 X49.429 Y75.37 E100.3795
G1 X49.436 Y75.32 E100.38178
G1 X48.966 Y75.294 E100.40301
G1 E98.40301 F2400
G92 E0
G1 X48.966 Y75.294 F7800
G1 X48.84 Y144.06
G1 E2 F2400
G1 F1200
G1 X48.784 Y144.727 E2.03018
G1 X49.524 Y144.692 E2.06359
G1 X49.553 Y144.667 E2.06532
G1 X49.095 Y144.41 E2.089
G1 X48.954 Y144.215 E2.09985
G1 E.09985 F2400
G92 E0
G1 X48.954 Y144.215 F7800
G1 X171.163 Y144.06
G1 E2 F2400
;WIDTH:0.425021
G1 F1200
G1 X170.878 Y144.432 E2.02108
G1 X170.559 Y144.66 E2.03872
G1 X171.227 Y144.717 E2.06888
G1 X171.227 Y144.552 E2.0763
G1 X171.188 Y144.251 E2.08995
G1 E.08995 F2400
G92 E0
G1 X171.188 Y144.251 F7800
G1 X171.218 Y75.275
G1 E2 F2400
;WIDTH:0.428278
G1 F1200
G1 X170.476 Y75.309 E2.03371
G1 X170.444 Y75.356 E2.03629
G1 X170.903 Y75.59 E2.05967
G1 X171.135 Y76.037 E2.08253
G1 X171.165 Y76.052 E2.08405
G1 X171.21 Y75.467 E2.11068
;LAYER_CHANGE
;Z:5.15
;HEIGHT:0.3
 ; After First Layer

G1 Z5.15 F7800
G1 E.11068 F2400
G1 Z5.15 F7800
G1 X49.085 Y76.224
G1 E2.11068 F2400
;TYPE:Perimeter
;WIDTH:0.510953
G1 F3600
G1 X48.973 Y76.468 E2.12563
G1 X48.973 Y143.532 E5.86102
;WIDTH:0.52018
G1 X48.984 Y143.705 E5.87087
G1 X49.135 Y143.959 E5.88767
;WIDTH:0.48509
G1 X49.286 Y144.214 E5.90322
;WIDTH:0.480476
G1 X49.627 Y144.37 E5.92268
;WIDTH:0.510953
G1 X49.968 Y144.527 E5.94359
G1 X170.032 Y144.527 E12.63103
;WIDTH:0.52018
G1 X170.205 Y144.516 E12.64088
G1 X170.459 Y144.365 E12.65768
;WIDTH:0.48509
G1 X170.714 Y144.214 E12.67323
G1 X170.865 Y143.959 E12.68878
;WIDTH:0.520179
G1 X171.016 Y143.705 E12.70558
G1 X171.027 Y143.532 E12.71543
;WIDTH:0.510952
G1 X171.027 Y76.468 E16.45081
G1 X170.87 Y76.127 E16.47172
;WIDTH:0.480476
G1 X170.714 Y75.786 E16.49118
G1 X170.373 Y75.63 E16.51064
;WIDTH:0.510953
G1 X170.032 Y75.473 E16.53155
G1 X141.027 Y75.473 E18.1471
G1 X141.027 Y75.027 E18.17194
G1 X170.032 Y75.027 E19.78749
G1 X170.537 Y75.011 E19.81563
;WIDTH:0.480476
G1 X171.041 Y74.996 E19.8418
;WIDTH:0.45
G1 X171.504 Y74.996 E19.86407
G1 X171.504 Y75.459 E19.88634
;WIDTH:0.480476
G1 X171.489 Y75.963 E19.91251
;WIDTH:0.510952
G1 X171.473 Y76.468 E19.94065
G1 X171.473 Y143.532 E23.67603
;WIDTH:0.520179
G1 X171.486 Y144.374 E23.7239
;WIDTH:0.485089
G1 X171.504 Y145.004 E23.75697
;WIDTH:0.45
G1 X171.041 Y145.004 E23.77924
;WIDTH:0.480476
G1 X170.537 Y144.989 E23.80541
;WIDTH:0.510953
G1 X170.032 Y144.973 E23.83355
G1 X49.968 Y144.973 E30.52099
G1 X49.463 Y144.989 E30.54913
;WIDTH:0.480476
G1 X48.959 Y145.004 E30.5753
;WIDTH:0.45
G1 X48.496 Y145.004 E30.59757
G1 X48.496 Y144.541 E30.61984
;WIDTH:0.480476
G1 X48.511 Y144.037 E30.64601
;WIDTH:0.510953
G1 X48.527 Y143.532 E30.67415
G1 X48.527 Y76.468 E34.40954
G1 X48.511 Y75.963 E34.43768
;WIDTH:0.480476
G1 X48.496 Y75.459 E34.46385
;WIDTH:0.45
G1 X48.496 Y74.996 E34.48612
G1 X48.959 Y74.996 E34.50839
;WIDTH:0.480476
G1 X49.463 Y75.011 E34.53456
;WIDTH:0.510953
G1 X49.968 Y75.027 E34.5627
G1 X78.973 Y75.027 E36.17825
G1 X78.973 Y75.473 E36.20309
G1 X49.968 Y75.473 E37.81864
;WIDTH:0.52018
G1 X49.795 Y75.484 E37.82849
G1 X49.541 Y75.635 E37.84529
;WIDTH:0.48509
G1 X49.286 Y75.786 E37.86084
;WIDTH:0.480476
G1 X49.13 Y76.127 E37.8803
;WIDTH:0.510953
G1 X49.11 Y76.169 E37.88289
G1 X49.11 Y76.169 F7800
G1 X49.436 Y76.356
;WIDTH:0.45
G1 F3600
G1 X49.389 Y76.468 E37.88873
G1 X49.389 Y143.532 E41.11428
G1 X49.398 Y143.632 E41.11911
G1 X49.559 Y143.941 E41.13587
G1 X49.968 Y144.111 E41.15717
G1 X170.032 Y144.111 E46.93183
G1 X170.132 Y144.102 E46.93666
G1 X170.441 Y143.941 E46.95342
G1 X170.602 Y143.632 E46.97018
G1 X170.611 Y143.532 E46.97501
G1 X170.611 Y76.468 E50.20056
G1 X170.441 Y76.059 E50.22186
G1 X170.032 Y75.889 E50.24316
G1 X140.611 Y75.889 E51.65821
G1 X140.611 Y74.611 E51.71968
G1 X171.889 Y74.611 E53.22404
G1 X171.889 Y75.459 E53.26483
G1 X171.889 Y145.389 E56.62822
G1 X48.111 Y145.389 E62.58151
G1 X48.111 Y74.611 E65.98569
G1 X79.389 Y74.611 E67.49005
G1 X79.389 Y75.889 E67.55152
G1 X49.968 Y75.889 E68.96657
G1 X49.868 Y75.898 E68.9714
G1 X49.559 Y76.059 E68.98816
G1 X49.458 Y76.301 E69.00077
G1 X49.458 Y76.301 F7800
G1 X49.775 Y76.468
;TYPE:External perimeter
G1 F1800
G1 X49.775 Y143.532 E72.22632
G1 X49.831 Y143.669 E72.23344
G1 X49.968 Y143.725 E72.24056
G1 X170.032 Y143.725 E78.01522
G1 X170.169 Y143.669 E78.02234
G1 X170.225 Y143.532 E78.02946
G1 X170.225 Y76.468 E81.25501
G1 X170.169 Y76.331 E81.26213
G1 X170.032 Y76.275 E81.26925
G1 X140.225 Y76.275 E82.70286
G1 X140.225 Y74.225 E82.80146
G1 X172.275 Y74.225 E84.34295
G1 X172.275 Y75.459 E84.4023
G1 X172.275 Y145.775 E87.78426
G1 X47.725 Y145.775 E93.77468
G1 X47.725 Y74.225 E97.21599
G1 X79.775 Y74.225 E98.75748
G1 X79.775 Y76.275 E98.85608
G1 X49.968 Y76.275 E100.28969
G1 X49.831 Y76.331 E100.29681
G1 X49.798 Y76.412 E100.30102
G1 X49.778 Y76.812 F7800
G1 X48.773 Y75.284
;TYPE:Solid infill
;WIDTH:0.42593
G1 F1200
G1 X48.808 Y76.024 E100.33443
G1 X48.857 Y76.058 E100.33712
G1 X49.09 Y75.595 E100.36049
G1 X49.44 Y75.34 E100.38002
G1 X48.966 Y75.295 E100.40149
G1 E98.40149 F2400
G92 E0
G1 X48.966 Y75.295 F7800
G1 X48.784 Y144.727
G1 E2 F2400
G1 F1200
G1 X49.524 Y144.692 E2.03341
G1 X49.558 Y144.643 E2.0361
G1 X49.095 Y144.41 E2.05947
G1 X48.87 Y144.071 E2.07782
G1 X48.82 Y144.064 E2.0801
G1 X48.794 Y144.534 E2.10133
G1 E.10133 F2400
G92 E0
G1 X48.794 Y144.534 F7800
G1 X170.559 Y144.66
G1 E2 F2400
;WIDTH:0.42502
G1 F1200
G1 X171.227 Y144.717 E2.03016
G1 X171.187 Y144.088 E2.05851
G1 X171.163 Y144.06 E2.06017
G1 X170.878 Y144.432 E2.08125
G1 X170.716 Y144.548 E2.09021
G1 E.09021 F2400
G92 E0
G1 X170.444 Y75.356 F7800
G1 E2 F2400
;WIDTH:0.428278
G1 F1200
G1 X170.903 Y75.59 E2.02338
G1 X171.135 Y76.037 E2.04624
G1 X171.187 Y76.048 E2.04865
G1 X171.218 Y75.275 E2.08376
G1 X170.611 Y75.301 E2.11134
;LAYER_CHANGE
;Z:5.45
;HEIGHT:0.3
 ; After First Layer

G1 Z5.45 F7800
G1 E.11134 F2400
G1 Z5.45 F7800
G1 X49.085 Y76.224
G1 E2.11134 F2400
;TYPE:Perimeter
;WIDTH:0.510953
G1 F3600
G1 X48.973 Y76.468 E2.12629
G1 X48.973 Y143.532 E5.86168
;WIDTH:0.52018
G1 X48.984 Y143.705 E5.87153
G1 X49.135 Y143.959 E5.88833
;WIDTH:0.48509
G1 X49.286 Y144.214 E5.90388
;WIDTH:0.480476
G1 X49.627 Y144.37 E5.92334
;WIDTH:0.510953
G1 X49.968 Y144.527 E5.94425
G1 X170.032 Y144.527 E12.63169
;WIDTH:0.52018
G1 X170.205 Y144.516 E12.64154
G1 X170.459 Y144.365 E12.65834
;WIDTH:0.48509
G1 X170.714 Y144.214 E12.67389
G1 X170.865 Y143.959 E12.68944
;WIDTH:0.520179
G1 X171.016 Y143.705 E12.70624
G1 X171.027 Y143.532 E12.71609
;WIDTH:0.510952
G1 X171.027 Y76.468 E16.45147
G1 X170.87 Y76.127 E16.47238
;WIDTH:0.480476
G1 X170.714 Y75.786 E16.49184
G1 X170.373 Y75.63 E16.5113
;WIDTH:0.510953
G1 X170.032 Y75.473 E16.53221
G1 X141.027 Y75.473 E18.14776
G1 X141.027 Y75.027 E18.1726
G1 X170.032 Y75.027 E19.78815
G1 X170.537 Y75.011 E19.81629
;WIDTH:0.480476
G1 X171.041 Y74.996 E19.84246
;WIDTH:0.45
G1 X171.504 Y74.996 E19.86473
G1 X171.504 Y75.459 E19.887
;WIDTH:0.480476
G1 X171.489 Y75.963 E19.91317
;WIDTH:0.510952
G1 X171.473 Y76.468 E19.94131
G1 X171.473 Y143.532 E23.67669
;WIDTH:0.520179
G1 X171.486 Y144.374 E23.72456
;WIDTH:0.485089
G1 X171.504 Y145.004 E23.75763
;WIDTH:0.45
G1 X171.041 Y145.004 E23.7799
;WIDTH:0.480476
G1 X170.537 Y144.989 E23.80607
;WIDTH:0.510953
G1 X170.032 Y144.973 E23.83421
G1 X49.968 Y144.973 E30.52165
G1 X49.463 Y144.989 E30.54979
;WIDTH:0.480476
G1 X48.959 Y145.004 E30.57596
;WIDTH:0.45
G1 X48.496 Y145.004 E30.59823
G1 X48.496 Y144.541 E30.6205
;WIDTH:0.480476
G1 X48.511 Y144.037 E30.64667
;WIDTH:0.510953
G1 X48.527 Y143.532 E30.67481
G1 X48.527 Y76.468 E34.4102
G1 X48.511 Y75.963 E34.43834
;WIDTH:0.480476
G1 X48.496 Y75.459 E34.46451
;WIDTH:0.45
G1 X48.496 Y74.996 E34.48678
G1 X48.959 Y74.996 E34.50905
;WIDTH:0.480476
G1 X49.463 Y75.011 E34.53522
;WIDTH:0.510953
G1 X49.968 Y75.027 E34.56336
G1 X78.973 Y75.027 E36.17891
G1 X78.973 Y75.473 E36.20375
G1 X49.968 Y75.473 E37.8193
;WIDTH:0.52018
G1 X49.795 Y75.484 E37.82915
G1 X49.541 Y75.635 E37.84595
;WIDTH:0.48509
G1 X49.286 Y75.786 E37.8615
;WIDTH:0.480476
G1 X49.13 Y76.127 E37.88096
;WIDTH:0.510953
G1 X49.11 Y76.169 E37.88355
G1 X49.11 Y76.169 F7800
G1 X49.436 Y76.356
;WIDTH:0.45
G1 F3600
G1 X49.389 Y76.468 E37.88939
G1 X49.389 Y143.532 E41.11494
G1 X49.398 Y143.632 E41.11977
G1 X49.559 Y143.941 E41.13653
G1 X49.968 Y144.111 E41.15783
G1 X170.032 Y144.111 E46.93249
G1 X170.132 Y144.102 E46.93732
G1 X170.441 Y143.941 E46.95408
G1 X170.602 Y143.632 E46.97084
G1 X170.611 Y143.532 E46.97567
G1 X170.611 Y76.468 E50.20122
G1 X170.441 Y76.059 E50.22252
G1 X170.032 Y75.889 E50.24382
G1 X140.611 Y75.889 E51.65887
G1 X140.611 Y74.611 E51.72034
G1 X171.889 Y74.611 E53.2247
G1 X171.889 Y75.459 E53.26549
G1 X171.889 Y145.389 E56.62888
G1 X48.111 Y145.389 E62.58217
G1 X48.111 Y74.611 E65.98635
G1 X79.389 Y74.611 E67.49071
G1 X79.389 Y75.889 E67.55218
G1 X49.968 Y75.889 E68.96723
G1 X49.868 Y75.898 E68.97206
G1 X49.559 Y76.059 E68.98882
G1 X49.458 Y76.301 E69.00143
G1 X49.458 Y76.301 F7800
G1 X49.775 Y76.468
;TYPE:External perimeter
G1 F1800
G1 X49.775 Y143.532 E72.22698
G1 X49.831 Y143.669 E72.2341
G1 X49.968 Y143.725 E72.24122
G1 X170.032 Y143.725 E78.01588
G1 X170.169 Y143.669 E78.023
G1 X170.225 Y143.532 E78.03012
G1 X170.225 Y76.468 E81.25567
G1 X170.169 Y76.331 E81.26279
G1 X170.032 Y76.275 E81.26991
G1 X140.225 Y76.275 E82.70352
G1 X140.225 Y74.225 E82.80212
G1 X172.275 Y74.225 E84.34361
G1 X172.275 Y75.459 E84.40296
G1 X172.275 Y145.775 E87.78492
G1 X47.725 Y145.775 E93.77534
G1 X47.725 Y74.225 E97.21665
G1 X79.775 Y74.225 E98.75814
G1 X79.775 Y76.275 E98.85674
G1 X49.968 Y76.275 E100.29035
G1 X49.831 Y76.331 E100.29747
G1 X49.798 Y76.412 E100.30168
G1 X49.778 Y76.812 F7800
G1 X48.773 Y75.284
;TYPE:Solid infill
;WIDTH:0.42593
G1 F1200
G1 X48.808 Y76.024 E100.33509
G1 X48.857 Y76.058 E100.33778
G1 X49.09 Y75.595 E100.36115
G1 X49.429 Y75.37 E100.3795
G1 X49.436 Y75.32 E100.38178
G1 X48.966 Y75.294 E100.40301
G1 E98.40301 F2400
G92 E0
G1 X48.966 Y75.294 F7800
G1 X48.84 Y144.06
G1 E2 F2400
G1 F1200
G1 X48.784 Y144.727 E2.03018
G1 X49.524 Y144.692 E2.06359
G1 X49.553 Y144.667 E2.06532
G1 X49.095 Y144.41 E2.089
G1 X48.954 Y144.215 E2.09985
G1 E.09985 F2400
G92 E0
G1 X48.954 Y144.215 F7800
G1 X171.163 Y144.06
G1 E2 F2400
;WIDTH:0.425021
G1 F1200
G1 X170.878 Y144.432 E2.02108
G1 X170.559 Y144.66 E2.03872
G1 X171.227 Y144.717 E2.06888
G1 X171.227 Y144.552 E2.0763
G1 X171.188 Y144.251 E2.08995
G1 E.08995 F2400
G92 E0
G1 X171.188 Y144.251 F7800
G1 X171.218 Y75.275
G1 E2 F2400
;WIDTH:0.428278
G1 F1200
G1 X170.476 Y75.309 E2.03371
G1 X170.444 Y75.356 E2.03629
G1 X170.903 Y75.59 E2.05967
G1 X171.135 Y76.037 E2.08253
G1 X171.165 Y76.052 E2.08405
G1 X171.21 Y75.467 E2.11068
;LAYER_CHANGE
;Z:5.75
;HEIGHT:0.3
 ; After First Layer

G1 Z5.75 F7800
G1 E.11068 F2400
G1 Z5.75 F7800
G1 X49.085 Y76.224
G1 E2.11068 F2400
;TYPE:Perimeter
;WIDTH:0.510953
G1 F3600
G1 X48.973 Y76.468 E2.12563
G1 X48.973 Y143.532 E5.86102
;WIDTH:0.52018
G1 X48.984 Y143.705 E5.87087
G1 X49.135 Y143.959 E5.88767
;WIDTH:0.48509
G1 X49.286 Y144.214 E5.90322
;WIDTH:0.480476
G1 X49.627 Y144.37 E5.92268
;WIDTH:0.510953
G1 X49.968 Y144.527 E5.94359
G1 X170.032 Y144.527 E12.63103
;WIDTH:0.52018
G1 X170.205 Y144.516 E12.64088
G1 X170.459 Y144.365 E12.65768
;WIDTH:0.48509
G1 X170.714 Y144.214 E12.67323
G1 X170.865 Y143.959 E12.68878
;WIDTH:0.520179
G1 X171.016 Y143.705 E12.70558
G1 X171.027 Y143.532 E12.71543
;WIDTH:0.510952
G1 X171.027 Y76.468 E16.45081
G1 X170.87 Y76.127 E16.47172
;WIDTH:0.480476
G1 X170.714 Y75.786 E16.49118
G1 X170.373 Y75.63 E16.51064
;WIDTH:0.510953
G1 X170.032 Y75.473 E16.53155
G1 X141.027 Y75.473 E18.1471
G1 X141.027 Y75.027 E18.17194
G1 X170.032 Y75.027 E19.78749
G1 X170.537 Y75.011 E19.81563
;WIDTH:0.480476
G1 X171.041 Y74.996 E19.8418
;WIDTH:0.45
G1 X171.504 Y74.996 E19.86407
G1 X171.504 Y75.459 E19.88634
;WIDTH:0.480476
G1 X171.489 Y75.963 E19.91251
;WIDTH:0.510952
G1 X171.473 Y76.468 E19.94065
G1 X171.473 Y143.532 E23.67603
;WIDTH:0.520179
G1 X171.486 Y144.374 E23.7239
;WIDTH:0.485089
G1 X171.504 Y145.004 E23.75697
;WIDTH:0.45
G1 X171.041 Y145.004 E23.77924
;WIDTH:0.480476
G1 X170.537 Y144.989 E23.80541
;WIDTH:0.510953
G1 X170.032 Y144.973 E23.83355
G1 X49.968 Y144.973 E30.52099
G1 X49.463 Y144.989 E30.54913
;WIDTH:0.480476
G1 X48.959 Y145.004 E30.5753
;WIDTH:0.45
G1 X48.496 Y145.004 E30.59757
G1 X48.496 Y144.541 E30.61984
;WIDTH:0.480476
G1 X48.511 Y144.037 E30.64601
;WIDTH:0.510953
G1 X48.527 Y143.532 E30.67415
G1 X48.527 Y76.468 E34.40954
G1 X48.511 Y75.963 E34.43768
;WIDTH:0.480476
G1 X48.496 Y75.459 E34.46385
;WIDTH:0.45
G1 X48.496 Y74.996 E34.48612
G1 X48.959 Y74.996 E34.50839
;WIDTH:0.480476
G1 X49.463 Y75.011 E34.53456
;WIDTH:0.510953
G1 X49.968 Y75.027 E34.5627
G1 X78.973 Y75.027 E36.17825
G1 X78.973 Y75.473 E36.20309
G1 X49.968 Y75.473 E37.81864
;WIDTH:0.52018
G1 X49.795 Y75.484 E37.82849
G1 X49.541 Y75.635 E37.84529
;WIDTH:0.48509
G1 X49.286 Y75.786 E37.86084
;WIDTH:0.480476
G1 X49.13 Y76.127 E37.8803
;WIDTH:0.510953
G1 X49.11 Y76.169 E37.88289
G1 X49.11 Y76.169 F7800
G1 X49.436 Y76.356
;WIDTH:0.45
G1 F3600
G1 X49.389 Y76.468 E37.88873
G1 X49.389 Y143.532 E41.11428
G1 X49.398 Y143.632 E41.11911
G1 X49.559 Y143.941 E41.13587
G1 X49.968 Y144.111 E41.15717
G1 X170.032 Y144.111 E46.93183
G1 X170.132 Y144.102 E46.93666
G1 X170.441 Y143.941 E46.95342
G1 X170.602 Y143.632 E46.97018
G1 X170.611 Y143.532 E46.97501
G1 X170.611 Y76.468 E50.20056
G1 X170.441 Y76.059 E50.22186
G1 X170.032 Y75.889 E50.24316
G1 X140.611 Y75.889 E51.65821
G1 X140.611 Y74.611 E51.71968
G1 X171.889 Y74.611 E53.22404
G1 X171.889 Y75.459 E53.26483
G1 X171.889 Y145.389 E56.62822
G1 X48.111 Y145.389 E62.58151
G1 X48.111 Y74.611 E65.98569
G1 X79.389 Y74.611 E67.49005
G1 X79.389 Y75.889 E67.55152
G1 X49.968 Y75.889 E68.96657
G1 X49.868 Y75.898 E68.9714
G1 X49.559 Y76.059 E68.98816
G1 X49.458 Y76.301 E69.00077
G1 X49.458 Y76.301 F7800
G1 X49.775 Y76.468
;TYPE:External perimeter
G1 F1800
G1 X49.775 Y143.532 E72.22632
G1 X49.831 Y143.669 E72.23344
G1 X49.968 Y143.725 E72.24056
G1 X170.032 Y143.725 E78.01522
G1 X170.169 Y143.669 E78.02234
G1 X170.225 Y143.532 E78.02946
G1 X170.225 Y76.468 E81.25501
G1 X170.169 Y76.331 E81.26213
G1 X170.032 Y76.275 E81.26925
G1 X140.225 Y76.275 E82.70286
G1 X140.225 Y74.225 E82.80146
G1 X172.275 Y74.225 E84.34295
G1 X172.275 Y75.459 E84.4023
G1 X172.275 Y145.775 E87.78426
G1 X47.725 Y145.775 E93.77468
G1 X47.725 Y74.225 E97.21599
G1 X79.775 Y74.225 E98.75748
G1 X79.775 Y76.275 E98.85608
G1 X49.968 Y76.275 E100.28969
G1 X49.831 Y76.331 E100.29681
G1 X49.798 Y76.412 E100.30102
G1 X49.778 Y76.812 F7800
G1 X48.773 Y75.284
;TYPE:Solid infill
;WIDTH:0.42593
G1 F1200
G1 X48.808 Y76.024 E100.33443
G1 X48.857 Y76.058 E100.33712
G1 X49.09 Y75.595 E100.36049
G1 X49.44 Y75.34 E100.38002
G1 X48.966 Y75.295 E100.40149
G1 E98.40149 F2400
G92 E0
G1 X48.966 Y75.295 F7800
G1 X48.784 Y144.727
G1 E2 F2400
G1 F1200
G1 X49.524 Y144.692 E2.03341
G1 X49.558 Y144.643 E2.0361
G1 X49.095 Y144.41 E2.05947
G1 X48.87 Y144.071 E2.07782
G1 X48.82 Y144.064 E2.0801
G1 X48.794 Y144.534 E2.10133
G1 E.10133 F2400
G92 E0
G1 X48.794 Y144.534 F7800
G1 X170.559 Y144.66
G1 E2 F2400
;WIDTH:0.42502
G1 F1200
G1 X171.227 Y144.717 E2.03016
G1 X171.187 Y144.088 E2.05851
G1 X171.163 Y144.06 E2.06017
G1 X170.878 Y144.432 E2.08125
G1 X170.716 Y144.548 E2.09021
G1 E.09021 F2400
G92 E0
G1 X170.444 Y75.356 F7800
G1 E2 F2400
;WIDTH:0.428278
G1 F1200
G1 X170.903 Y75.59 E2.02338
G1 X171.135 Y76.037 E2.04624
G1 X171.187 Y76.048 E2.04865
G1 X171.218 Y75.275 E2.08376
G1 X170.611 Y75.301 E2.11134
;LAYER_CHANGE
;Z:6.05
;HEIGHT:0.3
 ; After First Layer

G1 Z6.05 F7800
G1 E.11134 F2400
G1 Z6.05 F7800
G1 X49.085 Y76.224
G1 E2.11134 F2400
;TYPE:Perimeter
;WIDTH:0.510953
G1 F3600
G1 X48.973 Y76.468 E2.12629
G1 X48.973 Y143.532 E5.86168
;WIDTH:0.52018
G1 X48.984 Y143.705 E5.87153
G1 X49.135 Y143.959 E5.88833
;WIDTH:0.48509
G1 X49.286 Y144.214 E5.90388
;WIDTH:0.480476
G1 X49.627 Y144.37 E5.92334
;WIDTH:0.510953
G1 X49.968 Y144.527 E5.94425
G1 X170.032 Y144.527 E12.63169
;WIDTH:0.52018
G1 X170.205 Y144.516 E12.64154
G1 X170.459 Y144.365 E12.65834
;WIDTH:0.48509
G1 X170.714 Y144.214 E12.67389
G1 X170.865 Y143.959 E12.68944
;WIDTH:0.520179
G1 X171.016 Y143.705 E12.70624
G1 X171.027 Y143.532 E12.71609
;WIDTH:0.510952
G1 X171.027 Y76.468 E16.45147
G1 X170.87 Y76.127 E16.47238
;WIDTH:0.480476
G1 X170.714 Y75.786 E16.49184
G1 X170.373 Y75.63 E16.5113
;WIDTH:0.510953
G1 X170.032 Y75.473 E16.53221
G1 X141.027 Y75.473 E18.14776
G1 X141.027 Y75.027 E18.1726
G1 X170.032 Y75.027 E19.78815
G1 X170.537 Y75.011 E19.81629
;WIDTH:0.480476
G1 X171.041 Y74.996 E19.84246
;WIDTH:0.45
G1 X171.504 Y74.996 E19.86473
G1 X171.504 Y75.459 E19.887
;WIDTH:0.480476
G1 X171.489 Y75.963 E19.91317
;WIDTH:0.510952
G1 X171.473 Y76.468 E19.94131
G1 X171.473 Y143.532 E23.67669
;WIDTH:0.520179
G1 X171.486 Y144.374 E23.72456
;WIDTH:0.485089
G1 X171.504 Y145.004 E23.75763
;WIDTH:0.45
G1 X171.041 Y145.004 E23.7799
;WIDTH:0.480476
G1 X170.537 Y144.989 E23.80607
;WIDTH:0.510953
G1 X170.032 Y144.973 E23.83421
G1 X49.968 Y144.973 E30.52165
G1 X49.463 Y144.989 E30.54979
;WIDTH:0.480476
G1 X48.959 Y145.004 E30.57596
;WIDTH:0.45
G1 X48.496 Y145.004 E30.59823
G1 X48.496 Y144.541 E30.6205
;WIDTH:0.480476
G1 X48.511 Y144.037 E30.64667
;WIDTH:0.510953
G1 X48.527 Y143.532 E30.67481
G1 X48.527 Y76.468 E34.4102
G1 X48.511 Y75.963 E34.43834
;WIDTH:0.480476
G1 X48.496 Y75.459 E34.46451
;WIDTH:0.45
G1 X48.496 Y74.996 E34.48678
G1 X48.959 Y74.996 E34.50905
;WIDTH:0.480476
G1 X49.463 Y75.011 E34.53522
;WIDTH:0.510953
G1 X49.968 Y75.027 E34.56336
G1 X78.973 Y75.027 E36.17891
G1 X78.973 Y75.473 E36.20375
G1 X49.968 Y75.473 E37.8193
;WIDTH:0.52018
G1 X49.795 Y75.484 E37.82915
G1 X49.541 Y75.635 E37.84595
;WIDTH:0.48509
G1 X49.286 Y75.786 E37.8615
;WIDTH:0.480476
G1 X49.13 Y76.127 E37.88096
;WIDTH:0.510953
G1 X49.11 Y76.169 E37.88355
G1 X49.11 Y76.169 F7800
G1 X49.436 Y76.356
;WIDTH:0.45
G1 F3600
G1 X49.389 Y76.468 E37.88939
G1 X49.389 Y143.532 E41.11494
G1 X49.398 Y143.632 E41.11977
G1 X49.559 Y143.941 E41.13653
G1 X49.968 Y144.111 E41.15783
G1 X170.032 Y144.111 E46.93249
G1 X170.132 Y144.102 E46.93732
G1 X170.441 Y143.941 E46.95408
G1 X170.602 Y143.632 E46.97084
G1 X170.611 Y143.532 E46.97567
G1 X170.611 Y76.468 E50.20122
G1 X170.441 Y76.059 E50.22252
G1 X170.032 Y75.889 E50.24382
G1 X140.611 Y75.889 E51.65887
G1 X140.611 Y74.611 E51.72034
G1 X171.889 Y74.611 E53.2247
G1 X171.889 Y75.459 E53.26549
G1 X171.889 Y145.389 E56.62888
G1 X48.111 Y145.389 E62.58217
G1 X48.111 Y74.611 E65.98635
G1 X79.389 Y74.611 E67.49071
G1 X79.389 Y75.889 E67.55218
G1 X49.968 Y75.889 E68.96723
G1 X49.868 Y75.898 E68.97206
G1 X49.559 Y76.059 E68.98882
G1 X49.458 Y76.301 E69.00143
G1 X49.458 Y76.301 F7800
G1 X49.775 Y76.468
;TYPE:External perimeter
G1 F1800
G1 X49.775 Y143.532 E72.22698
G1 X49.831 Y143.669 E72.2341
G1 X49.968 Y143.725 E72.24122
G1 X170.032 Y143.725 E78.01588
G1 X170.169 Y143.669 E78.023
G1 X170.225 Y143.532 E78.03012
G1 X170.225 Y76.468 E81.25567
G1 X170.169 Y76.331 E81.26279
G1 X170.032 Y76.275 E81.26991
G1 X140.225 Y76.275 E82.70352
G1 X140.225 Y74.225 E82.80212
G1 X172.275 Y74.225 E84.34361
G1 X172.275 Y75.459 E84.40296
G1 X172.275 Y145.775 E87.78492
G1 X47.725 Y145.775 E93.77534
G1 X47.725 Y74.225 E97.21665
G1 X79.775 Y74.225 E98.75814
G1 X79.775 Y76.275 E98.85674
G1 X49.968 Y76.275 E100.29035
G1 X49.831 Y76.331 E100.29747
G1 X49.798 Y76.412 E100.30168
G1 X49.778 Y76.812 F7800
G1 X48.773 Y75.284
;TYPE:Solid infill
;WIDTH:0.42593
G1 F1200
G1 X48.808 Y76.024 E100.33509
G1 X48.857 Y76.058 E100.33778
G1 X49.09 Y75.595 E100.36115
G1 X49.429 Y75.37 E100.3795
G1 X49.436 Y75.32 E100.38178
G1 X48.966 Y75.294 E100.40301
G1 E98.40301 F2400
G92 E0
G1 X48.966 Y75.294 F7800
G1 X48.84 Y144.06
G1 E2 F2400
G1 F1200
G1 X48.784 Y144.727 E2.03018
G1 X49.524 Y144.692 E2.06359
G1 X49.553 Y144.667 E2.06532
G1 X49.095 Y144.41 E2.089
G1 X48.954 Y144.215 E2.09985
G1 E.09985 F2400
G92 E0
G1 X48.954 Y144.215 F7800
G1 X171.163 Y144.06
G1 E2 F2400
;WIDTH:0.425021
G1 F1200
G1 X170.878 Y144.432 E2.02108
G1 X170.559 Y144.66 E2.03872
G1 X171.227 Y144.717 E2.06888
G1 X171.227 Y144.552 E2.0763
G1 X171.188 Y144.251 E2.08995
G1 E.08995 F2400
G92 E0
G1 X171.188 Y144.251 F7800
G1 X171.218 Y75.275
G1 E2 F2400
;WIDTH:0.428278
G1 F1200
G1 X170.476 Y75.309 E2.03371
G1 X170.444 Y75.356 E2.03629
G1 X170.903 Y75.59 E2.05967
G1 X171.135 Y76.037 E2.08253
G1 X171.165 Y76.052 E2.08405
G1 X171.21 Y75.467 E2.11068
;LAYER_CHANGE
;Z:6.35
;HEIGHT:0.3
 ; After First Layer

G1 Z6.35 F7800
G1 E.11068 F2400
G1 Z6.35 F7800
G1 X49.085 Y76.224
G1 E2.11068 F2400
;TYPE:Perimeter
;WIDTH:0.510953
G1 F3600
G1 X48.973 Y76.468 E2.12563
G1 X48.973 Y143.532 E5.86102
;WIDTH:0.52018
G1 X48.984 Y143.705 E5.87087
G1 X49.135 Y143.959 E5.88767
;WIDTH:0.48509
G1 X49.286 Y144.214 E5.90322
;WIDTH:0.480476
G1 X49.627 Y144.37 E5.92268
;WIDTH:0.510953
G1 X49.968 Y144.527 E5.94359
G1 X170.032 Y144.527 E12.63103
;WIDTH:0.52018
G1 X170.205 Y144.516 E12.64088
G1 X170.459 Y144.365 E12.65768
;WIDTH:0.48509
G1 X170.714 Y144.214 E12.67323
G1 X170.865 Y143.959 E12.68878
;WIDTH:0.520179
G1 X171.016 Y143.705 E12.70558
G1 X171.027 Y143.532 E12.71543
;WIDTH:0.510952
G1 X171.027 Y76.468 E16.45081
G1 X170.87 Y76.127 E16.47172
;WIDTH:0.480476
G1 X170.714 Y75.786 E16.49118
G1 X170.373 Y75.63 E16.51064
;WIDTH:0.510953
G1 X170.032 Y75.473 E16.53155
G1 X141.027 Y75.473 E18.1471
G1 X141.027 Y75.027 E18.17194
G1 X170.032 Y75.027 E19.78749
G1 X170.537 Y75.011 E19.81563
;WIDTH:0.480476
G1 X171.041 Y74.996 E19.8418
;WIDTH:0.45
G1 X171.504 Y74.996 E19.86407
G1 X171.504 Y75.459 E19.88634
;WIDTH:0.480476
G1 X171.489 Y75.963 E19.91251
;WIDTH:0.510952
G1 X171.473 Y76.468 E19.94065
G1 X171.473 Y143.532 E23.67603
;WIDTH:0.520179
G1 X171.486 Y144.374 E23.7239
;WIDTH:0.485089
G1 X171.504 Y145.004 E23.75697
;WIDTH:0.45
G1 X171.041 Y145.004 E23.77924
;WIDTH:0.480476
G1 X170.537 Y144.989 E23.80541
;WIDTH:0.510953
G1 X170.032 Y144.973 E23.83355
G1 X49.968 Y144.973 E30.52099
G1 X49.463 Y144.989 E30.54913
;WIDTH:0.480476
G1 X48.959 Y145.004 E30.5753
;WIDTH:0.45
G1 X48.496 Y145.004 E30.59757
G1 X48.496 Y144.541 E30.61984
;WIDTH:0.480476
G1 X48.511 Y144.037 E30.64601
;WIDTH:0.510953
G1 X48.527 Y143.532 E30.67415
G1 X48.527 Y76.468 E34.40954
G1 X48.511 Y75.963 E34.43768
;WIDTH:0.480476
G1 X48.496 Y75.459 E34.46385
;WIDTH:0.45
G1 X48.496 Y74.996 E34.48612
G1 X48.959 Y74.996 E34.50839
;WIDTH:0.480476
G1 X49.463 Y75.011 E34.53456
;WIDTH:0.510953
G1 X49.968 Y75.027 E34.5627
G1 X78.973 Y75.027 E36.17825
G1 X78.973 Y75.473 E36.20309
G1 X49.968 Y75.473 E37.81864
;WIDTH:0.52018
G1 X49.795 Y75.484 E37.82849
G1 X49.541 Y75.635 E37.84529
;WIDTH:0.48509
G1 X49.286 Y75.786 E37.86084
;WIDTH:0.480476
G1 X49.13 Y76.127 E37.8803
;WIDTH:0.510953
G1 X49.11 Y76.169 E37.88289
G1 X49.11 Y76.169 F7800
G1 X49.436 Y76.356
;WIDTH:0.45
G1 F3600
G1 X49.389 Y76.468 E37.88873
G1 X49.389 Y143.532 E41.11428
G1 X49.398 Y143.632 E41.11911
G1 X49.559 Y143.941 E41.13587
G1 X49.968 Y144.111 E41.15717
G1 X170.032 Y144.111 E46.93183
G1 X170.132 Y144.102 E46.93666
G1 X170.441 Y143.941 E46.95342
G1 X170.602 Y143.632 E46.97018
G1 X170.611 Y143.532 E46.97501
G1 X170.611 Y76.468 E50.20056
G1 X170.441 Y76.059 E50.22186
G1 X170.032 Y75.889 E50.24316
G1 X140.611 Y75.889 E51.65821
G1 X140.611 Y74.611 E51.71968
G1 X171.889 Y74.611 E53.22404
G1 X171.889 Y75.459 E53.26483
G1 X171.889 Y145.389 E56.62822
G1 X48.111 Y145.389 E62.58151
G1 X48.111 Y74.611 E65.98569
G1 X79.389 Y74.611 E67.49005
G1 X79.389 Y75.889 E67.55152
G1 X49.968 Y75.889 E68.96657
G1 X49.868 Y75.898 E68.9714
G1 X49.559 Y76.059 E68.98816
G1 X49.458 Y76.301 E69.00077
G1 X49.458 Y76.301 F7800
G1 X49.775 Y76.468
;TYPE:External perimeter
G1 F1800
G1 X49.775 Y143.532 E72.22632
G1 X49.831 Y143.669 E72.23344
G1 X49.968 Y143.725 E72.24056
G1 X170.032 Y143.725 E78.01522
G1 X170.169 Y143.669 E78.02234
G1 X170.225 Y143.532 E78.02946
G1 X170.225 Y76.468 E81.25501
G1 X170.169 Y76.331 E81.26213
G1 X170.032 Y76.275 E81.26925
G1 X140.225 Y76.275 E82.70286
G1 X140.225 Y74.225 E82.80146
G1 X172.275 Y74.225 E84.34295
G1 X172.275 Y75.459 E84.4023
G1 X172.275 Y145.775 E87.78426
G1 X47.725 Y145.775 E93.77468
G1 X47.725 Y74.225 E97.21599
G1 X79.775 Y74.225 E98.75748
G1 X79.775 Y76.275 E98.85608
G1 X49.968 Y76.275 E100.28969
G1 X49.831 Y76.331 E100.29681
G1 X49.798 Y76.412 E100.30102
G1 X49.778 Y76.812 F7800
G1 X48.773 Y75.284
;TYPE:Solid infill
;WIDTH:0.42593
G1 F1200
G1 X48.808 Y76.024 E100.33443
G1 X48.857 Y76.058 E100.33712
G1 X49.09 Y75.595 E100.36049
G1 X49.44 Y75.34 E100.38002
G1 X48.966 Y75.295 E100.40149
G1 E98.40149 F2400
G92 E0
G1 X48.966 Y75.295 F7800
G1 X48.784 Y144.727
G1 E2 F2400
G1 F1200
G1 X49.524 Y144.692 E2.03341
G1 X49.558 Y144.643 E2.0361
G1 X49.095 Y144.41 E2.05947
G1 X48.87 Y144.071 E2.07782
G1 X48.82 Y144.064 E2.0801
G1 X48.794 Y144.534 E2.10133
G1 E.10133 F2400
G92 E0
G1 X48.794 Y144.534 F7800
G1 X170.559 Y144.66
G1 E2 F2400
;WIDTH:0.42502
G1 F1200
G1 X171.227 Y144.717 E2.03016
G1 X171.187 Y144.088 E2.05851
G1 X171.163 Y144.06 E2.06017
G1 X170.878 Y144.432 E2.08125
G1 X170.716 Y144.548 E2.09021
G1 E.09021 F2400
G92 E0
G1 X170.444 Y75.356 F7800
G1 E2 F2400
;WIDTH:0.428278
G1 F1200
G1 X170.903 Y75.59 E2.02338
G1 X171.135 Y76.037 E2.04624
G1 X171.187 Y76.048 E2.04865
G1 X171.218 Y75.275 E2.08376
G1 X170.611 Y75.301 E2.11134
;LAYER_CHANGE
;Z:6.65
;HEIGHT:0.3
 ; After First Layer

G1 Z6.65 F7800
G1 E.11134 F2400
G1 Z6.65 F7800
G1 X49.085 Y76.224
G1 E2.11134 F2400
;TYPE:Perimeter
;WIDTH:0.510953
G1 F3600
G1 X48.973 Y76.468 E2.12629
G1 X48.973 Y143.532 E5.86168
;WIDTH:0.52018
G1 X48.984 Y143.705 E5.87153
G1 X49.135 Y143.959 E5.88833
;WIDTH:0.48509
G1 X49.286 Y144.214 E5.90388
;WIDTH:0.480476
G1 X49.627 Y144.37 E5.92334
;WIDTH:0.510953
G1 X49.968 Y144.527 E5.94425
G1 X170.032 Y144.527 E12.63169
;WIDTH:0.52018
G1 X170.205 Y144.516 E12.64154
G1 X170.459 Y144.365 E12.65834
;WIDTH:0.48509
G1 X170.714 Y144.214 E12.67389
G1 X170.865 Y143.959 E12.68944
;WIDTH:0.520179
G1 X171.016 Y143.705 E12.70624
G1 X171.027 Y143.532 E12.71609
;WIDTH:0.510952
G1 X171.027 Y76.468 E16.45147
G1 X170.87 Y76.127 E16.47238
;WIDTH:0.480476
G1 X170.714 Y75.786 E16.49184
G1 X170.373 Y75.63 E16.5113
;WIDTH:0.510953
G1 X170.032 Y75.473 E16.53221
G1 X141.027 Y75.473 E18.14776
G1 X141.027 Y75.027 E18.1726
G1 X170.032 Y75.027 E19.78815
G1 X170.537 Y75.011 E19.81629
;WIDTH:0.480476
G1 X171.041 Y74.996 E19.84246
;WIDTH:0.45
G1 X171.504 Y74.996 E19.86473
G1 X171.504 Y75.459 E19.887
;WIDTH:0.480476
G1 X171.489 Y75.963 E19.91317
;WIDTH:0.510952
G1 X171.473 Y76.468 E19.94131
G1 X171.473 Y143.532 E23.67669
;WIDTH:0.520179
G1 X171.486 Y144.374 E23.72456
;WIDTH:0.485089
G1 X171.504 Y145.004 E23.75763
;WIDTH:0.45
G1 X171.041 Y145.004 E23.7799
;WIDTH:0.480476
G1 X170.537 Y144.989 E23.80607
;WIDTH:0.510953
G1 X170.032 Y144.973 E23.83421
G1 X49.968 Y144.973 E30.52165
G1 X49.463 Y144.989 E30.54979
;WIDTH:0.480476
G1 X48.959 Y145.004 E30.57596
;WIDTH:0.45
G1 X48.496 Y145.004 E30.59823
G1 X48.496 Y144.541 E30.6205
;WIDTH:0.480476
G1 X48.511 Y144.037 E30.64667
;WIDTH:0.510953
G1 X48.527 Y143.532 E30.67481
G1 X48.527 Y76.468 E34.4102
G1 X48.511 Y75.963 E34.43834
;WIDTH:0.480476
G1 X48.496 Y75.459 E34.46451
;WIDTH:0.45
G1 X48.496 Y74.996 E34.48678
G1 X48.959 Y74.996 E34.50905
;WIDTH:0.480476
G1 X49.463 Y75.011 E34.53522
;WIDTH:0.510953
G1 X49.968 Y75.027 E34.56336
G1 X78.973 Y75.027 E36.17891
G1 X78.973 Y75.473 E36.20375
G1 X49.968 Y75.473 E37.8193
;WIDTH:0.52018
G1 X49.795 Y75.484 E37.82915
G1 X49.541 Y75.635 E37.84595
;WIDTH:0.48509
G1 X49.286 Y75.786 E37.8615
;WIDTH:0.480476
G1 X49.13 Y76.127 E37.88096
;WIDTH:0.510953
G1 X49.11 Y76.169 E37.88355
G1 X49.11 Y76.169 F7800
G1 X49.436 Y76.356
;WIDTH:0.45
G1 F3600
G1 X49.389 Y76.468 E37.88939
G1 X49.389 Y143.532 E41.11494
G1 X49.398 Y143.632 E41.11977
G1 X49.559 Y143.941 E41.13653
G1 X49.968 Y144.111 E41.15783
G1 X170.032 Y144.111 E46.93249
G1 X170.132 Y144.102 E46.93732
G1 X170.441 Y143.941 E46.95408
G1 X170.602 Y143.632 E46.97084
G1 X170.611 Y143.532 E46.97567
G1 X170.611 Y76.468 E50.20122
G1 X170.441 Y76.059 E50.22252
G1 X170.032 Y75.889 E50.24382
G1 X140.611 Y75.889 E51.65887
G1 X140.611 Y74.611 E51.72034
G1 X171.889 Y74.611 E53.2247
G1 X171.889 Y75.459 E53.26549
G1 X171.889 Y145.389 E56.62888
G1 X48.111 Y145.389 E62.58217
G1 X48.111 Y74.611 E65.98635
G1 X79.389 Y74.611 E67.49071
G1 X79.389 Y75.889 E67.55218
G1 X49.968 Y75.889 E68.96723
G1 X49.868 Y75.898 E68.97206
G1 X49.559 Y76.059 E68.98882
G1 X49.458 Y76.301 E69.00143
G1 X49.458 Y76.301 F7800
G1 X49.775 Y76.468
;TYPE:External perimeter
G1 F1800
G1 X49.775 Y143.532 E72.22698
G1 X49.831 Y143.669 E72.2341
G1 X49.968 Y143.725 E72.24122
G1 X170.032 Y143.725 E78.01588
G1 X170.169 Y143.669 E78.023
G1 X170.225 Y143.532 E78.03012
G1 X170.225 Y76.468 E81.25567
G1 X170.169 Y76.331 E81.26279
G1 X170.032 Y76.275 E81.26991
G1 X140.225 Y76.275 E82.70352
G1 X140.225 Y74.225 E82.80212
G1 X172.275 Y74.225 E84.34361
G1 X172.275 Y75.459 E84.40296
G1 X172.275 Y145.775 E87.78492
G1 X47.725 Y145.775 E93.77534
G1 X47.725 Y74.225 E97.21665
G1 X79.775 Y74.225 E98.75814
G1 X79.775 Y76.275 E98.85674
G1 X49.968 Y76.275 E100.29035
G1 X49.831 Y76.331 E100.29747
G1 X49.798 Y76.412 E100.30168
G1 X49.778 Y76.812 F7800
G1 X48.773 Y75.284
;TYPE:Solid infill
;WIDTH:0.42593
G1 F1200
G1 X48.808 Y76.024 E100.33509
G1 X48.857 Y76.058 E100.33778
G1 X49.09 Y75.595 E100.36115
G1 X49.429 Y75.37 E100.3795
G1 X49.436 Y75.32 E100.38178
G1 X48.966 Y75.294 E100.40301
G1 E98.40301 F2400
G92 E0
G1 X48.966 Y75.294 F7800
G1 X48.84 Y144.06
G1 E2 F2400
G1 F1200
G1 X48.784 Y144.727 E2.03018
G1 X49.524 Y144.692 E2.06359
G1 X49.553 Y144.667 E2.06532
G1 X49.095 Y144.41 E2.089
G1 X48.954 Y144.215 E2.09985
G1 E.09985 F2400
G92 E0
G1 X48.954 Y144.215 F7800
G1 X171.163 Y144.06
G1 E2 F2400
;WIDTH:0.425021
G1 F1200
G1 X170.878 Y144.432 E2.02108
G1 X170.559 Y144.66 E2.03872
G1 X171.227 Y144.717 E2.06888
G1 X171.227 Y144.552 E2.0763
G1 X171.188 Y144.251 E2.08995
G1 E.08995 F2400
G92 E0
G1 X171.188 Y144.251 F7800
G1 X171.218 Y75.275
G1 E2 F2400
;WIDTH:0.428278
G1 F1200
G1 X170.476 Y75.309 E2.03371
G1 X170.444 Y75.356 E2.03629
G1 X170.903 Y75.59 E2.05967
G1 X171.135 Y76.037 E2.08253
G1 X171.165 Y76.052 E2.08405
G1 X171.21 Y75.467 E2.11068
;LAYER_CHANGE
;Z:6.95
;HEIGHT:0.3
 ; After First Layer

G1 Z6.95 F7800
G1 E.11068 F2400
G1 Z6.95 F7800
G1 X49.085 Y76.224
G1 E2.11068 F2400
;TYPE:Perimeter
;WIDTH:0.510953
G1 F3600
G1 X48.973 Y76.468 E2.12563
G1 X48.973 Y143.532 E5.86102
;WIDTH:0.52018
G1 X48.984 Y143.705 E5.87087
G1 X49.135 Y143.959 E5.88767
;WIDTH:0.48509
G1 X49.286 Y144.214 E5.90322
;WIDTH:0.480476
G1 X49.627 Y144.37 E5.92268
;WIDTH:0.510953
G1 X49.968 Y144.527 E5.94359
G1 X170.032 Y144.527 E12.63103
;WIDTH:0.52018
G1 X170.205 Y144.516 E12.64088
G1 X170.459 Y144.365 E12.65768
;WIDTH:0.48509
G1 X170.714 Y144.214 E12.67323
G1 X170.865 Y143.959 E12.68878
;WIDTH:0.520179
G1 X171.016 Y143.705 E12.70558
G1 X171.027 Y143.532 E12.71543
;WIDTH:0.510952
G1 X171.027 Y76.468 E16.45081
G1 X170.87 Y76.127 E16.47172
;WIDTH:0.480476
G1 X170.714 Y75.786 E16.49118
G1 X170.373 Y75.63 E16.51064
;WIDTH:0.510953
G1 X170.032 Y75.473 E16.53155
G1 X141.027 Y75.473 E18.1471
G1 X141.027 Y75.027 E18.17194
G1 X170.032 Y75.027 E19.78749
G1 X170.537 Y75.011 E19.81563
;WIDTH:0.480476
G1 X171.041 Y74.996 E19.8418
;WIDTH:0.45
G1 X171.504 Y74.996 E19.86407
G1 X171.504 Y75.459 E19.88634
;WIDTH:0.480476
G1 X171.489 Y75.963 E19.91251
;WIDTH:0.510952
G1 X171.473 Y76.468 E19.94065
G1 X171.473 Y143.532 E23.67603
;WIDTH:0.520179
G1 X171.486 Y144.374 E23.7239
;WIDTH:0.485089
G1 X171.504 Y145.004 E23.75697
;WIDTH:0.45
G1 X171.041 Y145.004 E23.77924
;WIDTH:0.480476
G1 X170.537 Y144.989 E23.80541
;WIDTH:0.510953
G1 X170.032 Y144.973 E23.83355
G1 X49.968 Y144.973 E30.52099
G1 X49.463 Y144.989 E30.54913
;WIDTH:0.480476
G1 X48.959 Y145.004 E30.5753
;WIDTH:0.45
G1 X48.496 Y145.004 E30.59757
G1 X48.496 Y144.541 E30.61984
;WIDTH:0.480476
G1 X48.511 Y144.037 E30.64601
;WIDTH:0.510953
G1 X48.527 Y143.532 E30.67415
G1 X48.527 Y76.468 E34.40954
G1 X48.511 Y75.963 E34.43768
;WIDTH:0.480476
G1 X48.496 Y75.459 E34.46385
;WIDTH:0.45
G1 X48.496 Y74.996 E34.48612
G1 X48.959 Y74.996 E34.50839
;WIDTH:0.480476
G1 X49.463 Y75.011 E34.53456
;WIDTH:0.510953
G1 X49.968 Y75.027 E34.5627
G1 X78.973 Y75.027 E36.17825
G1 X78.973 Y75.473 E36.20309
G1 X49.968 Y75.473 E37.81864
;WIDTH:0.52018
G1 X49.795 Y75.484 E37.82849
G1 X49.541 Y75.635 E37.84529
;WIDTH:0.48509
G1 X49.286 Y75.786 E37.86084
;WIDTH:0.480476
G1 X49.13 Y76.127 E37.8803
;WIDTH:0.510953
G1 X49.11 Y76.169 E37.88289
G1 X49.11 Y76.169 F7800
G1 X49.436 Y76.356
;WIDTH:0.45
G1 F3600
G1 X49.389 Y76.468 E37.88873
G1 X49.389 Y143.532 E41.11428
G1 X49.398 Y143.632 E41.11911
G1 X49.559 Y143.941 E41.13587
G1 X49.968 Y144.111 E41.15717
G1 X170.032 Y144.111 E46.93183
G1 X170.132 Y144.102 E46.93666
G1 X170.441 Y143.941 E46.95342
G1 X170.602 Y143.632 E46.97018
G1 X170.611 Y143.532 E46.97501
G1 X170.611 Y76.468 E50.20056
G1 X170.441 Y76.059 E50.22186
G1 X170.032 Y75.889 E50.24316
G1 X140.611 Y75.889 E51.65821
G1 X140.611 Y74.611 E51.71968
G1 X171.889 Y74.611 E53.22404
G1 X171.889 Y75.459 E53.26483
G1 X171.889 Y145.389 E56.62822
G1 X48.111 Y145.389 E62.58151
G1 X48.111 Y74.611 E65.98569
G1 X79.389 Y74.611 E67.49005
G1 X79.389 Y75.889 E67.55152
G1 X49.968 Y75.889 E68.96657
G1 X49.868 Y75.898 E68.9714
G1 X49.559 Y76.059 E68.98816
G1 X49.458 Y76.301 E69.00077
G1 X49.458 Y76.301 F7800
G1 X49.775 Y76.468
;TYPE:External perimeter
G1 F1800
G1 X49.775 Y143.532 E72.22632
G1 X49.831 Y143.669 E72.23344
G1 X49.968 Y143.725 E72.24056
G1 X170.032 Y143.725 E78.01522
G1 X170.169 Y143.669 E78.02234
G1 X170.225 Y143.532 E78.02946
G1 X170.225 Y76.468 E81.25501
G1 X170.169 Y76.331 E81.26213
G1 X170.032 Y76.275 E81.26925
G1 X140.225 Y76.275 E82.70286
G1 X140.225 Y74.225 E82.80146
G1 X172.275 Y74.225 E84.34295
G1 X172.275 Y75.459 E84.4023
G1 X172.275 Y145.775 E87.78426
G1 X47.725 Y145.775 E93.77468
G1 X47.725 Y74.225 E97.21599
G1 X79.775 Y74.225 E98.75748
G1 X79.775 Y76.275 E98.85608
G1 X49.968 Y76.275 E100.28969
G1 X49.831 Y76.331 E100.29681
G1 X49.798 Y76.412 E100.30102
G1 X49.778 Y76.812 F7800
G1 X48.794 Y75.109
;TYPE:Top solid infill
;WIDTH:0.416732
G1 F900
G1 X49.21 Y75.526 E100.32691
G1 X49.094 Y75.601 E100.33298
G1 X48.993 Y75.807 E100.34306
G1 X48.609 Y75.423 E100.36693
G1 E98.36693 F2400
G92 E0
G1 X48.609 Y75.423 F7800
G1 X49.321 Y144.869
G1 E2 F2400
;WIDTH:0.426131
G1 F900
G1 X48.64 Y144.188 E2.04345
G1 E.04345 F2400
G92 E0
G1 X48.64 Y144.188 F7800
G1 X171.391 Y144.813
G1 E2 F2400
;WIDTH:0.467124
G1 F900
G1 X170.932 Y144.355 E2.03257
G1 X170.902 Y144.402 E2.03537
G1 X170.603 Y144.595 E2.05325
G1 X170.885 Y144.877 E2.07328
G1 E.07328 F2400
G92 E0
G1 X170.885 Y144.877 F7800
G1 X171.369 Y75.822
G1 E2 F2400
;WIDTH:0.426132
G1 F900
G1 X170.678 Y75.131 E2.04409
G1 E.04409 F2400
G92 E0
M107
;TYPE:Custom
; Filament-specific end gcode
G91; relative positioning
 G1 Z1.0 F3000 ; move z up little to prevent scratching of print
 G90; absolute positioning
 G1 X0 Y200 F1000 ; prepare for part removal
 M104 S0; turn off extruder
 M140 S0 ; turn off bed
 G1 X0 Y300 F1000 ; prepare for part removal
 M84 ; disable motors
 M106 S0 ; turn off fan
; filament used [mm] = 8563.37
; filament used [cm3] = 20.60
; filament used [g] = 25.54
; filament cost = 0.93
; total filament used [g] = 25.54
; total filament cost = 0.93
; total filament used for wipe tower [g] = 0.00
; estimated printing time (normal mode) = 1h 52m 14s
; estimated printing time (silent mode) = 1h 52m 34s
; estimated first layer printing time (normal mode) = 8m 20s
; estimated first layer printing time (silent mode) = 8m 21s

; prusaslicer_config = begin
; arc_fitting = disabled
; autoemit_temperature_commands = 1
; avoid_crossing_curled_overhangs = 0
; avoid_crossing_perimeters = 0
; avoid_crossing_perimeters_max_detour = 0
; bed_custom_model = 
; bed_custom_texture = 
; bed_shape = 0x0,220x0,220x220,0x220
; bed_temperature = 60
; before_layer_gcode = {if layer_z == 2}M104 S190{endif} ; After First Layer\n
; between_objects_gcode = 
; binary_gcode = 0
; bottom_fill_pattern = monotonic
; bottom_solid_layers = 3
; bottom_solid_min_thickness = 0
; bridge_acceleration = 0
; bridge_angle = 0
; bridge_fan_speed = 100
; bridge_flow_ratio = 1
; bridge_speed = 60
; brim_separation = 0
; brim_type = outer_only
; brim_width = 0
; color_change_gcode = M600
; compatible_printers_condition_cummulative = ;"printer_notes!~/.*NO_TEMPLATES.*/ and printer_notes!~/.*PRINTER_VENDOR_TRILAB.*/ and printer_notes!~/.*PRINTER_MODEL_MK4IS.*/ and ! (printer_notes=~/.*PRINTER_VENDOR_PRUSA3D.*/ and num_extruders>1)"
; complete_objects = 0
; cooling = 1
; cooling_tube_length = 5
; cooling_tube_retraction = 91.5
; default_acceleration = 0
; default_filament_profile = 
; default_print_profile = 
; deretract_speed = 0
; disable_fan_first_layers = 1
; dont_support_bridges = 1
; draft_shield = disabled
; duplicate_distance = 6
; elefant_foot_compensation = 0
; enable_dynamic_fan_speeds = 0
; enable_dynamic_overhang_speeds = 0
; end_filament_gcode = "; Filament-specific end gcode"
; end_gcode = G91; relative positioning\n G1 Z1.0 F3000 ; move z up little to prevent scratching of print\n G90; absolute positioning\n G1 X0 Y200 F1000 ; prepare for part removal\n M104 S0; turn off extruder\n M140 S0 ; turn off bed\n G1 X0 Y300 F1000 ; prepare for part removal\n M84 ; disable motors\n M106 S0 ; turn off fan
; external_perimeter_acceleration = 0
; external_perimeter_extrusion_width = 0
; external_perimeter_speed = 50%
; external_perimeters_first = 0
; extra_loading_move = -2
; extra_perimeters = 1
; extra_perimeters_on_overhangs = 0
; extruder_clearance_height = 20
; extruder_clearance_radius = 20
; extruder_colour = ""
; extruder_offset = 0x0
; extrusion_axis = E
; extrusion_multiplier = 1
; extrusion_width = 0
; fan_always_on = 1
; fan_below_layer_time = 100
; filament_colour = #FF8000
; filament_cooling_final_speed = 2
; filament_cooling_initial_speed = 3
; filament_cooling_moves = 1
; filament_cost = 36.29
; filament_density = 1.24
; filament_diameter = 1.75
; filament_load_time = 0
; filament_loading_speed = 14
; filament_loading_speed_start = 19
; filament_max_volumetric_speed = 0
; filament_minimal_purge_on_wipe_tower = 0
; filament_multitool_ramming = 0
; filament_multitool_ramming_flow = 10
; filament_multitool_ramming_volume = 10
; filament_notes = "Affordable filament for everyday printing in premium quality manufactured in-house by Josef Prusa"
; filament_ramming_parameters = "130 120 2.70968 2.93548 3.32258 3.83871 4.58065 5.54839 6.51613 7.35484 7.93548 8.16129| 0.05 2.66451 0.45 3.05805 0.95 4.05807 1.45 5.97742 1.95 7.69999 2.45 8.1936 2.95 11.342 3.45 11.4065 3.95 7.6 4.45 7.6 4.95 7.6"
; filament_settings_id = "Prusament PLA @Template"
; filament_soluble = 0
; filament_spool_weight = 201
; filament_toolchange_delay = 0
; filament_type = PLA
; filament_unload_time = 0
; filament_unloading_speed = 20
; filament_unloading_speed_start = 100
; filament_vendor = Prusa Polymers
; fill_angle = 45
; fill_density = 20%
; fill_pattern = stars
; first_layer_acceleration = 0
; first_layer_acceleration_over_raft = 0
; first_layer_bed_temperature = 60
; first_layer_extrusion_width = 200%
; first_layer_height = 0.35
; first_layer_speed = 30
; first_layer_speed_over_raft = 30
; first_layer_temperature = 215
; full_fan_speed_layer = 3
; fuzzy_skin = none
; fuzzy_skin_point_dist = 0.8
; fuzzy_skin_thickness = 0.3
; gap_fill_enabled = 1
; gap_fill_speed = 20
; gcode_comments = 0
; gcode_flavor = marlin
; gcode_label_objects = disabled
; gcode_resolution = 0.0125
; gcode_substitutions = 
; high_current_on_filament_swap = 0
; host_type = octoprint
; infill_acceleration = 0
; infill_anchor = 600%
; infill_anchor_max = 50
; infill_every_layers = 1
; infill_extruder = 1
; infill_extrusion_width = 0
; infill_first = 0
; infill_overlap = 25%
; infill_speed = 80
; interface_shells = 0
; ironing = 0
; ironing_flowrate = 15%
; ironing_spacing = 0.1
; ironing_speed = 15
; ironing_type = top
; layer_gcode = 
; layer_height = 0.3
; machine_limits_usage = time_estimate_only
; machine_max_acceleration_e = 10000,5000
; machine_max_acceleration_extruding = 1500,1250
; machine_max_acceleration_retracting = 1500,1250
; machine_max_acceleration_travel = 1500,1250
; machine_max_acceleration_x = 9000,1000
; machine_max_acceleration_y = 9000,1000
; machine_max_acceleration_z = 500,200
; machine_max_feedrate_e = 120,120
; machine_max_feedrate_x = 500,200
; machine_max_feedrate_y = 500,200
; machine_max_feedrate_z = 12,12
; machine_max_jerk_e = 2.5,2.5
; machine_max_jerk_x = 10,10
; machine_max_jerk_y = 10,10
; machine_max_jerk_z = 0.2,0.4
; machine_min_extruding_rate = 0,0
; machine_min_travel_rate = 0,0
; max_fan_speed = 100
; max_layer_height = 0
; max_print_height = 250
; max_print_speed = 80
; max_volumetric_extrusion_rate_slope_negative = 0
; max_volumetric_extrusion_rate_slope_positive = 0
; max_volumetric_speed = 0
; min_bead_width = 85%
; min_fan_speed = 100
; min_feature_size = 25%
; min_layer_height = 0.07
; min_print_speed = 10
; min_skirt_length = 0
; mmu_segmented_region_interlocking_depth = 0
; mmu_segmented_region_max_width = 0
; notes = 
; nozzle_diameter = 0.4
; only_retract_when_crossing_perimeters = 0
; ooze_prevention = 0
; output_filename_format = [input_filename_base].gcode
; overhang_fan_speed_0 = 0
; overhang_fan_speed_1 = 0
; overhang_fan_speed_2 = 0
; overhang_fan_speed_3 = 0
; overhang_speed_0 = 15
; overhang_speed_1 = 15
; overhang_speed_2 = 20
; overhang_speed_3 = 25
; overhangs = 1
; parking_pos_retraction = 92
; pause_print_gcode = M601
; perimeter_acceleration = 0
; perimeter_extruder = 1
; perimeter_extrusion_width = 0
; perimeter_generator = arachne
; perimeter_speed = 60
; perimeters = 3
; physical_printer_settings_id = 
; post_process = 
; print_settings_id = - default -
; printer_model = 
; printer_notes = 
; printer_settings_id = AnyCubic Kobra-V1 - AnyCubic-Kobra-Settings-v013123
; printer_technology = FFF
; printer_variant = 
; printer_vendor = 
; raft_contact_distance = 0.1
; raft_expansion = 1.5
; raft_first_layer_density = 90%
; raft_first_layer_expansion = 3
; raft_layers = 0
; remaining_times = 0
; resolution = 0
; retract_before_travel = 2
; retract_before_wipe = 0%
; retract_layer_change = 0
; retract_length = 2
; retract_length_toolchange = 10
; retract_lift = 0
; retract_lift_above = 0
; retract_lift_below = 0
; retract_restart_extra = 0
; retract_restart_extra_toolchange = 0
; retract_speed = 40
; seam_position = aligned
; silent_mode = 1
; single_extruder_multi_material = 0
; single_extruder_multi_material_priming = 1
; skirt_distance = 6
; skirt_height = 1
; skirts = 1
; slice_closing_radius = 0.049
; slicing_mode = regular
; slowdown_below_layer_time = 10
; small_perimeter_speed = 15
; solid_infill_acceleration = 0
; solid_infill_below_area = 70
; solid_infill_every_layers = 0
; solid_infill_extruder = 1
; solid_infill_extrusion_width = 0
; solid_infill_speed = 20
; spiral_vase = 0
; staggered_inner_seams = 0
; standby_temperature_delta = -5
; start_filament_gcode = "; Filament gcode\n"
; start_gcode = G28 ; home all axes\n M117 Purge extruder\n G92 E0 ; reset extruder\n M109 S210 ; wait for the nozzle to heat up\n M190 S60 ; wait for the bed to heat up\n G1 Z1.0 F3000 ; move z up little to prevent scratching of surface\n G1 X2 Y20 Z0.3 F5000.0 ; move to start-line position\n G1 X2 Y200.0 Z0.3 F1500.0 E15 ; draw 1st line\n G1 X2 Y200.0 Z0.4 F5000.0 ; move to side a little\n G1 X2 Y20 Z0.4 F1500.0 E30 ; draw 2nd line\n G92 E0 ; reset extruder\n G1 Z1.0 F3000 ; move z up little to prevent scratching of surface\n
; support_material = 0
; support_material_angle = 0
; support_material_auto = 1
; support_material_bottom_contact_distance = 0
; support_material_bottom_interface_layers = -1
; support_material_buildplate_only = 0
; support_material_closing_radius = 2
; support_material_contact_distance = 0.2
; support_material_enforce_layers = 0
; support_material_extruder = 1
; support_material_extrusion_width = 0
; support_material_interface_contact_loops = 0
; support_material_interface_extruder = 1
; support_material_interface_layers = 3
; support_material_interface_pattern = rectilinear
; support_material_interface_spacing = 0
; support_material_interface_speed = 100%
; support_material_pattern = rectilinear
; support_material_spacing = 2.5
; support_material_speed = 60
; support_material_style = grid
; support_material_synchronize_layers = 0
; support_material_threshold = 0
; support_material_with_sheath = 1
; support_material_xy_spacing = 50%
; support_tree_angle = 40
; support_tree_angle_slow = 25
; support_tree_branch_diameter = 2
; support_tree_branch_diameter_angle = 5
; support_tree_branch_diameter_double_wall = 3
; support_tree_branch_distance = 1
; support_tree_tip_diameter = 0.8
; support_tree_top_rate = 15%
; temperature = 215
; template_custom_gcode = 
; thick_bridges = 1
; thin_walls = 1
; thumbnails = 
; thumbnails_format = PNG
; toolchange_gcode = 
; top_fill_pattern = monotonic
; top_infill_extrusion_width = 0
; top_solid_infill_acceleration = 0
; top_solid_infill_speed = 15
; top_solid_layers = 3
; top_solid_min_thickness = 0
; travel_acceleration = 0
; travel_lift_before_obstacle = 0
; travel_max_lift = 0
; travel_ramping_lift = 0
; travel_slope = 0
; travel_speed = 130
; travel_speed_z = 0
; use_firmware_retraction = 0
; use_relative_e_distances = 0
; use_volumetric_e = 0
; variable_layer_height = 1
; wall_distribution_count = 1
; wall_transition_angle = 10
; wall_transition_filter_deviation = 25%
; wall_transition_length = 100%
; wipe = 0
; wipe_into_infill = 0
; wipe_into_objects = 0
; wipe_tower = 0
; wipe_tower_bridging = 10
; wipe_tower_brim_width = 2
; wipe_tower_cone_angle = 0
; wipe_tower_extra_spacing = 100%
; wipe_tower_extruder = 0
; wipe_tower_no_sparse_layers = 0
; wipe_tower_rotation_angle = 0
; wipe_tower_width = 60
; wipe_tower_x = 180
; wipe_tower_y = 140
; wiping_volumes_extruders = 70,70
; wiping_volumes_matrix = 0
; xy_size_compensation = 0
; z_offset = 0
; prusaslicer_config = end
