; generated by PrusaSlicer 2.7.2 on 2025-10-17 at 20:20:12 UTC

; 

; external perimeters extrusion width = 0.45mm
; perimeters extrusion width = 0.45mm
; infill extrusion width = 0.45mm
; solid infill extrusion width = 0.45mm
; top infill extrusion width = 0.40mm
; first layer extrusion width = 0.70mm

;TYPE:Custom
G28 ; home all axes
 M117 Purge extruder
 G92 E0 ; reset extruder
 M109 S210 ; wait for the nozzle to heat up
 M190 S60 ; wait for the bed to heat up
 G1 Z1.0 F3000 ; move z up little to prevent scratching of surface
 G1 X2 Y20 Z0.3 F5000.0 ; move to start-line position
 G1 X2 Y200.0 Z0.3 F1500.0 E15 ; draw 1st line
 G1 X2 Y200.0 Z0.4 F5000.0 ; move to side a little
 G1 X2 Y20 Z0.4 F1500.0 E30 ; draw 2nd line
 G92 E0 ; reset extruder
 G1 Z1.0 F3000 ; move z up little to prevent scratching of surface
G21 ; set units to millimeters
G90 ; use absolute coordinates
M82 ; use absolute distances for extrusion
G92 E0
; Filament gcode
M107
;LAYER_CHANGE
;Z:0.35
;HEIGHT:0.35
G1 E-2 F2400
G1 Z.35 F7800
G1 X81.401 Y82.395
G1 E0 F2400
;TYPE:Skirt/Brim
;WIDTH:0.7
G1 F1800
G1 X83.635 Y80.292 E.27898
G1 X85.552 Y79.033 E.48752
G1 X87.646 Y78.512 E.68373
G1 X143.374 Y74.044 E5.76731
G1 X144.663 Y74.066 E5.88454
G1 X148.081 Y74.46 E6.1974
G1 X150.279 Y75.114 E6.40592
G1 X151.87 Y76.225 E6.58237
G1 X154.236 Y78.46 E6.87832
G1 X155.605 Y80.299 E7.08679
G1 X156.266 Y82.496 E7.29541
G1 X156.193 Y84.525 E7.48003
G1 X147.781 Y128.329 E11.53589
G1 X146.965 Y130.472 E11.7444
G1 X145.468 Y132.209 E11.95291
G1 X143.813 Y133.199 E12.12827
G1 X114.222 Y145.472 E15.04122
G1 X111.684 Y145.978 E15.27654
G1 X108.563 Y145.978 E15.56033
G1 X105.422 Y145.186 E15.85488
G1 X68.67 Y125.394 E19.6505
G1 X66.569 Y123.612 E19.90101
G1 X65.071 Y121.674 E20.12374
G1 X64.004 Y119.644 E20.33227
G1 X63.77 Y116.582 E20.61151
G1 X64.387 Y112.706 E20.96839
G1 X65.164 Y110.484 E21.18243
G1 X80.176 Y83.956 E23.95406
G1 X81.364 Y82.442 E24.12905
G1 E22.12905 F2400
G92 E0
G1 X81.364 Y82.442 F7800
G1 X144.468 Y87.819
G1 E2 F2400
;TYPE:Perimeter
;WIDTH:0.7
G1 F1800
G1 X140.94 Y90.24 E2.38907
G1 X140.113 Y90.847 E2.48235
G1 X139.931 Y91.074 E2.50881
G1 X139.727 Y91.532 E2.5544
G1 X139.675 Y91.931 E2.59099
G1 X139.675 Y125.48 E5.64158
G1 X114.354 Y125.48 E7.94401
G1 X114.236 Y125.484 E7.95475
G1 X113.809 Y125.578 E7.99451
G1 X113.403 Y125.803 E8.03672
G1 X113.102 Y126.107 E8.07562
G1 X111.687 Y128.024 E8.29228
G1 X111.517 Y128.471 E8.33577
G1 X111.483 Y128.794 E8.3653
G1 X111.483 Y133.148 E8.76121
G1 X111.247 Y132.995 E8.78678
G1 X110.709 Y132.754 E8.84038
G1 X110.133 Y132.624 E8.89407
G1 X109.543 Y132.611 E8.94773
G1 X108.852 Y132.756 E9.01193
G1 X108.441 Y132.93 E9.05251
G1 X108.441 Y128.794 E9.42859
G1 X108.418 Y128.415 E9.46312
G1 X108.265 Y127.962 E9.5066
G1 X107.984 Y127.579 E9.54979
G1 X106.455 Y126.051 E9.74635
G1 X106.193 Y125.84 E9.77694
G1 X105.804 Y125.66 E9.81591
G1 X105.351 Y125.593 E9.85755
G1 X89.61 Y125.593 E11.28887
G1 X89.605 Y116.937 E12.07596
G1 X89.525 Y116.55 E12.11189
G1 X89.329 Y116.164 E12.15125
G1 X89.017 Y115.832 E12.19268
G1 X88.587 Y115.591 E12.2375
G1 X88.048 Y115.495 E12.28728
G1 X78.849 Y115.495 E13.12374
G1 X78.389 Y115.564 E13.16604
G1 X78.062 Y115.707 E13.19849
G1 X77.02 Y116.315 E13.30819
G1 X77.027 Y116.132 E13.32484
G1 X76.935 Y115.528 E13.38039
G1 X76.724 Y114.949 E13.43643
G1 X76.402 Y114.424 E13.49243
G1 X76.067 Y114.054 E13.53782
G1 X83.652 Y113.098 E14.23298
G1 X83.986 Y113.019 E14.26419
G1 X84.283 Y112.875 E14.2942
G1 X86.805 Y111.304 E14.56438
G1 X87.056 Y111.11 E14.59323
G1 X87.335 Y110.754 E14.63436
G1 X87.487 Y110.387 E14.67048
G1 X87.541 Y109.978 E14.70799
G1 X87.541 Y87.91 E16.71462
G1 X88.81 Y86.716 E16.87306
G1 X139.847 Y86.716 E21.51383
G1 X140.233 Y86.668 E21.5492
G1 X140.701 Y86.462 E21.5957
G1 X141.052 Y86.149 E21.63846
G1 X141.776 Y85.272 E21.74187
G1 X141.959 Y85.855 E21.79743
G1 X142.151 Y86.227 E21.8355
G1 X142.463 Y86.679 E21.88544
G1 X142.932 Y87.139 E21.94517
G1 X143.483 Y87.497 E22.00492
G1 X144.056 Y87.729 E22.06113
G1 X144.409 Y87.807 E22.094
G1 E20.094 F2400
G92 E0
G1 X144.409 Y87.807 F7800
G1 X146.831 Y82.67
G1 E2 F2400
;WIDTH:0.643907
G1 F1800
G1 X146.908 Y82.734 E2.00829
;WIDTH:0.690518
G1 X147.254 Y83.138 E2.05592
;WIDTH:0.727425
G1 X147.351 Y83.291 E2.07312
;WIDTH:0.764332
G1 X147.448 Y83.444 E2.09129
;WIDTH:0.801239
G1 X147.545 Y83.597 E2.11043
;WIDTH:0.845104
G1 X147.615 Y83.75 E2.12928
G1 X147.617 Y83.895 E2.14553
;WIDTH:0.798615
G1 X147.619 Y84.04 E2.1608
;WIDTH:0.752126
G1 X147.622 Y84.185 E2.17509
;WIDTH:0.705637
G1 X147.624 Y84.331 E2.18849
;WIDTH:0.659148
G1 X147.626 Y84.476 E2.20081
;WIDTH:0.612659
G1 X147.585 Y84.735 E2.22132
;WIDTH:0.563844
G1 X147.543 Y84.993 E2.23991
;WIDTH:0.51503
G1 X147.392 Y85.483 E2.27273
;WIDTH:0.501111
G1 X147.15 Y85.979 E2.30694
;WIDTH:0.540452
G1 X147.007 Y86.187 E2.32403
;WIDTH:0.579793
G1 X146.865 Y86.396 E2.34259
G1 X146.445 Y86.727 E2.38186
;WIDTH:0.598795
G1 X146.223 Y86.87 E2.40198
;WIDTH:0.642635
G1 X146.002 Y87.013 E2.42372
;WIDTH:0.671317
G1 X145.751 Y87.103 E2.44685
;WIDTH:0.7
G1 X145.5 Y87.192 E2.47107
G1 X144.97 Y87.24 E2.51946
G1 X144.463 Y87.188 E2.5658
G1 X144.056 Y87.069 E2.60436
G1 X143.578 Y86.834 E2.65279
G1 X143.157 Y86.508 E2.70121
G1 X142.808 Y86.105 E2.74969
G1 X142.547 Y85.641 E2.7981
G1 X142.382 Y85.134 E2.84658
G1 X142.321 Y84.605 E2.895
G1 X142.366 Y84.074 E2.94346
G1 X142.516 Y83.563 E2.99189
G1 X142.569 Y83.509 E2.99877
;WIDTH:0.655165
G1 X142.622 Y83.455 E3.00516
;WIDTH:0.61033
G1 X142.675 Y83.401 E3.01105
;WIDTH:0.565495
G1 X142.729 Y83.347 E3.0165
;WIDTH:0.52066
G1 X142.782 Y83.293 E3.02141
;WIDTH:0.475825
G1 X142.835 Y83.24 E3.02578
;WIDTH:0.43099
G1 X142.888 Y83.186 E3.0297
;WIDTH:0.386156
G1 X143.207 Y82.799 E3.0524
;WIDTH:0.39108
G1 X143.588 Y82.473 E3.07545
;WIDTH:0.426006
G1 X143.804 Y82.338 E3.08846
;WIDTH:0.460933
G1 X144.02 Y82.203 E3.10276
;WIDTH:0.500492
G1 X144.187 Y82.125 E3.11417
;WIDTH:0.540052
G1 X144.355 Y82.048 E3.12667
G1 X144.63 Y82.028 E3.14532
;WIDTH:0.50012
G1 X144.905 Y82.008 E3.16237
;WIDTH:0.460188
G1 X145.519 Y82.067 E3.19693
;WIDTH:0.479405
G1 X145.767 Y82.132 E3.21201
;WIDTH:0.506812
G1 X146.016 Y82.196 E3.22816
;WIDTH:0.545573
G1 X146.178 Y82.264 E3.24019
;WIDTH:0.584335
G1 X146.339 Y82.332 E3.25314
;WIDTH:0.623097
G1 X146.501 Y82.399 E3.26712
;WIDTH:0.643907
G1 X146.785 Y82.632 E3.29752
G1 E1.29752 F2400
G92 E0
G1 X146.785 Y82.632 F7800
G1 X88.154 Y116.138
G1 E2 F2400
;WIDTH:0.7
G1 F1800
G1 X88.048 Y116.12 E2.00978
G1 X78.732 Y116.127 E2.85688
G1 X78.376 Y116.247 E2.89104
G1 X76.409 Y117.395 E3.09813
G1 X76.357 Y117.449 E3.10495
;WIDTH:0.661714
G1 X76.305 Y117.503 E3.11135
;WIDTH:0.623429
G1 X76.253 Y117.558 E3.11739
;WIDTH:0.585144
G1 X76.201 Y117.612 E3.12295
;WIDTH:0.546859
G1 X76.086 Y117.795 E3.13779
;WIDTH:0.506669
G1 X75.971 Y117.979 E3.15142
;WIDTH:0.46648
G1 X75.857 Y118.162 E3.1637
;WIDTH:0.467885
G1 X75.702 Y118.367 E3.17839
;WIDTH:0.509479
G1 X75.547 Y118.572 E3.19463
;WIDTH:0.550451
G1 X75.422 Y118.729 E3.20851
;WIDTH:0.591424
G1 X75.298 Y118.886 E3.22354
;WIDTH:0.632397
G1 X75.174 Y119.043 E3.23976
;WIDTH:0.67337
G1 X75.05 Y119.199 E3.25711
G1 X74.824 Y119.176 E3.27689
;WIDTH:0.635698
G1 X74.598 Y119.152 E3.29543
;WIDTH:0.598026
G1 X74.372 Y119.128 E3.31272
;WIDTH:0.560355
G1 X74.116 Y119.097 E3.33093
;WIDTH:0.525041
G1 X73.86 Y119.066 E3.34781
;WIDTH:0.489727
G1 X73.358 Y118.98 E3.37854
;WIDTH:0.503549
G1 X72.857 Y118.868 E3.41054
;WIDTH:0.539129
G1 X72.589 Y118.799 E3.42923
;WIDTH:0.57471
G1 X72.321 Y118.73 E3.44935
G1 X72.217 Y118.603 E3.46128
;WIDTH:0.56519
G1 X72.048 Y118.405 E3.47984
;WIDTH:0.539301
G1 X71.879 Y118.208 E3.49737
;WIDTH:0.513561
G1 X71.563 Y117.799 E3.53035
;WIDTH:0.549156
G1 X71.262 Y117.381 E3.56588
G1 X71.344 Y116.869 E3.60165
;WIDTH:0.585284
G1 X71.392 Y116.682 E3.61598
;WIDTH:0.621412
G1 X71.44 Y116.494 E3.6314
;WIDTH:0.657541
G1 X71.488 Y116.307 E3.64776
G1 X71.503 Y116.382 E3.65424
;WIDTH:0.636519
G1 X71.602 Y116.762 E3.68632
;WIDTH:0.592837
G1 X71.701 Y117.142 E3.7159
;WIDTH:0.549156
G1 X71.929 Y117.56 E3.74874
;WIDTH:0.513561
G1 X72.22 Y117.933 E3.77892
;WIDTH:0.539301
G1 X72.392 Y118.097 E3.79497
;WIDTH:0.56519
G1 X72.563 Y118.261 E3.81187
G1 X72.779 Y118.364 E3.82894
;WIDTH:0.534369
G1 X72.995 Y118.467 E3.84493
;WIDTH:0.503549
G1 X73.449 Y118.595 E3.87434
;WIDTH:0.494239
G1 X73.964 Y118.66 E3.906
;WIDTH:0.532066
G1 X74.164 Y118.651 E3.91931
;WIDTH:0.569894
G1 X74.364 Y118.642 E3.93372
;WIDTH:0.607722
G1 X74.563 Y118.633 E3.94916
;WIDTH:0.653956
G1 X74.86 Y118.557 E3.97498
G1 X74.99 Y118.457 E3.98879
;WIDTH:0.607842
G1 X75.119 Y118.356 E4.00149
;WIDTH:0.561728
G1 X75.248 Y118.255 E4.01309
;WIDTH:0.515614
G1 X75.378 Y118.154 E4.02364
;WIDTH:0.469501
G1 X75.604 Y117.891 E4.04354
;WIDTH:0.435208
G1 X75.83 Y117.628 E4.06171
;WIDTH:0.449563
G1 X75.894 Y117.574 E4.06627
;WIDTH:0.498211
G1 X75.958 Y117.52 E4.07143
;WIDTH:0.546859
G1 X76.023 Y117.466 E4.07723
;WIDTH:0.585144
G1 X76.073 Y117.405 E4.08308
;WIDTH:0.623429
G1 X76.124 Y117.345 E4.08936
;WIDTH:0.661714
G1 X76.174 Y117.284 E4.09609
;WIDTH:0.7
G1 X76.224 Y117.224 E4.10319
G1 X76.303 Y116.979 E4.1266
G1 X76.395 Y116.451 E4.17533
G1 X76.374 Y115.894 E4.22601
G1 X76.248 Y115.42 E4.27061
G1 X76.029 Y114.98 E4.3153
G1 X75.727 Y114.592 E4.36001
G1 X75.355 Y114.271 E4.40469
G1 X74.926 Y114.03 E4.44943
G1 X74.458 Y113.879 E4.49415
G1 X73.97 Y113.824 E4.5388
G1 X73.727 Y113.859 E4.56112
;WIDTH:0.672511
G1 X73.484 Y113.894 E4.58246
;WIDTH:0.687215
G1 X73.78 Y113.817 E4.6097
;WIDTH:0.7
G1 X74.319 Y113.645 E4.66115
G1 X83.574 Y112.479 E5.50936
G1 X83.953 Y112.344 E5.54594
G1 X86.474 Y110.774 E5.81599
G1 X86.725 Y110.545 E5.84688
G1 X86.865 Y110.284 E5.87381
G1 X86.916 Y109.978 E5.90202
G1 X86.916 Y87.64 E7.9332
G1 X88.562 Y86.091 E8.13872
G1 X139.136 Y86.091 E12.73739
G1 X140.079 Y86.062 E12.82318
G1 X140.305 Y85.972 E12.8453
G1 X140.57 Y85.751 E12.87668
G1 X142.425 Y83.505 E13.14156
G1 X142.446 Y83.445 E13.14734
;WIDTH:0.656118
G1 X142.466 Y83.386 E13.15261
;WIDTH:0.612237
G1 X142.487 Y83.327 E13.1575
;WIDTH:0.568355
G1 X142.507 Y83.268 E13.16197
;WIDTH:0.524474
G1 X142.528 Y83.209 E13.16606
;WIDTH:0.480592
G1 X142.548 Y83.149 E13.16979
;WIDTH:0.436711
G1 X142.569 Y83.09 E13.17309
;WIDTH:0.39283
G1 X142.887 Y82.693 E13.19661
;WIDTH:0.379992
G1 X143.262 Y82.342 E13.2194
;WIDTH:0.42908
G1 X143.671 Y82 E13.24686
;WIDTH:0.46607
G1 X143.85 Y81.861 E13.25975
;WIDTH:0.503061
G1 X144.029 Y81.722 E13.27386
;WIDTH:0.540052
G1 X144.207 Y81.583 E13.28914
G1 X144.502 Y81.602 E13.30914
;WIDTH:0.50884
G1 X144.776 Y81.619 E13.32647
;WIDTH:0.480917
G1 X145.049 Y81.637 E13.34263
;WIDTH:0.452995
G1 X145.591 Y81.699 E13.37263
;WIDTH:0.479405
G1 X145.865 Y81.744 E13.38897
;WIDTH:0.506812
G1 X146.139 Y81.789 E13.40641
;WIDTH:0.555289
G1 X146.392 Y81.843 E13.42449
;WIDTH:0.603766
G1 X146.645 Y81.897 E13.44439
;WIDTH:0.652243
G1 X146.898 Y81.95 E13.4661
G1 X147.223 Y82.248 E13.50313
;WIDTH:0.669107
G1 X147.616 Y82.64 E13.55111
;WIDTH:0.707371
G1 X147.792 Y82.833 E13.57514
;WIDTH:0.745636
G1 X147.968 Y83.025 E13.60055
;WIDTH:0.79537
G1 X148.205 Y83.282 E13.63719
;WIDTH:0.845104
G1 X148.441 Y83.54 E13.67637
G1 X148.338 Y83.785 E13.70615
G1 X148.318 Y83.875 E13.71648
;WIDTH:0.812431
G1 X148.298 Y83.964 E13.72627
;WIDTH:0.779758
G1 X148.259 Y84.111 E13.74186
;WIDTH:0.737983
G1 X148.22 Y84.259 E13.75662
;WIDTH:0.696208
G1 X148.181 Y84.406 E13.77037
;WIDTH:0.654433
G1 X148.142 Y84.553 E13.78319
;WIDTH:0.612659
G1 X148.053 Y84.827 E13.80572
;WIDTH:0.563844
G1 X147.965 Y85.1 E13.82612
;WIDTH:0.51503
G1 X147.74 Y85.687 E13.86636
;WIDTH:0.501111
G1 X147.516 Y86.19 E13.90049
;WIDTH:0.540452
G1 X147.377 Y86.469 E13.9216
;WIDTH:0.579793
G1 X147.239 Y86.749 E13.94452
G1 X146.882 Y87.007 E13.97687
;WIDTH:0.56846
G1 X146.411 Y87.324 E14.01763
;WIDTH:0.612306
G1 X146.241 Y87.413 E14.03263
;WIDTH:0.656153
G1 X146.072 Y87.503 E14.04882
;WIDTH:0.7
G1 X145.903 Y87.593 E14.06623
G1 X141.294 Y90.756 E14.57452
G1 X140.563 Y91.281 E14.65636
G1 X140.378 Y91.556 E14.6865
G1 X140.3 Y91.931 E14.72133
G1 X140.3 Y126.105 E17.82876
G1 X114.213 Y126.115 E20.20084
G1 X113.869 Y126.24 E20.23412
G1 X113.603 Y126.481 E20.26676
G1 X112.294 Y128.234 E20.4657
G1 X112.172 Y128.455 E20.48865
G1 X112.108 Y128.794 E20.52002
G1 X112.108 Y134.722 E21.05905
G1 X112.133 Y134.801 E21.06658
;WIDTH:0.650067
G1 X112.158 Y134.879 E21.07343
;WIDTH:0.600135
G1 X112.183 Y134.958 E21.07976
;WIDTH:0.550202
G1 X112.208 Y135.036 E21.08542
;WIDTH:0.50027
G1 X112.233 Y135.115 E21.09055
;WIDTH:0.450337
G1 X112.258 Y135.193 E21.09502
;WIDTH:0.400405
G1 X112.265 Y135.659 E21.11708
;WIDTH:0.424095
G1 X112.246 Y136.035 E21.1362
;WIDTH:0.46176
G1 X112.227 Y136.41 E21.15733
;WIDTH:0.503735
G1 X112.206 Y136.615 E21.17018
;WIDTH:0.54571
G1 X112.185 Y136.819 E21.18422
;WIDTH:0.587685
G1 X112.164 Y137.024 E21.19959
;WIDTH:0.595242
G1 X111.968 Y137.304 E21.22546
;WIDTH:0.642432
G1 X111.717 Y137.629 E21.25936
;WIDTH:0.689622
G1 X111.466 Y137.954 E21.29608
;WIDTH:0.726024
G1 X111.31 Y138.15 E21.31981
;WIDTH:0.762427
G1 X111.153 Y138.347 E21.345
G1 X110.754 Y138.369 E21.38497
;WIDTH:0.717029
G1 X110.493 Y138.387 E21.40941
;WIDTH:0.680566
G1 X110.233 Y138.406 E21.43238
;WIDTH:0.644104
G1 X109.719 Y138.416 E21.47495
;WIDTH:0.662851
G1 X109.008 Y138.396 E21.53578
G1 X108.867 Y138.261 E21.55247
;WIDTH:0.621128
G1 X108.726 Y138.126 E21.56798
;WIDTH:0.579405
G1 X108.585 Y137.991 E21.5823
;WIDTH:0.537682
G1 X108.407 Y137.809 E21.59944
;WIDTH:0.499524
G1 X108.229 Y137.627 E21.61516
;WIDTH:0.461367
G1 X108.051 Y137.445 E21.62947
;WIDTH:0.42321
G1 X107.714 Y137.052 E21.65569
;WIDTH:0.414553
G1 X107.674 Y136.942 E21.66147
;WIDTH:0.435502
G1 X107.696 Y136.353 E21.69238
G1 X107.913 Y136.738 E21.71556
;WIDTH:0.414553
G1 X108.183 Y137.084 E21.73724
;WIDTH:0.447543
G1 X108.407 Y137.284 E21.75351
;WIDTH:0.481354
G1 X108.632 Y137.484 E21.77131
;WIDTH:0.526728
G1 X108.78 Y137.568 E21.78249
;WIDTH:0.572102
G1 X108.928 Y137.652 E21.7948
;WIDTH:0.617476
G1 X109.076 Y137.736 E21.80823
;WIDTH:0.662851
G1 X109.225 Y137.82 E21.82286
G1 X109.74 Y137.868 E21.8671
;WIDTH:0.648482
G1 X110.242 Y137.834 E21.90908
;WIDTH:0.683409
G1 X110.439 Y137.784 E21.92707
;WIDTH:0.718336
G1 X110.636 Y137.733 E21.94612
;WIDTH:0.753263
G1 X110.832 Y137.682 E21.96611
G1 X110.969 Y137.568 E21.9837
;WIDTH:0.714683
G1 X111.105 Y137.454 E22.00022
;WIDTH:0.676103
G1 X111.241 Y137.34 E22.01574
;WIDTH:0.637523
G1 X111.451 Y137.097 E22.04202
;WIDTH:0.612127
G1 X111.66 Y136.855 E22.06701
;WIDTH:0.586731
G1 X111.732 Y136.684 E22.08082
;WIDTH:0.545075
G1 X111.804 Y136.513 E22.09351
;WIDTH:0.50342
G1 X111.858 Y136.297 E22.10739
;WIDTH:0.461494
G1 X111.912 Y136.08 E22.11996
;WIDTH:0.419569
G1 X111.954 Y135.644 E22.14191
;WIDTH:0.400405
G1 X111.933 Y135.209 E22.16252
;WIDTH:0.448355
G1 X111.946 Y135.151 E22.16575
;WIDTH:0.496305
G1 X111.959 Y135.093 E22.16939
;WIDTH:0.544255
G1 X111.971 Y135.034 E22.1735
;WIDTH:0.583191
G1 X111.969 Y134.962 E22.17883
;WIDTH:0.622127
G1 X111.967 Y134.889 E22.18464
;WIDTH:0.661063
G1 X111.965 Y134.816 E22.19087
;WIDTH:0.7
G1 X111.963 Y134.744 E22.19742
G1 X111.757 Y134.326 E22.23979
G1 X111.472 Y133.957 E22.28219
G1 X111.119 Y133.653 E22.32455
G1 X110.713 Y133.424 E22.36693
G1 X110.27 Y133.28 E22.40929
G1 X109.807 Y133.226 E22.45168
G1 X109.343 Y133.266 E22.49403
G1 X108.645 Y133.522 E22.56163
G1 X108.206 Y133.827 E22.61024
G1 X107.817 Y134.283 E22.66474
G1 X107.817 Y128.794 E23.16385
G1 X107.803 Y128.522 E23.18862
G1 X107.711 Y128.251 E23.21464
G1 X107.542 Y128.021 E23.24059
G1 X105.955 Y126.439 E23.44435
G1 X105.697 Y126.284 E23.47172
G1 X105.351 Y126.218 E23.50375
G1 X88.985 Y126.218 E24.9919
G1 X88.982 Y116.985 E25.83145
G1 X88.881 Y116.628 E25.86519
G1 X88.678 Y116.363 E25.89554
G1 X88.371 Y116.177 E25.92818
G1 X88.213 Y116.149 E25.94277
G1 E23.94277 F2400
G92 E0
G1 X146.438 Y83.107 F7800
G1 E2 F2400
;TYPE:External perimeter
G1 F1800
G1 X146.451 Y83.118 E2.00155
G1 X146.709 Y83.435 E2.03871
G1 X146.899 Y83.796 E2.0758
G1 X147.014 Y84.189 E2.11303
G1 X147.048 Y84.596 E2.15017
G1 X147.003 Y84.994 E2.18659
G1 X146.912 Y85.299 E2.21553
G1 X146.731 Y85.661 E2.25233
G1 X146.479 Y85.983 E2.28951
G1 X146.169 Y86.249 E2.32665
G1 X145.812 Y86.448 E2.36381
G1 X145.422 Y86.572 E2.40102
G1 X145.016 Y86.617 E2.43816
G1 X144.617 Y86.582 E2.47458
G1 X144.313 Y86.5 E2.50321
G1 X143.943 Y86.326 E2.54039
G1 X143.52 Y85.98 E2.59008
G1 X143.342 Y85.779 E2.61449
G1 X143.134 Y85.427 E2.65167
G1 X143 Y85.041 E2.68882
G1 X142.945 Y84.636 E2.72598
G1 X142.972 Y84.228 E2.76316
G1 X143.079 Y83.834 E2.80028
G1 X143.261 Y83.468 E2.83745
G1 X143.513 Y83.146 E2.87463
G1 X143.824 Y82.881 E2.91178
G1 X144.181 Y82.682 E2.94894
G1 X144.57 Y82.557 E2.98609
G1 X144.976 Y82.513 E3.02322
G1 X145.383 Y82.549 E3.06037
G1 X145.775 Y82.666 E3.09757
G1 X146.215 Y82.921 E3.14381
G1 X146.392 Y83.068 E3.16473
G1 X146.654 Y83.37 F7800
G1 E1.16473 F2400
G92 E0
G1 X110.085 Y133.88 F7800
G1 E2 F2400
G1 F1800
G1 X110.101 Y133.881 E2.00146
G1 X110.428 Y133.98 E2.03253
G1 X110.729 Y134.141 E2.06357
G1 X110.993 Y134.359 E2.0947
G1 X111.208 Y134.625 E2.1258
G1 X111.366 Y134.928 E2.15687
G1 X111.461 Y135.257 E2.18801
G1 X111.489 Y135.597 E2.21903
G1 X111.448 Y135.937 E2.25017
G1 X111.342 Y136.262 E2.28125
G1 X111.157 Y136.576 E2.31439
G1 X110.749 Y136.978 E2.36647
G1 X110.45 Y137.144 E2.39757
G1 X110.124 Y137.247 E2.42866
G1 X109.784 Y137.283 E2.45975
G1 X109.389 Y137.236 E2.49592
G1 X109.116 Y137.153 E2.52187
G1 X108.815 Y136.991 E2.55295
G1 X108.551 Y136.773 E2.58408
G1 X108.336 Y136.507 E2.61518
;WIDTH:0.734919
G1 X108.239 Y136.322 E2.63524
;WIDTH:0.769839
G1 X108.143 Y136.137 E2.65631
;WIDTH:0.804759
G1 X108.046 Y135.952 E2.67849
;WIDTH:0.818695
G1 X107.995 Y135.566 E2.72062
;WIDTH:0.834515
G1 X108.016 Y135.25 E2.75562
G1 X108.123 Y135.042 E2.78147
;WIDTH:0.789676
G1 X108.23 Y134.833 E2.80588
;WIDTH:0.744838
G1 X108.336 Y134.625 E2.82863
;WIDTH:0.7
G1 X108.596 Y134.316 E2.86535
G1 X108.888 Y134.098 E2.89848
G1 X109.42 Y133.886 E2.95055
G1 X109.76 Y133.849 E2.98165
G1 X110.025 Y133.874 E3.00585
G1 X110.41 Y133.984 F7800
G1 E1.00585 F2400
G92 E0
G1 X72.875 Y114.095 F7800
G1 E2 F2400
;TYPE:Perimeter
;WIDTH:0.641801
G1 F1800
G1 X72.855 Y114.11 E2.00206
;WIDTH:0.635696
G1 X72.64 Y114.278 E2.02432
;WIDTH:0.591325
G1 X72.426 Y114.446 E2.04476
;WIDTH:0.546954
G1 X72.054 Y114.828 E2.08137
;WIDTH:0.590752
G1 X71.916 Y115.026 E2.09948
;WIDTH:0.63455
G1 X71.777 Y115.225 E2.11924
;WIDTH:0.678349
G1 X71.639 Y115.423 E2.14043
G1 X71.643 Y115.258 E2.15492
;WIDTH:0.63455
G1 X71.647 Y115.093 E2.16836
;WIDTH:0.590752
G1 X71.651 Y114.927 E2.18082
;WIDTH:0.546954
G1 X71.731 Y114.426 E2.21565
G1 X72.296 Y114.238 E2.25653
;WIDTH:0.594377
G1 X72.586 Y114.166 E2.27911
;WIDTH:0.641801
G1 X72.817 Y114.109 E2.29873
G1 E.29873 F2400
G92 E0
G1 X72.817 Y114.109 F7800
G1 X75.749 Y115.942
G1 E2 F2400
;TYPE:External perimeter
;WIDTH:0.7
G1 F1800
G1 X75.753 Y115.957 E2.00141
G1 X75.78 Y116.343 E2.03659
G1 X75.688 Y116.871 E2.08532
G1 X75.496 Y117.281 E2.12649
G1 X75.269 Y117.57 E2.15991
G1 X74.99 Y117.809 E2.19331
G1 X74.617 Y118.004 E2.23158
G1 X74.318 Y118.098 E2.26008
G1 X73.953 Y118.138 E2.29347
G1 X73.587 Y118.104 E2.32689
G1 X73.293 Y118.021 E2.35467
G1 X72.911 Y117.825 E2.39371
G1 X72.628 Y117.591 E2.4271
G1 X72.396 Y117.306 E2.46052
G1 X72.226 Y116.98 E2.49395
G1 X72.124 Y116.627 E2.52736
G1 X72.093 Y116.261 E2.56076
G1 X72.136 Y115.896 E2.59418
G1 X72.25 Y115.547 E2.62756
G1 X72.503 Y115.152 E2.67021
G1 X72.886 Y114.776 E2.71901
G1 X73.208 Y114.598 E2.75247
G1 X73.558 Y114.487 E2.78586
G1 X73.923 Y114.447 E2.81925
G1 X74.289 Y114.481 E2.85267
G1 X74.641 Y114.586 E2.88607
G1 X74.965 Y114.759 E2.91947
G1 X75.249 Y114.993 E2.95293
G1 X75.48 Y115.279 E2.98636
G1 X75.65 Y115.604 E3.01971
G1 X75.732 Y115.885 E3.04633
G1 X75.774 Y116.283 F7800
G1 E1.04633 F2400
G92 E0
G1 X71.488 Y116.307 F7800
G1 E2 F2400
;TYPE:Perimeter
;WIDTH:0.657541
G1 F1800
G1 X71.57 Y115.722 E2.05006
;WIDTH:0.678349
G1 X71.639 Y115.423 E2.077
G1 E.077 F2400
G92 E0
G1 X71.639 Y115.423 F7800
G1 X88.067 Y116.751
G1 E2 F2400
;TYPE:External perimeter
;WIDTH:0.7
G1 F1800
G1 X88.048 Y116.744 E2.00184
G1 X78.849 Y116.744 E2.8383
G1 X78.691 Y116.787 E2.85319
G1 X76.724 Y117.934 E3.06024
G1 X76.454 Y118.132 E3.09068
G1 X75.343 Y119.878 E3.27886
G1 X72.007 Y119.242 E3.58766
G1 X70.682 Y117.529 E3.78458
G1 X71.242 Y114.011 E4.1085
G1 X74.179 Y113.032 E4.39001
G1 X83.496 Y111.859 E5.24389
G1 X83.622 Y111.814 E5.25606
G1 X86.144 Y110.243 E5.52624
G1 X86.228 Y110.167 E5.53654
G1 X86.291 Y109.978 E5.55466
G1 X86.291 Y87.37 E7.61039
G1 X88.315 Y85.466 E7.86307
G1 X139.924 Y85.456 E12.55585
G1 X140.088 Y85.353 E12.57346
G1 X142.581 Y82.335 E12.9294
G1 X144.023 Y81.013 E13.10728
G1 X147.166 Y81.376 E13.39497
G1 X149.271 Y83.364 E13.65824
G1 X148.981 Y84.055 E13.72638
G1 X147.695 Y87.12 E14.02862
G1 X141.647 Y91.271 E14.69563
G1 X140.976 Y91.76 E14.77113
G1 X140.925 Y91.931 E14.78736
G1 X140.925 Y126.73 E17.95162
G1 X114.281 Y126.738 E20.37435
G1 X114.104 Y126.855 E20.39364
G1 X112.795 Y128.607 E20.5925
G1 X112.733 Y128.794 E20.61041
G1 X112.733 Y137.2 E21.37476
G1 X111.499 Y139.003 E21.57343
G1 X108.726 Y139.003 E21.82558
G1 X107.192 Y137.18 E22.04222
G1 X107.192 Y136.519 E22.10232
;WIDTH:0.744839
G1 X107.214 Y136.319 E22.12193
;WIDTH:0.789678
G1 X107.236 Y136.12 E22.14275
;WIDTH:0.834515
G1 X107.259 Y135.92 E22.165
G1 X107.259 Y135.212 E22.24324
G1 X107.236 Y135.068 E22.25935
;WIDTH:0.789676
G1 X107.214 Y134.924 E22.2745
;WIDTH:0.744838
G1 X107.192 Y134.779 E22.28879
;WIDTH:0.7
G1 X107.187 Y128.63 E22.84792
G1 X107.1 Y128.463 E22.86504
G1 X105.535 Y126.903 E23.06597
G1 X105.351 Y126.843 E23.08357
G1 X88.36 Y126.843 E24.62855
G1 X88.36 Y117.057 E25.51839
G1 X88.353 Y116.991 E25.52443
G1 X88.242 Y116.812 E25.54358
G1 X88.124 Y116.771 E25.55494
G1 X87.724 Y116.748 F7800
G1 E23.55494 F2400
G92 E0
G1 X72.875 Y114.095 F7800
G1 E2 F2400
;TYPE:Perimeter
;WIDTH:0.645023
G1 F1800
G1 X73.484 Y113.894 E2.05318
G1 E.05318 F2400
G92 E0
G1 X73.484 Y113.894 F7800
G1 X141.135 Y86.328
G1 E2 F2400
;TYPE:Solid infill
;WIDTH:0.702753
G1 F1800
G1 X143.039 Y88.232 E2.24592
G1 X142.512 Y88.593 E2.30426
G1 X140.843 Y86.924 E2.51983
G1 X140.686 Y87.003 E2.53588
G1 X140.346 Y87.123 E2.56881
G1 X140.176 Y87.145 E2.58447
G1 X141.986 Y88.954 E2.81819
G1 X141.46 Y89.316 E2.87651
G1 X139.329 Y87.185 E3.15175
G1 X138.441 Y87.185 E3.23285
G1 X140.933 Y89.677 E3.55472
G1 X140.407 Y90.038 E3.61299
G1 X137.553 Y87.185 E3.98155
G1 X136.666 Y87.185 E4.06256
G1 X139.898 Y90.417 E4.48001
G1 X139.775 Y90.521 E4.49472
G1 X139.539 Y90.816 E4.52922
G1 X139.494 Y90.9 E4.53792
G1 X135.778 Y87.185 E5.01782
G1 X134.891 Y87.185 E5.09883
G1 X139.249 Y91.543 E5.66171
G1 X139.207 Y91.926 E5.6969
G1 X139.207 Y92.388 E5.73909
G1 X134.003 Y87.185 E6.41118
G1 X133.115 Y87.185 E6.49228
G1 X139.207 Y93.276 E7.27906
G1 X139.207 Y94.164 E7.36016
G1 X132.228 Y87.185 E8.26157
G1 X131.34 Y87.185 E8.34267
G1 X139.207 Y95.051 E9.35871
G1 X139.207 Y95.939 E9.43981
G1 X130.452 Y87.185 E10.57054
G1 X129.565 Y87.185 E10.65155
G1 X139.207 Y96.827 E11.89691
G1 X139.207 Y97.714 E11.97792
G1 X128.677 Y87.185 E13.33791
G1 X127.79 Y87.185 E13.41892
G1 X139.207 Y98.602 E14.89354
G1 X139.207 Y99.489 E14.97455
G1 X126.902 Y87.185 E16.5638
G1 X126.014 Y87.185 E16.6449
G1 X139.207 Y100.377 E18.34885
G1 X139.207 Y101.265 E18.42995
G1 X125.127 Y87.185 E20.24853
G1 X124.239 Y87.185 E20.32963
G1 X139.207 Y102.152 E22.26284
G1 X139.207 Y103.04 E22.34394
G1 X123.352 Y87.185 E24.39178
G1 X122.464 Y87.185 E24.47288
G1 X139.207 Y103.927 E26.63535
G1 X139.207 Y104.815 E26.71645
G1 X121.576 Y87.185 E28.99361
G1 X120.689 Y87.185 E29.07462
G1 X139.207 Y105.703 E31.46641
G1 X139.207 Y106.59 E31.54742
G1 X119.801 Y87.185 E34.05384
G1 X118.913 Y87.185 E34.13494
G1 X139.207 Y107.478 E36.75605
G1 X139.207 Y108.366 E36.83715
G1 X118.026 Y87.185 E39.57289
G1 X117.138 Y87.185 E39.65399
G1 X139.207 Y109.253 E42.50436
G1 X139.207 Y110.141 E42.58546
G1 X116.251 Y87.185 E45.55046
G1 X115.363 Y87.185 E45.63156
G1 X139.207 Y111.028 E48.71119
G1 X139.207 Y111.916 E48.79229
G1 X114.475 Y87.185 E51.98662
G1 X113.588 Y87.185 E52.06763
G1 X139.207 Y112.804 E55.37659
G1 X139.207 Y113.691 E55.4576
G1 X112.7 Y87.185 E58.88119
G1 X111.812 Y87.185 E58.96229
G1 X139.207 Y114.579 E62.50057
G1 X139.207 Y115.467 E62.58167
G1 X110.925 Y87.185 E66.23458
G1 X110.037 Y87.185 E66.31568
G1 X139.207 Y116.354 E70.08322
G1 X139.207 Y117.242 E70.16432
G1 X109.15 Y87.185 E74.04649
G1 X108.262 Y87.185 E74.12759
G1 X139.207 Y118.129 E78.12439
G1 X139.207 Y119.017 E78.20549
G1 X107.374 Y87.185 E82.31698
G1 X106.487 Y87.185 E82.39799
G1 X139.207 Y119.905 E86.62411
G1 X139.207 Y120.792 E86.70512
G1 X105.599 Y87.185 E91.04587
G1 X104.712 Y87.185 E91.12688
G1 X139.207 Y121.68 E95.58226
G1 X139.207 Y122.567 E95.66327
G1 X103.824 Y87.185 E100.23328
G1 X102.936 Y87.185 E100.31438
G1 X139.207 Y123.455 E104.99909
G1 X139.207 Y124.343 E105.08019
G1 X102.049 Y87.185 E109.87953
G1 X101.161 Y87.185 E109.96063
G1 X138.988 Y125.011 E114.84631
G1 X138.1 Y125.011 E114.92741
G1 X100.273 Y87.185 E119.81309
G1 X99.386 Y87.185 E119.8941
G1 X137.212 Y125.011 E124.77972
G1 X136.325 Y125.011 E124.86073
G1 X98.498 Y87.185 E129.74641
G1 X97.611 Y87.185 E129.82742
G1 X135.437 Y125.011 E134.71304
G1 X134.55 Y125.011 E134.79405
G1 X96.723 Y87.185 E139.67973
G1 X95.835 Y87.185 E139.76083
G1 X133.662 Y125.011 E144.64651
G1 X132.774 Y125.011 E144.72761
G1 X94.948 Y87.185 E149.61323
G1 X94.06 Y87.185 E149.69433
G1 X131.887 Y125.011 E154.58001
G1 X130.999 Y125.011 E154.66111
G1 X93.172 Y87.185 E159.54679
G1 X92.285 Y87.185 E159.6278
G1 X130.111 Y125.011 E164.51342
G1 X129.224 Y125.011 E164.59443
G1 X91.397 Y87.185 E169.48011
G1 X90.51 Y87.185 E169.56112
G1 X128.336 Y125.011 E174.44674
G1 X127.449 Y125.011 E174.52775
G1 X89.622 Y87.185 E179.41343
G1 X88.996 Y87.185 E179.4706
G1 X88.861 Y87.311 E179.48747
G1 X126.561 Y125.011 E184.35681
G1 X125.673 Y125.011 E184.43791
G1 X88.404 Y87.742 E189.25158
G1 X88.01 Y88.113 E189.30101
G1 X88.01 Y88.235 E189.31215
G1 X124.786 Y125.011 E194.06215
G1 X123.898 Y125.011 E194.14325
G1 X88.01 Y89.123 E198.77855
G1 X88.01 Y90.011 E198.85965
G1 X123.01 Y125.011 E203.38026
G1 X122.123 Y125.011 E203.46127
G1 X88.01 Y90.898 E207.86732
G1 X88.01 Y91.786 E207.94842
G1 X121.235 Y125.011 E212.23977
G1 X120.348 Y125.011 E212.32078
G1 X88.01 Y92.673 E216.49757
G1 X88.01 Y93.561 E216.57867
G1 X119.46 Y125.011 E220.64076
G1 X118.572 Y125.011 E220.72186
G1 X88.01 Y94.449 E224.66926
G1 X88.01 Y95.336 E224.75027
G1 X117.685 Y125.011 E228.5831
G1 X116.797 Y125.011 E228.6642
G1 X88.01 Y96.224 E232.38234
G1 X88.01 Y97.112 E232.46344
G1 X115.91 Y125.011 E236.06695
G1 X115.022 Y125.011 E236.14805
G1 X88.01 Y97.999 E239.63693
G1 X88.01 Y98.887 E239.71803
G1 X114.146 Y125.023 E243.09376
G1 X113.88 Y125.067 E243.11838
G1 X113.602 Y125.155 E243.14501
G1 X113.461 Y125.225 E243.15939
G1 X88.01 Y99.774 E246.44665
G1 X88.01 Y100.662 E246.52775
G1 X112.939 Y125.591 E249.74759
G1 X112.88 Y125.644 E249.75483
G1 X112.546 Y126.086 E249.80543
G1 X88.01 Y101.55 E252.97451
G1 X88.01 Y102.437 E253.05552
G1 X112.164 Y126.592 E256.17532
G1 X111.782 Y127.097 E256.23315
G1 X88.01 Y103.325 E259.30355
G1 X88.01 Y104.213 E259.38465
G1 X111.402 Y127.604 E262.4059
G1 X111.278 Y127.793 E262.42654
G1 X111.152 Y128.058 E262.45334
G1 X111.11 Y128.2 E262.46686
G1 X88.01 Y105.1 E265.45046
G1 X88.01 Y105.988 E265.53156
G1 X111.016 Y128.994 E268.50302
G1 X111.015 Y129.881 E268.58403
G1 X88.01 Y106.875 E271.55543
G1 X88.01 Y107.763 E271.63653
G1 X105.373 Y125.126 E273.87914
G1 X105.702 Y125.154 E273.9093
G1 X106.053 Y125.249 E273.94251
G1 X106.359 Y125.391 E273.97332
G1 X106.659 Y125.601 E274.00676
G1 X108.32 Y127.252 E274.22065
G1 X108.548 Y127.526 E274.25321
G1 X108.681 Y127.746 E274.27669
G1 X108.798 Y128.016 E274.30356
G1 X108.88 Y128.335 E274.33364
G1 X108.909 Y128.662 E274.36362
G1 X111.015 Y130.768 E274.63563
G1 X111.015 Y131.656 E274.71673
G1 X108.91 Y129.551 E274.98861
G1 X108.91 Y130.438 E275.06962
G1 X110.75 Y132.279 E275.30734
G1 X110.559 Y132.225 E275.32547
G1 X110.176 Y132.157 E275.361
G1 X109.723 Y132.139 E275.40241
G1 X108.91 Y131.326 E275.50742
G1 X108.91 Y132.214 E275.58852
G1 X109.175 Y132.479 E275.62275
G1 E273.62275 F2400
G92 E0
G1 X109.175 Y132.479 F7800
G1 X104.765 Y125.406
G1 E2 F2400
G1 F1800
G1 X88.01 Y108.651 E4.16408
G1 X88.01 Y109.538 E4.24509
G1 X103.596 Y125.124 E6.25818
G1 X102.708 Y125.124 E6.33928
G1 X87.968 Y110.384 E8.2431
G1 X87.839 Y110.795 E8.28244
G1 X87.719 Y111.022 E8.30589
G1 X101.821 Y125.124 E10.12731
G1 X100.933 Y125.124 E10.20841
G1 X87.312 Y111.503 E11.9677
G1 X87.078 Y111.686 E11.99483
G1 X86.788 Y111.867 E12.02605
G1 X100.046 Y125.124 E13.73839
G1 X99.158 Y125.124 E13.81949
G1 X86.241 Y112.207 E15.48785
G1 X85.694 Y112.548 E15.54672
G1 X88.184 Y115.038 E15.86833
G1 X88.434 Y115.062 E15.89127
G1 X88.747 Y115.15 E15.92096
G1 X88.989 Y115.257 E15.94513
G1 X89.173 Y115.366 E15.96466
G1 X89.413 Y115.553 E15.99245
G1 X89.608 Y115.757 E16.01822
G1 X89.854 Y116.128 E16.05888
G1 X89.969 Y116.397 E16.0856
G1 X90.033 Y116.627 E16.1074
G1 X90.073 Y116.927 E16.13504
G1 X98.27 Y125.124 E17.19377
G1 X97.383 Y125.124 E17.27478
G1 X90.074 Y117.815 E18.21881
G1 X90.074 Y118.703 E18.29991
G1 X96.495 Y125.124 E19.12925
G1 X95.607 Y125.124 E19.21035
G1 X90.075 Y119.592 E19.92486
G1 X90.075 Y120.48 E20.00596
G1 X94.72 Y125.124 E20.60584
G1 X93.832 Y125.124 E20.68694
G1 X90.076 Y121.368 E21.17207
G1 X90.076 Y122.256 E21.25317
G1 X92.945 Y125.124 E21.62367
G1 X92.057 Y125.124 E21.70477
G1 X90.077 Y123.144 E21.96051
G1 X90.078 Y124.033 E22.0417
G1 X91.169 Y125.124 E22.18261
G1 X90.282 Y125.124 E22.26362
G1 X89.797 Y124.639 E22.32626
G1 E20.32626 F2400
G92 E0
G1 X89.797 Y124.639 F7800
G1 X87.566 Y115.307
G1 E2 F2400
G1 F1800
G1 X85.147 Y112.889 E2.31237
G1 X84.6 Y113.229 E2.37119
G1 X86.397 Y115.026 E2.60329
G1 X85.509 Y115.026 E2.68439
G1 X83.982 Y113.499 E2.88162
G1 X83.719 Y113.562 E2.90632
G1 X83.221 Y113.625 E2.95216
G1 X84.621 Y115.026 E3.13305
G1 X83.734 Y115.026 E3.21406
G1 X82.432 Y113.725 E3.38216
G1 X81.644 Y113.824 E3.45469
G1 X82.846 Y115.026 E3.60994
G1 X81.959 Y115.026 E3.69095
G1 X80.856 Y113.923 E3.83341
G1 X80.067 Y114.022 E3.90603
G1 X81.071 Y115.026 E4.03571
G1 X80.183 Y115.026 E4.11681
G1 X79.279 Y114.122 E4.23357
G1 X78.491 Y114.221 E4.3061
G1 X79.296 Y115.026 E4.41007
G1 X78.844 Y115.026 E4.45135
G1 X78.593 Y115.042 E4.47432
G1 X78.454 Y115.072 E4.48731
G1 X77.703 Y114.32 E4.58437
G1 X76.967 Y114.413 E4.65212
G1 X77.028 Y114.533 E4.66441
G1 X78.015 Y115.521 E4.79196
M106 S127.5
;LAYER_CHANGE
;Z:0.65
;HEIGHT:0.3
 ; After First Layer

G1 Z.65 F7800
G1 E2.79196 F2400
G1 Z.65 F7800
G1 X144.893 Y81.816
G1 E4.79196 F2400
;TYPE:Perimeter
;WIDTH:0.552623
G1 F900
G1 X144.793 Y81.849 E4.79837
;WIDTH:0.511552
G1 X144.694 Y81.881 E4.80417
;WIDTH:0.470482
G1 X144.594 Y81.914 E4.8095
;WIDTH:0.429412
G1 X144.494 Y81.947 E4.81429
;WIDTH:0.388342
G1 X143.985 Y82.098 E4.83574
;WIDTH:0.414463
G1 X143.51 Y82.336 E4.85894
G1 X143.757 Y82.094 E4.87404
;WIDTH:0.391756
G1 X144.231 Y81.657 E4.90036
;WIDTH:0.388342
G1 X144.493 Y81.687 E4.91102
;WIDTH:0.429412
G1 X144.593 Y81.719 E4.9158
;WIDTH:0.470482
G1 X144.693 Y81.752 E4.92113
;WIDTH:0.511552
G1 X144.793 Y81.784 E4.92699
;WIDTH:0.552623
G1 X144.836 Y81.798 E4.92974
G1 E2.92974 F2400
G92 E0
G1 X144.836 Y81.798 F7800
G1 X147.359 Y86.036
G1 E2 F2400
;WIDTH:0.617167
G1 F3600
G1 X147.339 Y86.143 E2.00751
;WIDTH:0.569895
G1 X147.32 Y86.251 E2.01442
;WIDTH:0.522624
G1 X147.3 Y86.359 E2.0207
;WIDTH:0.475352
G1 X147.281 Y86.466 E2.02627
;WIDTH:0.428081
G1 X147.203 Y86.653 E2.03546
G1 X146.842 Y86.949 E2.05664
;WIDTH:0.416724
G1 X146.372 Y87.265 E2.08153
;WIDTH:0.45
G1 X145.891 Y87.575 E2.10905
G1 X141.28 Y90.739 E2.37801
G1 X140.549 Y91.265 E2.42132
G1 X140.359 Y91.549 E2.43775
G1 X140.279 Y91.934 E2.45666
G1 X140.279 Y126.083 E4.09911
G1 X114.211 Y126.094 E5.35289
G1 X113.858 Y126.223 E5.37097
G1 X113.584 Y126.471 E5.38874
G1 X112.278 Y128.219 E5.49369
G1 X112.152 Y128.447 E5.50622
G1 X112.087 Y128.796 E5.52329
G1 X112.095 Y135.194 E5.83101
G1 X111.984 Y134.738 E5.85358
G1 X111.776 Y134.316 E5.87621
G1 X111.488 Y133.944 E5.89884
G1 X111.133 Y133.636 E5.92144
G1 X110.723 Y133.405 E5.94407
G1 X110.276 Y133.259 E5.96669
G1 X109.809 Y133.205 E5.9893
G1 X109.341 Y133.244 E6.01189
G1 X108.637 Y133.502 E6.04795
G1 X108.193 Y133.81 E6.07394
G1 X107.838 Y134.214 E6.09981
G1 X107.838 Y128.796 E6.3604
G1 X107.823 Y128.52 E6.37369
G1 X107.729 Y128.241 E6.38785
G1 X107.556 Y128.004 E6.40196
G1 X105.97 Y126.423 E6.50967
G1 X105.705 Y126.265 E6.52451
G1 X105.348 Y126.197 E6.54199
G1 X89.006 Y126.197 E7.32798
G1 X89.003 Y116.988 E7.7709
G1 X88.899 Y116.621 E7.78925
G1 X88.691 Y116.349 E7.80572
G1 X88.375 Y116.158 E7.82348
G1 X88.042 Y116.098 E7.83975
G1 X78.73 Y116.106 E8.28763
G1 X78.364 Y116.23 E8.30622
G1 X76.236 Y117.472 E8.42473
;WIDTH:0.447319
G1 X76.006 Y117.668 E8.43916
;WIDTH:0.445885
G1 X76.138 Y117.441 E8.45165
;WIDTH:0.45
G1 X76.334 Y116.947 E8.47721
G1 X76.426 Y116.388 E8.50446
G1 X76.396 Y115.893 E8.52831
G1 X76.268 Y115.414 E8.55216
G1 X76.048 Y114.97 E8.57599
G1 X75.744 Y114.578 E8.59985
G1 X75.369 Y114.254 E8.62369
G1 X74.936 Y114.011 E8.64757
G1 X74.465 Y113.859 E8.67137
G1 X73.972 Y113.803 E8.69523
G1 X74.323 Y113.665 E8.71337
G1 X83.576 Y112.5 E9.16192
G1 X83.965 Y112.362 E9.18177
G1 X86.483 Y110.793 E9.32446
G1 X86.741 Y110.558 E9.34124
G1 X86.885 Y110.29 E9.35587
G1 X86.938 Y109.975 E9.37123
G1 X86.938 Y87.65 E10.44498
G1 X88.571 Y86.112 E10.55287
G1 X139.139 Y86.112 E12.98502
G1 X140.082 Y86.083 E13.0304
G1 X140.314 Y85.991 E13.0424
G1 X140.588 Y85.762 E13.05958
G1 X142.313 Y83.674 E13.18984
G1 X142.691 Y83.191 E13.21934
G1 X142.497 Y83.553 E13.23909
G1 X142.346 Y84.068 E13.2649
G1 X142.3 Y84.592 E13.2902
G1 X142.338 Y85.026 E13.31115
G1 X142.476 Y85.523 E13.33596
G1 X142.715 Y86.004 E13.36179
G1 X143.067 Y86.451 E13.38915
G1 X143.453 Y86.777 E13.41345
G1 X143.922 Y87.038 E13.43926
G1 X144.434 Y87.202 E13.46512
G1 X144.967 Y87.261 E13.49091
G1 X145.502 Y87.214 E13.51674
G1 X146.015 Y87.054 E13.54259
;WIDTH:0.435577
G1 X146.48 Y86.789 E13.56737
;WIDTH:0.428081
G1 X146.912 Y86.448 E13.59234
;WIDTH:0.475352
G1 X147.024 Y86.345 E13.60014
;WIDTH:0.522624
G1 X147.135 Y86.242 E13.60879
;WIDTH:0.569895
G1 X147.247 Y86.139 E13.61838
;WIDTH:0.617167
G1 X147.315 Y86.077 E13.62472
G1 E11.62472 F2400
G92 E0
G1 X147.315 Y86.077 F7800
G1 X146.923 Y82.66
G1 E2 F2400
;WIDTH:0.512263
G1 F900
G1 X146.822 Y82.553 E2.00822
;WIDTH:0.500527
G1 X146.389 Y82.226 E2.03774
;WIDTH:0.546001
G1 X146.15 Y82.09 E2.05426
;WIDTH:0.591475
G1 X145.911 Y81.953 E2.07237
G1 X146.121 Y81.953 E2.08618
;WIDTH:0.543607
G1 X146.867 Y82.018 E2.13094
;WIDTH:0.500527
G1 X147.174 Y82.299 E2.15358
;WIDTH:0.517385
G1 X147.568 Y82.691 E2.18498
G1 X147.768 Y82.857 E2.19967
;WIDTH:0.483692
G1 X147.969 Y83.024 E2.21334
;WIDTH:0.45
G1 X148.502 Y83.527 E2.24859
G1 X148.385 Y83.805 E2.2631
G1 X147.994 Y84.738 E2.31176
;WIDTH:0.493225
G1 X147.922 Y84.852 E2.31897
;WIDTH:0.53645
G1 X147.851 Y84.967 E2.32693
;WIDTH:0.579675
G1 X147.779 Y85.082 E2.33565
;WIDTH:0.622901
G1 X147.708 Y85.196 E2.34501
G1 X147.705 Y85.103 E2.35149
;WIDTH:0.581966
G1 X147.702 Y85.009 E2.35756
;WIDTH:0.541032
G1 X147.697 Y84.739 E2.37361
;WIDTH:0.495516
G1 X147.691 Y84.469 E2.38813
;WIDTH:0.45
G1 X147.619 Y83.937 E2.41395
G1 X147.442 Y83.43 E2.43978
;WIDTH:0.481131
G1 X147.317 Y83.188 E2.45394
;WIDTH:0.512263
G1 X147.193 Y82.947 E2.46908
G1 X146.964 Y82.704 E2.48773
G1 X146.964 Y82.704 F7800
G1 X146.605 Y82.911
;WIDTH:0.45
G1 F900
G1 X146.651 Y82.95 E2.49063
G1 X146.938 Y83.31 E2.51277
G1 X147.148 Y83.72 E2.53493
G1 X147.273 Y84.163 E2.55707
G1 X147.307 Y84.622 E2.57921
G1 X147.254 Y85.067 E2.60076
G1 X147.144 Y85.419 E2.6185
G1 X146.938 Y85.819 E2.64014
G1 X146.651 Y86.179 E2.66228
G1 X146.299 Y86.475 E2.6844
G1 X145.894 Y86.695 E2.70657
G1 X145.454 Y86.831 E2.72872
G1 X144.996 Y86.877 E2.75086
G1 X144.538 Y86.831 E2.773
G1 X144.098 Y86.695 E2.79515
G1 X143.694 Y86.475 E2.81728
G1 X143.341 Y86.179 E2.83944
G1 X143.054 Y85.819 E2.86158
G1 X142.844 Y85.409 E2.88374
G1 X142.721 Y84.979 E2.90525
G1 X142.685 Y84.612 E2.92299
G1 X142.719 Y84.163 E2.94465
G1 X142.844 Y83.72 E2.96679
G1 X143.054 Y83.31 E2.98895
G1 X143.341 Y82.951 E3.01106
G1 X143.694 Y82.655 E3.03322
G1 X144.098 Y82.434 E3.05537
G1 X144.538 Y82.299 E3.07751
G1 X144.996 Y82.253 E3.09965
G1 X145.454 Y82.299 E3.12179
G1 X145.894 Y82.434 E3.14393
G1 X146.378 Y82.718 E3.17092
G1 X146.56 Y82.873 E3.18242
G1 X146.56 Y82.873 F7800
G1 X146.356 Y83.198
;TYPE:External perimeter
G1 F900
G1 X146.6 Y83.495 E3.20091
G1 X146.829 Y83.992 E3.22723
G1 X146.889 Y84.202 E3.23773
G1 X146.924 Y84.584 E3.25618
G1 X146.883 Y84.961 E3.27442
G1 X146.797 Y85.251 E3.28897
G1 X146.631 Y85.586 E3.30695
G1 X146.396 Y85.89 E3.32543
G1 X146.106 Y86.141 E3.34388
G1 X145.771 Y86.33 E3.36238
G1 X145.406 Y86.448 E3.38083
G1 X145.025 Y86.492 E3.39928
G1 X144.643 Y86.46 E3.41772
G1 X144.274 Y86.352 E3.43621
G1 X143.934 Y86.174 E3.45467
G1 X143.637 Y85.931 E3.47313
G1 X143.393 Y85.635 E3.49158
G1 X143.213 Y85.296 E3.51004
G1 X143.104 Y84.932 E3.52832
G1 X143.07 Y84.632 E3.54284
G1 X143.093 Y84.258 E3.56086
G1 X143.191 Y83.887 E3.57932
G1 X143.361 Y83.543 E3.59778
G1 X143.596 Y83.24 E3.61622
G1 X143.887 Y82.989 E3.6347
G1 X144.221 Y82.8 E3.65316
G1 X144.586 Y82.681 E3.67162
G1 X144.967 Y82.637 E3.69007
G1 X145.35 Y82.67 E3.70856
G1 X145.718 Y82.777 E3.72699
G1 X146.137 Y83.019 E3.75026
G1 X146.309 Y83.16 E3.76096
G1 X146.569 Y83.465 F7800
G1 E1.76096 F2400
G92 E0
G1 X144.893 Y81.816 F7800
G1 E2 F2400
;TYPE:Perimeter
;WIDTH:0.552623
G1 F3600
G1 X145.412 Y81.861 E2.03172
;WIDTH:0.557488
G1 X145.661 Y81.907 E2.04729
;WIDTH:0.591475
G1 X145.911 Y81.953 E2.064
G1 E.064 F2400
G92 E0
G1 X145.911 Y81.953 F7800
G1 X147.708 Y85.196
G1 E2 F2400
;WIDTH:0.622901
G1 F3600
G1 X147.414 Y85.923 E2.05463
;WIDTH:0.617167
G1 X147.359 Y86.036 E2.06329
G1 E.06329 F2400
G92 E0
G1 X147.359 Y86.036 F7800
G1 X112.09 Y136.01
G1 E2 F2400
;WIDTH:0.442633
G1 F900
G1 X112.094 Y136.41 E2.01887
;WIDTH:0.435979
G1 X112.094 Y136.945 E2.04367
G1 X112.025 Y137.104 E2.0517
;WIDTH:0.460414
G1 X111.82 Y137.38 E2.06868
;WIDTH:0.4858
G1 X111.616 Y137.656 E2.08672
;WIDTH:0.527439
G1 X111.45 Y137.862 E2.102
;WIDTH:0.569079
G1 X111.283 Y138.069 E2.11874
;WIDTH:0.610719
G1 X111.116 Y138.276 E2.13686
G1 X110.753 Y138.299 E2.16165
;WIDTH:0.565221
G1 X110.493 Y138.317 E2.17793
;WIDTH:0.528789
G1 X110.233 Y138.335 E2.19303
;WIDTH:0.492358
G1 X109.719 Y138.345 E2.22047
;WIDTH:0.511136
G1 X109.041 Y138.326 E2.25826
G1 X108.167 Y137.317 E2.33264
;WIDTH:0.502289
G1 X108.395 Y137.517 E2.34921
;WIDTH:0.511136
G1 X108.807 Y137.755 E2.37572
G1 X109.206 Y137.887 E2.39914
G1 X109.734 Y137.938 E2.4287
;WIDTH:0.496755
G1 X110.254 Y137.904 E2.4568
;WIDTH:0.534743
G1 X110.45 Y137.857 E2.46862
;WIDTH:0.572731
G1 X110.647 Y137.809 E2.48148
;WIDTH:0.610719
G1 X110.843 Y137.762 E2.49521
G1 X110.968 Y137.669 E2.50583
;WIDTH:0.574372
G1 X111.093 Y137.576 E2.51574
;WIDTH:0.538026
G1 X111.355 Y137.301 E2.53818
;WIDTH:0.490803
G1 X111.617 Y137.025 E2.55842
;WIDTH:0.443581
G1 X111.903 Y136.568 E2.58392
;WIDTH:0.442633
G1 X112.071 Y136.066 E2.60889
G1 E.60889 F2400
G92 E0
G1 X112.071 Y136.066 F7800
G1 X110.111 Y133.624
G1 E2 F2400
;WIDTH:0.45
G1 F900
G1 X110.172 Y133.63 E2.00295
G1 X110.547 Y133.748 E2.02186
G1 X110.892 Y133.938 E2.0408
G1 X111.193 Y134.192 E2.05974
G1 X111.437 Y134.501 E2.07868
G1 X111.615 Y134.852 E2.09761
G1 X111.72 Y135.231 E2.11653
G1 X111.748 Y135.624 E2.13548
G1 X111.697 Y136.014 E2.1544
G1 X111.57 Y136.387 E2.17335
G1 X111.343 Y136.758 E2.19427
G1 X110.879 Y137.204 E2.22522
G1 X110.532 Y137.391 E2.24418
G1 X110.156 Y137.505 E2.26308
G1 X109.764 Y137.543 E2.28202
G1 X109.318 Y137.487 E2.30364
G1 X108.997 Y137.384 E2.31985
G1 X108.652 Y137.195 E2.33877
G1 X108.351 Y136.94 E2.35774
G1 X108.107 Y136.632 E2.37664
G1 X107.929 Y136.281 E2.39557
;WIDTH:0.449867
G1 X107.827 Y135.901 E2.41449
;WIDTH:0.443507
G1 X107.827 Y135.231 E2.44617
;WIDTH:0.45
G1 X107.974 Y134.746 E2.47054
G1 X108.172 Y134.406 E2.48946
G1 X108.434 Y134.112 E2.5084
G1 X108.787 Y133.857 E2.52934
G1 X109.389 Y133.627 E2.56034
G1 X109.78 Y133.59 E2.57923
G1 X110.051 Y133.618 E2.59233
G1 X110.051 Y133.618 F7800
G1 X110.067 Y134.002
;TYPE:External perimeter
G1 F900
G1 X110.372 Y134.091 E2.60761
G1 X110.652 Y134.239 E2.62284
G1 X110.897 Y134.44 E2.63808
G1 X111.098 Y134.685 E2.65332
G1 X111.247 Y134.965 E2.66858
G1 X111.336 Y135.27 E2.68386
G1 X111.364 Y135.585 E2.69907
G1 X111.329 Y135.9 E2.71431
G1 X111.232 Y136.202 E2.72957
G1 X111.067 Y136.489 E2.74549
G1 X110.686 Y136.87 E2.77141
G1 X110.409 Y137.025 E2.78668
G1 X110.108 Y137.123 E2.80191
G1 X109.793 Y137.158 E2.81715
G1 X109.423 Y137.116 E2.83506
G1 X109.172 Y137.041 E2.84766
G1 X108.892 Y136.893 E2.86289
G1 X108.647 Y136.693 E2.8781
G1 X108.446 Y136.447 E2.89338
G1 X108.297 Y136.167 E2.90864
G1 X108.208 Y135.863 E2.92388
G1 X108.18 Y135.547 E2.93914
G1 X108.215 Y135.232 E2.95438
G1 X108.312 Y134.93 E2.96964
G1 X108.467 Y134.653 E2.98491
G1 X108.674 Y134.413 E3.00015
G1 X108.937 Y134.212 E3.01607
G1 X109.437 Y134.01 E3.04201
G1 X109.752 Y133.974 E3.05726
G1 X110.008 Y133.996 E3.06962
G1 X110.39 Y134.113 F7800
G1 E1.06962 F2400
G92 E0
G1 X112.095 Y135.194 F7800
G1 E2 F2400
;TYPE:Perimeter
;WIDTH:0.432945
G1 F3600
G1 X112.095 Y135.939 E2.03425
;WIDTH:0.442633
G1 X112.09 Y136.01 E2.03761
G1 E.03761 F2400
G92 E0
G1 X112.09 Y136.01 F7800
G1 X75.708 Y118.068
G1 E2 F2400
;WIDTH:0.521655
G1 F900
G1 X75.529 Y118.315 E2.0174
G1 X75.016 Y119.121 E2.07189
G1 X74.618 Y119.045 E2.095
;WIDTH:0.571155
G1 X74.29 Y118.958 E2.11645
;WIDTH:0.620655
G1 X73.961 Y118.87 E2.14008
G1 X74.182 Y118.822 E2.15577
;WIDTH:0.571155
G1 X74.403 Y118.775 E2.17005
;WIDTH:0.521655
G1 X74.885 Y118.634 E2.19869
G1 X75.33 Y118.399 E2.22739
G1 X75.663 Y118.108 E2.25261
G1 E.25261 F2400
G92 E0
G1 X75.663 Y118.108 F7800
G1 X73.098 Y118.716
G1 E2 F2400
;WIDTH:0.600425
G1 F900
G1 X72.991 Y118.719 E2.00716
;WIDTH:0.553894
G1 X72.884 Y118.722 E2.0137
;WIDTH:0.507364
G1 X72.622 Y118.694 E2.02826
;WIDTH:0.465186
G1 X72.361 Y118.666 E2.04138
;WIDTH:0.423008
G1 X72.072 Y118.329 E2.06124
;WIDTH:0.376747
G1 X71.72 Y117.892 E2.0831
;WIDTH:0.397455
G1 X71.337 Y117.362 E2.11026
G1 X71.365 Y117.182 E2.11783
;WIDTH:0.405051
G1 X71.48 Y116.52 E2.14638
G1 X71.497 Y116.69 E2.15364
G1 X71.633 Y117.163 E2.17455
;WIDTH:0.397455
G1 X71.867 Y117.593 E2.19489
;WIDTH:0.369347
G1 X72.248 Y118.069 E2.21808
;WIDTH:0.396177
G1 X72.462 Y118.246 E2.22957
;WIDTH:0.423008
G1 X72.675 Y118.422 E2.24193
;WIDTH:0.467362
G1 X72.781 Y118.496 E2.24843
;WIDTH:0.511716
G1 X72.887 Y118.569 E2.25561
;WIDTH:0.55607
G1 X72.992 Y118.642 E2.26345
;WIDTH:0.600425
G1 X73.049 Y118.682 E2.26811
G1 E.26811 F2400
G92 E0
G1 X73.049 Y118.682 F7800
G1 X72.665 Y114.189
G1 E2 F2400
;WIDTH:0.395203
G1 F900
G1 X72.375 Y114.397 E2.01473
G1 X71.852 Y114.983 E2.04714
G1 X71.65 Y115.385 E2.0657
G1 X71.794 Y114.48 E2.10351
G1 X72.608 Y114.208 E2.13892
G1 E.13892 F2400
G92 E0
G1 X72.608 Y114.208 F7800
G1 X75.996 Y115.872
G1 E2 F2400
;WIDTH:0.45
G1 F900
G1 X76.012 Y115.932 E2.00299
G1 X76.042 Y116.35 E2.02315
G1 X75.975 Y116.806 E2.04532
G1 X75.781 Y117.301 E2.07089
G1 X75.486 Y117.722 E2.09561
G1 X75.12 Y118.035 E2.11877
G1 X74.7 Y118.251 E2.14149
G1 X74.35 Y118.357 E2.15908
G1 X73.933 Y118.397 E2.17923
G1 X73.516 Y118.355 E2.19939
G1 X73.116 Y118.23 E2.21955
G1 X72.748 Y118.029 E2.23972
G1 X72.428 Y117.759 E2.25986
G1 X72.167 Y117.43 E2.28006
G1 X71.977 Y117.057 E2.30019
;WIDTH:0.490313
G1 X71.909 Y116.823 E2.31314
;WIDTH:0.530626
G1 X71.841 Y116.589 E2.32731
;WIDTH:0.570939
G1 X71.774 Y116.356 E2.34263
;WIDTH:0.584493
G1 X71.802 Y115.888 E2.37304
;WIDTH:0.610598
G1 X71.9 Y115.504 E2.40004
G1 X71.93 Y115.484 E2.4025
;WIDTH:0.570448
G1 X71.961 Y115.463 E2.40486
;WIDTH:0.530299
G1 X71.991 Y115.442 E2.40699
;WIDTH:0.490149
G1 X72.021 Y115.422 E2.4089
;WIDTH:0.45
G1 X72.261 Y115.028 E2.43109
G1 X72.632 Y114.647 E2.45667
;WIDTH:0.495176
G1 X72.789 Y114.527 E2.46729
;WIDTH:0.540352
G1 X72.946 Y114.407 E2.47902
;WIDTH:0.585529
G1 X73.104 Y114.286 E2.49196
G1 X73.394 Y114.189 E2.51184
;WIDTH:0.594025
G1 X73.517 Y114.156 E2.52025
G1 X73.76 Y114.174 E2.53635
;WIDTH:0.546016
G1 X74.004 Y114.192 E2.55105
;WIDTH:0.498008
G1 X74.247 Y114.21 E2.56423
;WIDTH:0.45
G1 X74.761 Y114.355 E2.58992
G1 X75.128 Y114.556 E2.61005
G1 X75.449 Y114.826 E2.63022
G1 X75.709 Y115.154 E2.65035
G1 X75.9 Y115.528 E2.67055
G1 X75.979 Y115.815 E2.68487
G1 X75.979 Y115.815 F7800
G1 X75.628 Y115.97
;TYPE:External perimeter
G1 F900
G1 X75.659 Y116.312 E2.70139
G1 X75.616 Y116.665 E2.71849
G1 X75.422 Y117.16 E2.74406
G1 X75.186 Y117.477 E2.76307
G1 X74.927 Y117.701 E2.77954
G1 X74.577 Y117.886 E2.79858
G1 X74.302 Y117.974 E2.81247
G1 X73.962 Y118.013 E2.82893
G1 X73.62 Y117.983 E2.84544
G1 X73.292 Y117.887 E2.86188
G1 X72.989 Y117.727 E2.87836
G1 X72.723 Y117.511 E2.89484
G1 X72.506 Y117.246 E2.91131
G1 X72.345 Y116.943 E2.92781
G1 X72.248 Y116.614 E2.94431
G1 X72.218 Y116.273 E2.96077
G1 X72.255 Y115.933 E2.97722
G1 X72.36 Y115.606 E2.99374
G1 X72.593 Y115.24 E3.01461
G1 X72.949 Y114.884 E3.03882
G1 X73.248 Y114.716 E3.05532
G1 X73.537 Y114.619 E3.06998
G1 X73.914 Y114.572 E3.08825
G1 X74.256 Y114.601 E3.10476
G1 X74.585 Y114.698 E3.12126
G1 X74.888 Y114.857 E3.13772
G1 X75.153 Y115.074 E3.15419
G1 X75.371 Y115.339 E3.17069
G1 X75.531 Y115.642 E3.18717
G1 X75.611 Y115.913 E3.20076
G1 X75.647 Y116.311 F7800
G1 E1.20076 F2400
G92 E0
G1 X73.961 Y118.87 F7800
G1 E2 F2400
;TYPE:Perimeter
;WIDTH:0.620655
G1 F3600
G1 X73.395 Y118.786 E2.0397
;WIDTH:0.600425
G1 X73.098 Y118.716 E2.0601
G1 E.0601 F2400
G92 E0
G1 X73.098 Y118.716 F7800
G1 X88.128 Y116.505
G1 E2 F2400
;WIDTH:0.45
G1 F3600
G1 X88.042 Y116.484 E2.00426
G1 X78.85 Y116.484 E2.44636
G1 X78.559 Y116.563 E2.46086
G1 X76.43 Y117.804 E2.57938
G1 X76.234 Y117.993 E2.59248
G1 X75.218 Y119.589 E2.68348
G1 X72.152 Y119.005 E2.8336
G1 X70.957 Y117.458 E2.92762
G1 X71.058 Y116.824 E2.9585
;WIDTH:0.498031
G1 X71.118 Y116.603 E2.97089
;WIDTH:0.546062
G1 X71.177 Y116.381 E2.98469
;WIDTH:0.594093
G1 X71.237 Y116.16 E2.99982
;WIDTH:0.610598
G1 X71.369 Y115.381 E3.05365
G1 X71.357 Y115.331 E3.05715
;WIDTH:0.570448
G1 X71.344 Y115.282 E3.06035
;WIDTH:0.530299
G1 X71.332 Y115.232 E3.06334
;WIDTH:0.490149
G1 X71.319 Y115.183 E3.06603
;WIDTH:0.45
G1 X71.474 Y114.209 E3.11347
G1 X72.456 Y113.881 E3.16327
;WIDTH:0.493763
G1 X72.559 Y113.87 E3.16882
;WIDTH:0.537526
G1 X72.662 Y113.859 E3.17493
;WIDTH:0.581289
G1 X72.765 Y113.847 E3.18162
;WIDTH:0.585168
G1 X73.227 Y113.696 E3.21319
G1 X73.375 Y113.628 E3.22377
;WIDTH:0.551405
G1 X73.524 Y113.561 E3.23369
;WIDTH:0.517643
G1 X73.672 Y113.494 E3.24287
;WIDTH:0.483881
G1 X74.237 Y113.288 E3.27434
;WIDTH:0.45
G1 X83.528 Y112.117 E3.72474
G1 X83.761 Y112.034 E3.73664
G1 X86.279 Y110.466 E3.87931
G1 X86.372 Y110.394 E3.88497
G1 X86.503 Y110.209 E3.89587
G1 X86.552 Y109.975 E3.90737
G1 X86.552 Y87.483 E4.98916
G1 X88.418 Y85.727 E5.1124
G1 X139.845 Y85.727 E7.58586
G1 X140.085 Y85.675 E7.59767
G1 X140.291 Y85.517 E7.61016
G1 X142.771 Y82.515 E7.79744
G1 X144.111 Y81.286 E7.88489
G1 X147.05 Y81.625 E8.02718
G1 X148.96 Y83.43 E8.15358
G1 X148.74 Y83.954 E8.18091
G1 X147.485 Y86.949 E8.33709
G1 X140.827 Y91.532 E8.72585
G1 X140.713 Y91.703 E8.73573
G1 X140.665 Y91.934 E8.74708
G1 X140.665 Y126.469 E10.40809
G1 X114.357 Y126.469 E11.67341
G1 X114.115 Y126.522 E11.68533
G1 X113.893 Y126.701 E11.69905
G1 X112.548 Y128.511 E11.80751
G1 X112.472 Y128.796 E11.8217
G1 X112.472 Y137.119 E12.22201
G1 X111.362 Y138.742 E12.31658
G1 X108.847 Y138.742 E12.43754
G1 X107.452 Y137.085 E12.54172
G1 X107.451 Y136.074 E12.59035
;WIDTH:0.448022
G1 X107.442 Y135.491 E12.61825
;WIDTH:0.45
G1 X107.452 Y128.796 E12.94026
G1 X107.42 Y128.496 E12.95477
G1 X107.283 Y128.277 E12.96719
G1 X106.258 Y127.252 E13.03691
G1 X105.613 Y126.646 E13.07948
G1 X105.348 Y126.582 E13.09259
G1 X88.621 Y126.582 E13.8971
G1 X88.621 Y117.062 E14.35498
G1 X88.524 Y116.742 E14.37106
G1 X88.311 Y116.55 E14.38485
G1 X88.187 Y116.519 E14.391
G1 X88.187 Y116.519 F7800
G1 X88.042 Y116.869
;TYPE:External perimeter
G1 F1800
G1 X78.85 Y116.869 E14.8331
G1 X78.753 Y116.896 E14.83794
G1 X77.047 Y117.891 E14.93293
G1 X76.559 Y118.2 E14.96071
G1 X75.403 Y120.017 E15.06429
G1 X71.937 Y119.356 E15.234
G1 X70.55 Y117.562 E15.34307
G1 X71.13 Y113.917 E15.52059
G1 X74.152 Y112.91 E15.67379
G1 X83.479 Y111.735 E16.12593
G1 X83.557 Y111.707 E16.12992
G1 X86.106 Y110.115 E16.27446
G1 X86.166 Y109.975 E16.28179
G1 X86.166 Y87.316 E17.37161
G1 X88.265 Y85.341 E17.51023
G1 X139.845 Y85.341 E19.99105
G1 X139.993 Y85.271 E19.99892
G1 X142.49 Y82.248 E20.1875
G1 X143.98 Y80.883 E20.28469
G1 X147.221 Y81.257 E20.44161
G1 X149.419 Y83.333 E20.58703
G1 X149.096 Y84.104 E20.62724
G1 X147.797 Y87.202 E20.78881
G1 X141.104 Y91.8 E21.17936
G1 X141.05 Y91.934 E21.18631
G1 X141.05 Y126.855 E22.86589
G1 X114.342 Y126.855 E24.15045
G1 X114.202 Y126.932 E24.15813
G1 X112.896 Y128.681 E24.26312
G1 X112.858 Y128.796 E24.26895
G1 X112.858 Y137.238 E24.67498
G1 X111.565 Y139.128 E24.78512
G1 X108.668 Y139.128 E24.92446
G1 X107.067 Y137.226 E25.04403
G1 X107.067 Y128.686 E25.45477
G1 X107.01 Y128.55 E25.46186
G1 X105.485 Y127.024 E25.56562
G1 X105.348 Y126.968 E25.57274
G1 X88.235 Y126.968 E26.39582
G1 X88.235 Y117.062 E26.87226
G1 X88.191 Y116.939 E26.87854
G1 X88.097 Y116.895 E26.88353
G1 X87.697 Y116.873 F7800
G1 E24.88353 F2400
G92 E0
G1 X142.691 Y83.191 F7800
G1 E2 F2400
;TYPE:Perimeter
;WIDTH:0.417901
G1 F3600
G1 X143.004 Y82.79 E2.02243
;WIDTH:0.414463
G1 X143.51 Y82.336 E2.05211
G1 E.05211 F2400
G92 E0
G1 X143.51 Y82.336 F7800
G1 X108.167 Y137.317
G1 E2 F2400
;WIDTH:0.474339
G1 F3600
G1 X107.844 Y136.942 E2.02531
G1 E.02531 F2400
G92 E0
G1 X107.844 Y136.942 F7800
G1 X76.006 Y117.668
G1 E2 F2400
;WIDTH:0.461005
G1 F3600
G1 X75.775 Y117.986 E2.01944
G1 E.01944 F2400
G92 E0
G1 X75.775 Y117.986 F7800
G1 X141.995 Y84.548
G1 E2 F2400
;TYPE:Solid infill
;WIDTH:0.496951
G1 F1200
G1 X141.91 Y84.619 E2.00598
;WIDTH:0.456841
G1 X141.282 Y85.306 E2.05154
;WIDTH:0.430611
G1 X140.654 Y85.994 E2.09409
;WIDTH:0.404381
G1 X140.452 Y86.163 E2.10526
G1 X140.244 Y86.173 E2.11409
G1 E.11409 F2400
G92 E0
G1 X140.244 Y86.173 F7800
G1 X88.869 Y86.402
G1 E2 F2400
;WIDTH:0.45
G1 F1200
G1 X87.227 Y88.044 E2.11169
G1 X87.13 Y87.733 E2.12736
;WIDTH:0.404381
G1 X88.635 Y86.273 E2.21628
G1 X88.635 Y86.273 F7800
G1 X89.414 Y86.402
;WIDTH:0.45
G1 F1200
G1 X87.227 Y88.589 E2.36504
G1 X87.227 Y89.134 E2.39125
G1 X89.96 Y86.402 E2.57711
G1 X90.505 Y86.402 E2.60332
G1 X87.227 Y89.68 E2.82629
G1 X87.227 Y90.225 E2.8525
G1 X91.05 Y86.402 E3.11254
G1 X91.596 Y86.402 E3.1388
G1 X87.227 Y90.77 E3.43594
G1 X87.227 Y91.316 E3.4622
G1 X92.141 Y86.402 E3.79644
G1 X92.686 Y86.402 E3.82265
G1 X87.227 Y91.861 E4.19396
G1 X87.227 Y92.406 E4.22017
G1 X93.232 Y86.402 E4.62859
G1 X93.777 Y86.402 E4.6548
G1 X87.227 Y92.952 E5.10032
G1 X87.227 Y93.497 E5.12653
G1 X94.323 Y86.402 E5.60916
G1 X94.868 Y86.402 E5.63537
G1 X87.227 Y94.043 E6.1551
G1 X87.227 Y94.588 E6.18131
G1 X95.413 Y86.402 E6.73811
G1 X95.959 Y86.402 E6.76437
G1 X87.227 Y95.133 E7.35828
G1 X87.227 Y95.679 E7.38454
G1 X96.504 Y86.402 E8.01555
G1 X97.049 Y86.402 E8.04176
G1 X87.227 Y96.224 E8.70984
G1 X87.227 Y96.769 E8.73605
G1 X97.595 Y86.402 E9.44123
G1 X98.14 Y86.402 E9.46744
G1 X87.227 Y97.315 E10.20973
G1 X87.227 Y97.86 E10.23594
G1 X98.685 Y86.402 E11.0153
G1 X99.231 Y86.402 E11.04156
G1 X87.227 Y98.405 E11.85802
G1 X87.227 Y98.951 E11.88428
G1 X99.776 Y86.402 E12.73785
G1 X100.321 Y86.402 E12.76406
G1 X87.227 Y99.496 E13.6547
G1 X87.227 Y100.041 E13.68091
G1 X100.867 Y86.402 E14.60865
G1 X101.412 Y86.402 E14.63486
G1 X87.227 Y100.587 E15.59971
G1 X87.227 Y101.132 E15.62592
G1 X101.957 Y86.402 E16.62784
G1 X102.503 Y86.402 E16.6541
G1 X87.227 Y101.677 E17.69312
G1 X87.227 Y102.223 E17.71938
G1 X103.048 Y86.402 E18.7955
G1 X103.593 Y86.402 E18.82171
G1 X87.227 Y102.768 E19.93491
G1 X87.227 Y103.313 E19.96112
G1 X104.139 Y86.402 E21.11142
G1 X104.684 Y86.402 E21.13763
G1 X87.227 Y103.859 E22.32503
G1 X87.227 Y104.404 E22.35124
G1 X105.229 Y86.402 E23.57571
G1 X105.775 Y86.402 E23.60197
G1 X87.227 Y104.949 E24.86355
G1 X87.227 Y105.495 E24.88981
G1 X106.32 Y86.402 E26.18849
G1 X106.866 Y86.402 E26.21475
G1 X87.227 Y106.04 E27.55054
G1 X87.227 Y106.586 E27.5768
G1 X107.411 Y86.402 E28.94969
G1 X107.956 Y86.402 E28.9759
G1 X87.227 Y107.131 E30.38586
G1 X87.227 Y107.676 E30.41207
G1 X108.502 Y86.402 E31.85914
G1 X109.047 Y86.402 E31.88535
G1 X87.227 Y108.222 E33.36952
G1 X87.227 Y108.767 E33.39573
G1 X109.592 Y86.402 E34.91697
G1 X110.138 Y86.402 E34.94323
G1 X87.227 Y109.312 E36.50157
G1 X87.227 Y109.858 E36.52783
G1 X110.683 Y86.402 E38.12328
G1 X111.228 Y86.402 E38.14949
G1 X87.081 Y110.549 E39.79194
G1 E37.79194 F2400
G92 E0
G1 X87.081 Y110.549 F7800
G1 X79.405 Y113.317
G1 E2 F2400
G1 F1200
G1 X75.284 Y113.836 E2.19977
G1 X75.777 Y114.21 E2.22953
G1 X76.153 Y114.616 E2.25614
G1 X76.507 Y115.231 E2.29027
G1 X76.678 Y115.838 E2.3206
G1 X76.69 Y116.031 E2.3299
G1 X79.269 Y113.453 E2.50529
G1 X79.269 Y113.453 F7800
G1 X80.029 Y113.238
G1 F1200
G1 X76.699 Y116.568 E2.73179
;WIDTH:0.460161
G1 X76.684 Y116.885 E2.74746
G1 X76.601 Y116.862 E2.75171
G1 X76.623 Y116.945 E2.75595
G1 X76.671 Y116.932 E2.7584
;WIDTH:0.45
G1 X77.29 Y116.523 E2.79408
G1 X80.653 Y113.16 E3.02283
G1 X81.277 Y113.081 E3.05308
G1 X78.497 Y115.861 E3.24217
G1 X78.265 Y116.037 E3.25618
;WIDTH:0.404381
G1 X78.194 Y116.018 E3.2593
G1 X78.213 Y116.089 E3.26242
G1 X78.254 Y116.078 E3.26422
G1 X78.254 Y116.078 F7800
G1 X79.085 Y115.818
;WIDTH:0.45
G1 F1200
G1 X81.901 Y113.002 E3.45576
G1 X82.525 Y112.924 E3.48601
G1 X79.631 Y115.817 E3.68282
G1 X80.177 Y115.817 E3.70908
G1 X83.149 Y112.845 E3.91123
G1 X83.149 Y112.845 F7800
G1 X84.11 Y112.538
;WIDTH:0.404381
G1 F1200
G1 X84.039 Y112.519 E3.91435
G1 X84.058 Y112.59 E3.91747
G1 X84.099 Y112.579 E3.91927
;WIDTH:0.45
G1 X83.796 Y112.743 E3.93584
G1 X80.723 Y115.816 E4.14486
G1 X81.269 Y115.816 E4.17112
G1 X85.071 Y112.014 E4.42973
G1 X85.374 Y111.827 E4.44686
;WIDTH:0.404381
G1 X85.333 Y111.838 E4.44866
G1 X85.314 Y111.767 E4.45178
G1 X85.385 Y111.786 E4.4549
G1 X85.385 Y111.786 F7800
G1 X86.517 Y111.113
;WIDTH:0.45
G1 F1200
G1 X81.815 Y115.815 E4.77472
G1 X82.118 Y115.958 E4.79083
;WIDTH:0.404381
G1 X82.077 Y115.969 E4.79263
G1 X82.058 Y115.898 E4.79575
G1 X82.129 Y115.917 E4.79887
;WIDTH:0.45
G1 X82.361 Y115.814 E4.81108
G1 X111.774 Y86.402 E6.81168
G1 X112.319 Y86.402 E6.83789
G1 X82.907 Y115.814 E8.83846
G1 X83.452 Y115.813 E8.86467
G1 X112.864 Y86.402 E10.8652
G1 X113.41 Y86.402 E10.89146
G1 X83.998 Y115.813 E12.89199
G1 X84.544 Y115.812 E12.91825
G1 X113.955 Y86.402 E14.91872
G1 X114.5 Y86.402 E14.94493
G1 X85.09 Y115.812 E16.94536
G1 X85.636 Y115.811 E16.97162
G1 X115.046 Y86.402 E18.97202
G1 X115.591 Y86.402 E18.99823
G1 X86.182 Y115.811 E20.99859
G1 X86.728 Y115.81 E21.02485
G1 X116.136 Y86.402 E23.02515
G1 X116.682 Y86.402 E23.05141
G1 X87.274 Y115.81 E25.05171
G1 X87.819 Y115.809 E25.07792
G1 X117.227 Y86.402 E27.07818
G1 X117.772 Y86.402 E27.10439
G1 X88.329 Y115.845 E29.10707
G1 X88.713 Y116.006 E29.1271
G1 X118.318 Y86.402 E31.14076
G1 X118.863 Y86.402 E31.16697
G1 X89.003 Y116.262 E33.19801
G1 X89.203 Y116.607 E33.21719
G1 X119.409 Y86.402 E35.27173
G1 X119.954 Y86.402 E35.29794
G1 X89.169 Y117.193 E37.3921
;WIDTH:0.404381
G1 X89.097 Y117.174 E37.39526
G1 X89.117 Y117.245 E37.39839
G1 X89.158 Y117.234 E37.40019
;WIDTH:0.45
G1 X89.292 Y117.608 E37.4193
G1 X120.499 Y86.402 E39.54193
G1 X121.045 Y86.402 E39.56819
G1 X89.293 Y118.154 E41.72792
G1 X89.293 Y118.699 E41.75413
G1 X121.59 Y86.402 E43.95093
G1 X122.135 Y86.402 E43.97714
G1 X89.293 Y119.244 E46.21101
G1 X89.293 Y119.789 E46.23722
G1 X122.681 Y86.402 E48.5082
G1 X123.226 Y86.402 E48.53441
G1 X89.293 Y120.334 E50.84246
G1 X89.294 Y120.879 E50.86867
G1 X123.771 Y86.402 E53.21375
G1 X124.317 Y86.402 E53.24001
G1 X89.294 Y121.424 E55.6222
G1 X89.294 Y121.97 E55.64846
G1 X124.862 Y86.402 E58.06775
G1 X125.407 Y86.402 E58.09396
G1 X89.294 Y122.515 E60.55032
G1 X89.294 Y123.06 E60.57653
G1 X125.953 Y86.402 E63.07
G1 X126.498 Y86.402 E63.09621
G1 X89.295 Y123.605 E65.62671
G1 X89.295 Y124.15 E65.65292
G1 X127.043 Y86.402 E68.22049
G1 X127.589 Y86.402 E68.24675
G1 X89.295 Y124.695 E70.85143
G1 X89.295 Y125.24 E70.87764
G1 X128.134 Y86.402 E73.51939
G1 X128.679 Y86.402 E73.5456
G1 X89.295 Y125.786 E76.22445
G1 X89.227 Y126.006 E76.23553
;WIDTH:0.404381
G1 X89.156 Y125.987 E76.23865
G1 X89.175 Y126.058 E76.24177
G1 X89.216 Y126.047 E76.24357
;WIDTH:0.45
G1 X89.719 Y125.907 E76.26868
G1 X129.225 Y86.402 E78.9558
G1 X129.77 Y86.402 E78.98201
G1 X90.264 Y125.907 E81.66913
G1 X90.81 Y125.907 E81.69539
G1 X130.315 Y86.402 E84.38247
G1 X130.861 Y86.402 E84.40873
G1 X91.355 Y125.907 E87.09585
G1 X91.9 Y125.907 E87.12206
G1 X131.406 Y86.402 E89.80918
G1 X131.952 Y86.402 E89.83544
G1 X92.446 Y125.907 E92.52256
G1 X92.991 Y125.907 E92.54877
G1 X132.497 Y86.402 E95.23589
G1 X133.042 Y86.402 E95.2621
G1 X93.536 Y125.907 E97.94922
G1 X94.082 Y125.907 E97.97548
G1 X133.588 Y86.402 E100.6626
G1 X134.133 Y86.402 E100.68881
G1 X94.627 Y125.907 E103.37593
G1 X95.172 Y125.907 E103.40214
G1 X134.678 Y86.402 E106.08926
G1 X135.224 Y86.402 E106.11552
G1 X95.718 Y125.907 E108.80264
G1 X96.263 Y125.907 E108.82885
G1 X135.769 Y86.402 E111.51597
G1 X136.314 Y86.402 E111.54218
G1 X96.809 Y125.907 E114.22926
G1 X97.354 Y125.907 E114.25547
G1 X136.86 Y86.402 E116.94259
G1 X137.405 Y86.402 E116.9688
G1 X97.899 Y125.907 E119.65592
G1 X98.445 Y125.907 E119.68218
G1 X137.95 Y86.402 E122.36926
G1 X138.496 Y86.402 E122.39552
G1 X98.99 Y125.907 E125.08264
G1 X99.535 Y125.907 E125.10885
G1 X139.041 Y86.402 E127.79597
G1 X139.586 Y86.402 E127.82218
G1 X100.081 Y125.907 E130.50926
G1 X100.626 Y125.907 E130.53547
G1 X140.179 Y86.354 E133.22582
G1 E131.22582 F2400
G92 E0
G1 X140.179 Y86.354 F7800
G1 X142.048 Y85.03
G1 E2 F2400
G1 F1200
G1 X101.171 Y125.907 E4.7804
G1 X101.717 Y125.907 E4.80666
G1 X142.16 Y85.464 E7.55754
G1 X142.308 Y85.861 E7.57792
G1 X102.262 Y125.907 E10.3018
G1 X102.807 Y125.907 E10.32801
G1 X142.506 Y86.208 E13.02829
G1 X142.744 Y86.516 E13.04701
G1 X103.353 Y125.907 E15.72634
G1 X103.898 Y125.907 E15.75255
G1 X143.018 Y86.787 E18.41344
G1 X143.318 Y87.032 E18.43207
G1 X104.443 Y125.907 E21.0763
G1 X104.989 Y125.907 E21.10256
G1 X143.665 Y87.231 E23.73325
G1 X144.048 Y87.394 E23.75327
G1 X140.556 Y90.885 E23.99076
G1 X140.284 Y90.974 E24.00452
;WIDTH:0.404381
G1 X140.416 Y91.148 E24.01378
;WIDTH:0.45
G1 X140.194 Y91.247 E24.02547
G1 X105.513 Y125.928 E26.38443
G1 X105.931 Y126.055 E26.40544
G1 X139.998 Y91.988 E28.72264
G1 X139.998 Y92.534 E28.7489
G1 X106.246 Y126.286 E31.04467
G1 X106.519 Y126.559 E31.06324
G1 X139.998 Y93.079 E33.34047
G1 X139.998 Y93.625 E33.36673
G1 X106.792 Y126.831 E35.62536
G1 X107.064 Y127.104 E35.6439
G1 X139.998 Y94.17 E37.88403
G1 X139.998 Y94.716 E37.91029
G1 X107.337 Y127.377 E40.13185
G1 X107.61 Y127.649 E40.15039
G1 X139.998 Y95.261 E42.35338
G1 X139.997 Y95.807 E42.37964
G1 X107.871 Y127.933 E44.56481
G1 X108.061 Y128.288 E44.58418
G1 X139.997 Y96.352 E46.75643
G1 X139.997 Y96.898 E46.78269
G1 X108.127 Y128.768 E48.95045
G1 X108.127 Y129.313 E48.97666
G1 X139.997 Y97.443 E51.14442
G1 X139.997 Y97.989 E51.17068
G1 X108.127 Y129.858 E53.3384
G1 X108.127 Y130.404 E53.36466
G1 X139.997 Y98.534 E55.53242
G1 X139.997 Y99.08 E55.55868
G1 X108.127 Y130.949 E57.7264
G1 X108.127 Y130.949 F7800
G1 X108.055 Y131.756
;WIDTH:0.404381
G1 F1200
G1 X107.984 Y131.737 E57.72952
G1 X108.003 Y131.808 E57.73264
G1 X108.044 Y131.797 E57.73444
;WIDTH:0.45
G1 X108.127 Y131.495 E57.7495
G1 X139.996 Y99.625 E59.91722
G1 X139.996 Y100.171 E59.94348
G1 X114.373 Y125.794 E61.68632
G1 X114.141 Y125.926 E61.69916
;WIDTH:0.404381
G1 X114.07 Y125.907 E61.70228
G1 X114.089 Y125.978 E61.7054
G1 X114.13 Y125.967 E61.7072
G1 X114.13 Y125.967 F7800
G1 X114.918 Y125.794
;WIDTH:0.45
G1 F1200
G1 X139.996 Y100.716 E63.41297
G1 X139.996 Y101.262 E63.43923
G1 X115.464 Y125.794 E65.10787
G1 X116.009 Y125.794 E65.13408
G1 X139.996 Y101.807 E66.76565
G1 X139.996 Y102.353 E66.79191
G1 X116.554 Y125.794 E68.38637
G1 X117.1 Y125.794 E68.41263
G1 X139.996 Y102.898 E69.96999
G1 X139.995 Y103.444 E69.99625
G1 X117.645 Y125.794 E71.51647
G1 X118.19 Y125.794 E71.54268
G1 X139.995 Y103.989 E73.02583
G1 X139.995 Y104.535 E73.05209
G1 X118.736 Y125.794 E74.4981
G1 X119.281 Y125.794 E74.52431
G1 X139.995 Y105.08 E75.93325
G1 X139.995 Y105.626 E75.95951
G1 X119.826 Y125.794 E77.33135
G1 X120.372 Y125.794 E77.35761
G1 X139.995 Y106.171 E78.69234
G1 X139.995 Y106.717 E78.7186
G1 X120.917 Y125.794 E80.01623
G1 X121.462 Y125.794 E80.04244
G1 X139.995 Y107.262 E81.303
G1 X139.994 Y107.807 E81.32921
G1 X122.008 Y125.794 E82.55263
G1 X122.553 Y125.794 E82.57884
G1 X139.994 Y108.353 E83.76516
G1 X139.994 Y108.898 E83.79137
G1 X123.098 Y125.794 E84.94061
G1 X123.644 Y125.794 E84.96687
G1 X139.994 Y109.444 E86.07898
G1 X139.994 Y109.989 E86.10519
G1 X124.189 Y125.794 E87.18023
G1 X124.734 Y125.794 E87.20644
G1 X139.994 Y110.535 E88.24437
G1 X139.994 Y111.08 E88.27058
G1 X125.28 Y125.794 E89.27141
G1 X125.825 Y125.794 E89.29762
G1 X139.993 Y111.626 E90.26131
G1 X139.993 Y112.171 E90.28752
G1 X126.37 Y125.794 E91.21414
G1 X126.916 Y125.794 E91.2404
G1 X139.993 Y112.717 E92.12988
G1 X139.993 Y113.262 E92.15609
G1 X127.461 Y125.794 E93.0085
G1 X128.006 Y125.794 E93.03471
G1 X139.993 Y113.808 E93.85002
G1 X139.993 Y114.353 E93.87623
G1 X128.552 Y125.794 E94.65443
G1 X129.097 Y125.794 E94.68064
G1 X139.993 Y114.899 E95.42174
G1 X139.992 Y115.444 E95.44795
G1 X129.643 Y125.794 E96.15191
G1 X130.188 Y125.794 E96.17812
G1 X139.992 Y115.99 E96.84498
G1 X139.992 Y116.535 E96.87119
G1 X130.733 Y125.794 E97.50098
G1 X131.279 Y125.794 E97.52724
G1 X139.992 Y117.081 E98.11989
G1 X139.992 Y117.626 E98.1461
G1 X131.824 Y125.794 E98.70168
G1 X132.369 Y125.794 E98.72789
G1 X139.992 Y118.172 E99.24636
G1 X139.992 Y118.717 E99.27257
G1 X132.915 Y125.794 E99.75394
G1 X133.46 Y125.794 E99.78015
G1 X139.991 Y119.263 E100.22438
G1 X139.991 Y119.808 E100.25059
G1 X134.005 Y125.794 E100.65775
G1 X134.551 Y125.794 E100.68401
G1 X139.991 Y120.354 E101.05403
G1 X139.991 Y120.899 E101.08024
G1 X135.096 Y125.794 E101.41319
G1 X135.641 Y125.794 E101.4394
G1 X139.991 Y121.445 E101.73525
G1 X139.991 Y121.99 E101.76146
G1 X136.187 Y125.794 E102.0202
G1 X136.732 Y125.794 E102.04641
G1 X139.991 Y122.536 E102.26805
G1 X139.991 Y123.081 E102.29426
G1 X137.277 Y125.794 E102.47883
G1 X137.823 Y125.794 E102.50509
G1 X139.99 Y123.627 E102.65249
G1 X139.99 Y124.172 E102.6787
G1 X138.368 Y125.794 E102.78903
G1 X138.913 Y125.794 E102.81524
G1 X139.99 Y124.718 E102.88846
G1 X139.99 Y125.263 E102.91467
G1 X139.459 Y125.794 E102.95079
G1 X139.352 Y125.948 E102.95981
;WIDTH:0.404381
G1 X139.281 Y125.929 E102.96293
G1 X139.3 Y126 E102.96605
G1 X139.341 Y125.989 E102.96785
G1 E100.96785 F2400
G92 E0
G1 X139.341 Y125.989 F7800
G1 X113.123 Y126.843
G1 E2 F2400
G1 F1200
G1 X112.172 Y127.942 E2.06163
;WIDTH:0.45
G1 X111.952 Y128.215 E2.07849
G1 X108.127 Y132.04 E2.33866
G1 X108.127 Y132.585 E2.36487
G1 X111.798 Y128.915 E2.61453
G1 X111.798 Y129.46 E2.64074
G1 X108.127 Y133.131 E2.89044
;WIDTH:0.471231
G1 X108.187 Y133.483 E2.90856
G1 X108.151 Y133.447 E2.91114
G1 X108.102 Y133.46 E2.91371
G1 X108.089 Y133.509 E2.91628
G1 X108.125 Y133.545 E2.91886
G1 X108.174 Y133.532 E2.92143
;WIDTH:0.45
G1 X108.599 Y133.204 E2.94725
G1 X111.798 Y130.005 E3.16484
G1 X111.798 Y130.551 E3.1911
G1 X109.388 Y132.961 E3.35503
G1 X109.606 Y132.922 E3.36568
G1 X110.133 Y132.942 E3.39105
G1 X110.646 Y133.065 E3.41642
G1 X111.125 Y133.288 E3.44183
G1 X111.551 Y133.603 E3.46731
G1 X111.78 Y133.834 E3.48295
G1 X111.798 Y132.945 E3.52572
G1 X111.798 Y130.744 E3.63158
G1 X111.798 Y130.744 F7800
G1 X111.412 Y131.482
G1 F1200
G1 X110.307 Y132.586 E3.70671
G1 X110.807 Y132.715 E3.73155
G1 X111.412 Y133.02 E3.76414
G1 X111.412 Y131.675 E3.82883
G1 E1.82883 F2400
G92 E0
G1 X111.412 Y131.675 F7800
G1 X78.336 Y113.84
G1 E2 F2400
G1 F1200
G1 X76.211 Y114.108 E2.10301
G1 X76.514 Y114.461 E2.12538
G1 X76.843 Y115.041 E2.15745
G1 X76.92 Y115.256 E2.16843
G1 X78.2 Y113.976 E2.25549
G1 X78.2 Y113.976 F7800
G1 X77.117 Y114.452
;WIDTH:0.605997
G1 F1200
G1 X77.069 Y114.404 E2.26008
G1 X77.004 Y114.421 E2.26462
G1 X76.986 Y114.487 E2.26924
G1 X77.034 Y114.535 E2.27383
G1 X77.099 Y114.517 E2.27839
G1 E.27839 F2400
G92 E0
G1 X77.099 Y114.517 F7800
G1 X142.036 Y89.964
G1 E2 F2400
;WIDTH:0.404381
G1 F1200
G1 X141.995 Y89.975 E2.0018
G1 X141.976 Y89.904 E2.00492
G1 X142.047 Y89.923 E2.00804
;WIDTH:0.45
G1 X144.483 Y87.504 E2.17316
G1 X144.983 Y87.549 E2.19731
G1 X143.769 Y88.746 E2.27931
;WIDTH:0.404381
G1 X143.698 Y88.727 E2.28243
G1 X143.717 Y88.798 E2.28555
G1 X143.758 Y88.787 E2.28735
G1 E.28735 F2400
G92 E0
G1 X143.758 Y88.787 F7800
G1 X147.667 Y83.141
G1 E2 F2400
;WIDTH:0.405397
G1 F1200
G1 X147.634 Y83.197 E2.00276
G1 X147.813 Y83.687 E2.02495
G1 X147.912 Y84.075 E2.04198
G1 X147.945 Y84.079 E2.04339
G1 X147.993 Y84.05 E2.04578
G1 X148.182 Y83.598 E2.06662
G1 X147.811 Y83.269 E2.08771
M106 S255
;LAYER_CHANGE
;Z:0.95
;HEIGHT:0.3
 ; After First Layer

G1 Z.95 F7800
G1 E.08771 F2400
G1 Z.95 F7800
G1 X144.893 Y81.816
G1 E2.08771 F2400
;TYPE:Perimeter
;WIDTH:0.552623
G1 F900
G1 X144.793 Y81.849 E2.09412
;WIDTH:0.511552
G1 X144.694 Y81.881 E2.09992
;WIDTH:0.470482
G1 X144.594 Y81.914 E2.10525
;WIDTH:0.429412
G1 X144.494 Y81.947 E2.11004
;WIDTH:0.388342
G1 X143.985 Y82.098 E2.13149
;WIDTH:0.414463
G1 X143.51 Y82.336 E2.15469
G1 X143.757 Y82.094 E2.16979
;WIDTH:0.391756
G1 X144.231 Y81.657 E2.19611
;WIDTH:0.388342
G1 X144.493 Y81.687 E2.20677
;WIDTH:0.429412
G1 X144.593 Y81.719 E2.21155
;WIDTH:0.470482
G1 X144.693 Y81.752 E2.21688
;WIDTH:0.511552
G1 X144.793 Y81.784 E2.22274
;WIDTH:0.552623
G1 X144.836 Y81.798 E2.22549
G1 E.22549 F2400
G92 E0
G1 X144.836 Y81.798 F7800
G1 X147.359 Y86.036
G1 E2 F2400
;WIDTH:0.617167
G1 F3600
G1 X147.339 Y86.143 E2.00751
;WIDTH:0.569895
G1 X147.32 Y86.251 E2.01442
;WIDTH:0.522624
G1 X147.3 Y86.359 E2.0207
;WIDTH:0.475352
G1 X147.281 Y86.466 E2.02627
;WIDTH:0.428081
G1 X147.203 Y86.653 E2.03546
G1 X146.842 Y86.949 E2.05664
;WIDTH:0.416722
G1 X146.372 Y87.265 E2.08153
;WIDTH:0.45
G1 X145.891 Y87.575 E2.10905
G1 X141.28 Y90.739 E2.37801
G1 X140.549 Y91.265 E2.42132
G1 X140.359 Y91.549 E2.43775
G1 X140.279 Y91.934 E2.45666
G1 X140.279 Y126.083 E4.09911
G1 X114.211 Y126.094 E5.35289
G1 X113.858 Y126.223 E5.37097
G1 X113.584 Y126.471 E5.38874
G1 X112.278 Y128.219 E5.49369
G1 X112.152 Y128.447 E5.50622
G1 X112.087 Y128.796 E5.52329
G1 X112.095 Y135.194 E5.83101
G1 X111.984 Y134.738 E5.85358
G1 X111.776 Y134.316 E5.87621
G1 X111.488 Y133.944 E5.89884
G1 X111.133 Y133.636 E5.92144
G1 X110.723 Y133.405 E5.94407
G1 X110.276 Y133.259 E5.96669
G1 X109.809 Y133.205 E5.9893
G1 X109.341 Y133.244 E6.01189
G1 X108.637 Y133.502 E6.04795
G1 X108.193 Y133.81 E6.07394
G1 X107.838 Y134.214 E6.09981
G1 X107.838 Y128.796 E6.3604
G1 X107.823 Y128.52 E6.37369
G1 X107.729 Y128.241 E6.38785
G1 X107.556 Y128.004 E6.40196
G1 X105.97 Y126.423 E6.50967
G1 X105.705 Y126.265 E6.52451
G1 X105.348 Y126.197 E6.54199
G1 X89.006 Y126.197 E7.32798
G1 X89.003 Y116.988 E7.7709
G1 X88.899 Y116.621 E7.78925
G1 X88.691 Y116.349 E7.80572
G1 X88.375 Y116.158 E7.82348
G1 X88.042 Y116.098 E7.83975
G1 X78.73 Y116.106 E8.28763
G1 X78.364 Y116.23 E8.30622
G1 X76.236 Y117.472 E8.42473
;WIDTH:0.447319
G1 X76.006 Y117.668 E8.43916
;WIDTH:0.445883
G1 X76.138 Y117.441 E8.45165
;WIDTH:0.45
G1 X76.334 Y116.947 E8.47721
G1 X76.426 Y116.388 E8.50446
G1 X76.396 Y115.893 E8.52831
G1 X76.268 Y115.414 E8.55216
G1 X76.048 Y114.97 E8.57599
G1 X75.744 Y114.578 E8.59985
G1 X75.369 Y114.254 E8.62369
G1 X74.936 Y114.011 E8.64757
G1 X74.465 Y113.859 E8.67137
G1 X73.972 Y113.803 E8.69523
G1 X74.323 Y113.665 E8.71337
G1 X83.576 Y112.5 E9.16192
G1 X83.965 Y112.362 E9.18177
G1 X86.483 Y110.793 E9.32446
G1 X86.741 Y110.558 E9.34124
G1 X86.885 Y110.29 E9.35587
G1 X86.938 Y109.975 E9.37123
G1 X86.938 Y87.65 E10.44498
G1 X88.571 Y86.112 E10.55287
G1 X139.139 Y86.112 E12.98502
G1 X140.082 Y86.083 E13.0304
G1 X140.314 Y85.991 E13.0424
G1 X140.588 Y85.762 E13.05958
G1 X142.313 Y83.674 E13.18984
G1 X142.691 Y83.191 E13.21934
G1 X142.497 Y83.553 E13.23909
G1 X142.346 Y84.068 E13.2649
G1 X142.3 Y84.585 E13.28986
G1 X142.338 Y85.024 E13.31105
G1 X142.476 Y85.523 E13.33595
G1 X142.715 Y86.004 E13.36178
G1 X143.067 Y86.451 E13.38914
G1 X143.453 Y86.777 E13.41344
G1 X143.922 Y87.038 E13.43925
G1 X144.434 Y87.202 E13.46511
G1 X144.967 Y87.261 E13.4909
G1 X145.502 Y87.214 E13.51673
G1 X146.015 Y87.054 E13.54258
;WIDTH:0.435578
G1 X146.48 Y86.789 E13.56736
;WIDTH:0.428081
G1 X146.912 Y86.448 E13.59233
;WIDTH:0.475352
G1 X147.024 Y86.345 E13.60013
;WIDTH:0.522624
G1 X147.135 Y86.242 E13.60878
;WIDTH:0.569895
G1 X147.247 Y86.139 E13.61837
;WIDTH:0.617167
G1 X147.315 Y86.077 E13.62471
G1 E11.62471 F2400
G92 E0
G1 X147.315 Y86.077 F7800
G1 X146.923 Y82.66
G1 E2 F2400
;WIDTH:0.51226
G1 F900
G1 X146.822 Y82.553 E2.00822
;WIDTH:0.500527
G1 X146.389 Y82.226 E2.03774
;WIDTH:0.546003
G1 X146.15 Y82.09 E2.05426
;WIDTH:0.591479
G1 X145.911 Y81.953 E2.07237
G1 X146.121 Y81.953 E2.08618
;WIDTH:0.543609
G1 X146.867 Y82.018 E2.13094
;WIDTH:0.500527
G1 X147.174 Y82.299 E2.15358
;WIDTH:0.517381
G1 X147.568 Y82.691 E2.18498
G1 X147.768 Y82.857 E2.19967
;WIDTH:0.48369
G1 X147.969 Y83.024 E2.21334
;WIDTH:0.45
G1 X148.502 Y83.527 E2.24859
G1 X148.385 Y83.805 E2.2631
G1 X147.994 Y84.738 E2.31176
;WIDTH:0.493163
G1 X147.922 Y84.853 E2.31902
;WIDTH:0.536326
G1 X147.85 Y84.968 E2.32701
;WIDTH:0.579489
G1 X147.779 Y85.083 E2.33569
;WIDTH:0.622653
G1 X147.707 Y85.198 E2.34514
G1 X147.704 Y85.104 E2.35169
;WIDTH:0.581346
G1 X147.702 Y85.009 E2.35782
;WIDTH:0.54004
G1 X147.696 Y84.739 E2.37384
;WIDTH:0.49502
G1 X147.691 Y84.469 E2.38834
;WIDTH:0.45
G1 X147.619 Y83.937 E2.41416
G1 X147.442 Y83.43 E2.43999
;WIDTH:0.48113
G1 X147.317 Y83.188 E2.45415
;WIDTH:0.51226
G1 X147.193 Y82.947 E2.46929
G1 X146.964 Y82.704 E2.48794
G1 X146.964 Y82.704 F7800
G1 X146.605 Y82.911
;WIDTH:0.45
G1 F900
G1 X146.651 Y82.95 E2.49084
G1 X146.938 Y83.31 E2.51298
G1 X147.148 Y83.72 E2.53514
G1 X147.273 Y84.163 E2.55728
G1 X147.307 Y84.622 E2.57942
G1 X147.253 Y85.068 E2.60103
G1 X147.142 Y85.425 E2.61901
G1 X146.938 Y85.819 E2.64035
G1 X146.651 Y86.179 E2.66249
G1 X146.299 Y86.475 E2.68461
G1 X145.894 Y86.695 E2.70678
G1 X145.454 Y86.831 E2.72893
G1 X144.996 Y86.877 E2.75107
G1 X144.538 Y86.831 E2.77321
G1 X144.098 Y86.695 E2.79536
G1 X143.694 Y86.475 E2.81749
G1 X143.341 Y86.179 E2.83965
G1 X143.033 Y85.78 E2.86389
G1 X142.844 Y85.409 E2.88392
G1 X142.721 Y84.978 E2.90548
G1 X142.685 Y84.606 E2.92346
G1 X142.719 Y84.163 E2.94483
G1 X142.844 Y83.72 E2.96697
G1 X143.054 Y83.31 E2.98913
G1 X143.341 Y82.951 E3.01124
G1 X143.694 Y82.655 E3.0334
G1 X144.098 Y82.434 E3.05555
G1 X144.538 Y82.299 E3.07769
G1 X144.996 Y82.253 E3.09983
G1 X145.454 Y82.299 E3.12197
G1 X145.894 Y82.434 E3.14411
G1 X146.378 Y82.718 E3.1711
G1 X146.56 Y82.873 E3.1826
G1 X146.56 Y82.873 F7800
G1 X146.356 Y83.198
;TYPE:External perimeter
G1 F900
G1 X146.6 Y83.495 E3.20109
G1 X146.829 Y83.992 E3.22741
G1 X146.889 Y84.202 E3.23791
G1 X146.924 Y84.584 E3.25636
G1 X146.883 Y84.962 E3.27465
G1 X146.795 Y85.256 E3.28941
G1 X146.631 Y85.586 E3.30713
G1 X146.396 Y85.89 E3.32561
G1 X146.106 Y86.141 E3.34406
G1 X145.771 Y86.33 E3.36256
G1 X145.406 Y86.448 E3.38101
G1 X145.025 Y86.492 E3.39946
G1 X144.643 Y86.46 E3.4179
G1 X144.274 Y86.352 E3.43639
G1 X143.934 Y86.174 E3.45485
G1 X143.637 Y85.931 E3.47331
G1 X143.372 Y85.596 E3.49385
G1 X143.213 Y85.296 E3.51018
G1 X143.104 Y84.932 E3.52846
G1 X143.07 Y84.626 E3.54327
G1 X143.093 Y84.258 E3.561
G1 X143.191 Y83.887 E3.57946
G1 X143.361 Y83.543 E3.59792
G1 X143.596 Y83.24 E3.61636
G1 X143.887 Y82.989 E3.63484
G1 X144.221 Y82.8 E3.6533
G1 X144.586 Y82.681 E3.67176
G1 X144.967 Y82.637 E3.69021
G1 X145.35 Y82.67 E3.7087
G1 X145.718 Y82.777 E3.72713
G1 X146.137 Y83.019 E3.7504
G1 X146.309 Y83.16 E3.7611
G1 X146.569 Y83.465 F7800
G1 E1.7611 F2400
G92 E0
G1 X144.893 Y81.816 F7800
G1 E2 F2400
;TYPE:Perimeter
;WIDTH:0.552623
G1 F3600
G1 X145.412 Y81.861 E2.03172
;WIDTH:0.55749
G1 X145.661 Y81.907 E2.04729
;WIDTH:0.591479
G1 X145.911 Y81.953 E2.064
G1 E.064 F2400
G92 E0
G1 X145.911 Y81.953 F7800
G1 X147.707 Y85.198
G1 E2 F2400
;WIDTH:0.622653
G1 F3600
G1 X147.413 Y85.924 E2.05454
;WIDTH:0.617167
G1 X147.359 Y86.036 E2.06311
G1 E.06311 F2400
G92 E0
G1 X147.359 Y86.036 F7800
G1 X112.09 Y136.01
G1 E2 F2400
;WIDTH:0.442635
G1 F900
G1 X112.094 Y136.41 E2.01887
;WIDTH:0.435979
G1 X112.094 Y136.945 E2.04367
G1 X112.025 Y137.104 E2.0517
;WIDTH:0.460414
G1 X111.82 Y137.38 E2.06868
;WIDTH:0.4858
G1 X111.616 Y137.655 E2.08668
;WIDTH:0.527439
G1 X111.45 Y137.862 E2.102
;WIDTH:0.569079
G1 X111.283 Y138.069 E2.11874
;WIDTH:0.610719
G1 X111.116 Y138.276 E2.13686
G1 X110.753 Y138.299 E2.16165
;WIDTH:0.565219
G1 X110.493 Y138.317 E2.17793
;WIDTH:0.528787
G1 X110.233 Y138.335 E2.19303
;WIDTH:0.492355
G1 X109.719 Y138.345 E2.22047
;WIDTH:0.511136
G1 X109.041 Y138.326 E2.25826
G1 X108.167 Y137.317 E2.33264
;WIDTH:0.502287
G1 X108.395 Y137.517 E2.34921
;WIDTH:0.511136
G1 X108.807 Y137.755 E2.37572
G1 X109.206 Y137.887 E2.39914
G1 X109.734 Y137.938 E2.4287
;WIDTH:0.496753
G1 X110.254 Y137.904 E2.4568
;WIDTH:0.534741
G1 X110.45 Y137.857 E2.46862
;WIDTH:0.57273
G1 X110.647 Y137.809 E2.48148
;WIDTH:0.610719
G1 X110.843 Y137.762 E2.49521
G1 X110.968 Y137.669 E2.50583
;WIDTH:0.574372
G1 X111.093 Y137.576 E2.51574
;WIDTH:0.538026
G1 X111.355 Y137.301 E2.53818
;WIDTH:0.490803
G1 X111.617 Y137.025 E2.55842
;WIDTH:0.443581
G1 X111.903 Y136.568 E2.58392
;WIDTH:0.442635
G1 X112.071 Y136.066 E2.60889
G1 E.60889 F2400
G92 E0
G1 X112.071 Y136.066 F7800
G1 X110.111 Y133.624
G1 E2 F2400
;WIDTH:0.45
G1 F900
G1 X110.172 Y133.63 E2.00295
G1 X110.547 Y133.748 E2.02186
G1 X110.892 Y133.938 E2.0408
G1 X111.193 Y134.192 E2.05974
G1 X111.437 Y134.501 E2.07868
G1 X111.615 Y134.852 E2.09761
G1 X111.72 Y135.231 E2.11653
G1 X111.748 Y135.624 E2.13548
G1 X111.697 Y136.014 E2.1544
G1 X111.57 Y136.387 E2.17335
G1 X111.343 Y136.758 E2.19427
G1 X110.879 Y137.204 E2.22522
G1 X110.532 Y137.391 E2.24418
G1 X110.156 Y137.505 E2.26308
G1 X109.764 Y137.543 E2.28202
G1 X109.318 Y137.487 E2.30364
G1 X108.997 Y137.384 E2.31985
G1 X108.652 Y137.195 E2.33877
G1 X108.351 Y136.94 E2.35774
G1 X108.107 Y136.632 E2.37664
G1 X107.929 Y136.281 E2.39557
;WIDTH:0.449868
G1 X107.827 Y135.901 E2.41449
;WIDTH:0.443507
G1 X107.827 Y135.231 E2.44617
;WIDTH:0.45
G1 X107.974 Y134.746 E2.47054
G1 X108.172 Y134.406 E2.48946
G1 X108.434 Y134.112 E2.5084
G1 X108.787 Y133.857 E2.52934
G1 X109.389 Y133.627 E2.56034
G1 X109.78 Y133.59 E2.57923
G1 X110.051 Y133.618 E2.59233
G1 X110.051 Y133.618 F7800
G1 X110.067 Y134.002
;TYPE:External perimeter
G1 F900
G1 X110.372 Y134.091 E2.60761
G1 X110.652 Y134.239 E2.62284
G1 X110.897 Y134.44 E2.63808
G1 X111.098 Y134.685 E2.65332
G1 X111.247 Y134.965 E2.66858
G1 X111.336 Y135.27 E2.68386
G1 X111.364 Y135.585 E2.69907
G1 X111.329 Y135.9 E2.71431
G1 X111.232 Y136.202 E2.72957
G1 X111.067 Y136.489 E2.74549
G1 X110.686 Y136.87 E2.77141
G1 X110.409 Y137.025 E2.78668
G1 X110.108 Y137.123 E2.80191
G1 X109.793 Y137.158 E2.81715
G1 X109.423 Y137.116 E2.83506
G1 X109.173 Y137.041 E2.84761
G1 X108.892 Y136.893 E2.86289
G1 X108.647 Y136.693 E2.8781
G1 X108.446 Y136.447 E2.89338
G1 X108.297 Y136.167 E2.90864
G1 X108.208 Y135.863 E2.92388
G1 X108.18 Y135.547 E2.93914
G1 X108.215 Y135.232 E2.95438
G1 X108.312 Y134.93 E2.96964
G1 X108.467 Y134.653 E2.98491
G1 X108.674 Y134.413 E3.00015
G1 X108.937 Y134.212 E3.01607
G1 X109.437 Y134.01 E3.04201
G1 X109.752 Y133.974 E3.05726
G1 X110.008 Y133.996 E3.06962
G1 X110.39 Y134.113 F7800
G1 E1.06962 F2400
G92 E0
G1 X112.095 Y135.194 F7800
G1 E2 F2400
;TYPE:Perimeter
;WIDTH:0.432941
G1 F3600
G1 X112.095 Y135.939 E2.03425
;WIDTH:0.442635
G1 X112.09 Y136.01 E2.03761
G1 E.03761 F2400
G92 E0
G1 X112.09 Y136.01 F7800
G1 X75.708 Y118.068
G1 E2 F2400
;WIDTH:0.521654
G1 F900
G1 X75.529 Y118.315 E2.0174
G1 X75.016 Y119.121 E2.07189
G1 X74.618 Y119.045 E2.095
;WIDTH:0.571154
G1 X74.29 Y118.958 E2.11645
;WIDTH:0.620655
G1 X73.961 Y118.87 E2.14008
G1 X74.182 Y118.822 E2.15577
;WIDTH:0.571154
G1 X74.403 Y118.775 E2.17005
;WIDTH:0.521654
G1 X74.885 Y118.634 E2.19869
G1 X75.33 Y118.399 E2.22739
G1 X75.663 Y118.108 E2.25261
G1 E.25261 F2400
G92 E0
G1 X75.663 Y118.108 F7800
G1 X73.098 Y118.716
G1 E2 F2400
;WIDTH:0.600425
G1 F900
G1 X72.991 Y118.719 E2.00716
;WIDTH:0.553894
G1 X72.884 Y118.722 E2.0137
;WIDTH:0.507363
G1 X72.622 Y118.694 E2.02826
;WIDTH:0.465185
G1 X72.361 Y118.666 E2.04138
;WIDTH:0.423008
G1 X72.072 Y118.329 E2.06124
;WIDTH:0.376747
G1 X71.72 Y117.892 E2.0831
;WIDTH:0.397454
G1 X71.337 Y117.362 E2.11026
G1 X71.496 Y116.361 E2.15237
G1 X71.502 Y116.619 E2.16309
G1 X71.633 Y117.163 E2.18634
G1 X71.867 Y117.593 E2.20668
;WIDTH:0.369347
G1 X72.248 Y118.069 E2.22987
;WIDTH:0.396177
G1 X72.462 Y118.246 E2.24136
;WIDTH:0.423008
G1 X72.675 Y118.422 E2.25372
;WIDTH:0.467362
G1 X72.781 Y118.496 E2.26022
;WIDTH:0.511716
G1 X72.887 Y118.569 E2.2674
;WIDTH:0.55607
G1 X72.992 Y118.642 E2.27524
;WIDTH:0.600425
G1 X73.049 Y118.682 E2.2799
G1 E.2799 F2400
G92 E0
G1 X73.049 Y118.682 F7800
G1 X72.692 Y114.177
G1 E2 F2400
;WIDTH:0.389289
G1 F900
G1 X72.579 Y114.242 E2.00528
G1 X72.2 Y114.552 E2.02512
G1 X71.889 Y114.931 E2.04499
G1 X71.643 Y115.413 E2.06692
G1 X71.791 Y114.477 E2.10532
G1 X72.635 Y114.196 E2.14137
G1 E.14137 F2400
G92 E0
G1 X72.635 Y114.196 F7800
G1 X75.996 Y115.872
G1 E2 F2400
;WIDTH:0.45
G1 F900
G1 X76.012 Y115.932 E2.00299
G1 X76.042 Y116.35 E2.02315
G1 X75.975 Y116.806 E2.04532
G1 X75.781 Y117.301 E2.07089
G1 X75.486 Y117.722 E2.09561
G1 X75.12 Y118.035 E2.11877
G1 X74.7 Y118.251 E2.14149
G1 X74.35 Y118.357 E2.15908
G1 X73.933 Y118.397 E2.17923
G1 X73.516 Y118.355 E2.19939
G1 X73.116 Y118.23 E2.21955
G1 X72.748 Y118.029 E2.23972
G1 X72.428 Y117.759 E2.25986
G1 X72.167 Y117.43 E2.28006
G1 X71.977 Y117.057 E2.30019
G1 X71.862 Y116.61 E2.32239
;WIDTH:0.495919
G1 X71.834 Y116.434 E2.33198
;WIDTH:0.541838
G1 X71.807 Y116.257 E2.34264
;WIDTH:0.587758
G1 X71.779 Y116.081 E2.35427
;WIDTH:0.599699
G1 X71.868 Y115.608 E2.38641
G1 X71.906 Y115.578 E2.38964
;WIDTH:0.549799
G1 X71.943 Y115.548 E2.39252
;WIDTH:0.499899
G1 X71.98 Y115.518 E2.39511
;WIDTH:0.45
G1 X72.173 Y115.146 E2.41527
G1 X72.435 Y114.819 E2.43542
;WIDTH:0.493761
G1 X72.619 Y114.66 E2.44844
;WIDTH:0.537522
G1 X72.803 Y114.5 E2.46283
;WIDTH:0.581284
G1 X72.987 Y114.341 E2.47851
;WIDTH:0.585168
G1 X73.394 Y114.189 E2.50673
;WIDTH:0.594024
G1 X73.517 Y114.156 E2.51514
G1 X73.76 Y114.174 E2.53124
;WIDTH:0.546016
G1 X74.004 Y114.192 E2.54594
;WIDTH:0.498008
G1 X74.247 Y114.21 E2.55912
;WIDTH:0.45
G1 X74.761 Y114.355 E2.58481
G1 X75.128 Y114.556 E2.60494
G1 X75.449 Y114.826 E2.62511
G1 X75.709 Y115.154 E2.64524
G1 X75.9 Y115.528 E2.66544
G1 X75.979 Y115.815 E2.67976
G1 X75.979 Y115.815 F7800
G1 X75.628 Y115.97
;TYPE:External perimeter
G1 F900
G1 X75.659 Y116.312 E2.69628
G1 X75.616 Y116.665 E2.71338
G1 X75.422 Y117.16 E2.73895
G1 X75.186 Y117.477 E2.75796
G1 X74.927 Y117.701 E2.77443
G1 X74.577 Y117.886 E2.79347
G1 X74.302 Y117.974 E2.80736
G1 X73.962 Y118.013 E2.82382
G1 X73.62 Y117.983 E2.84033
G1 X73.292 Y117.887 E2.85677
G1 X72.989 Y117.727 E2.87325
G1 X72.723 Y117.511 E2.88973
G1 X72.506 Y117.246 E2.9062
G1 X72.345 Y116.943 E2.9227
G1 X72.247 Y116.6 E2.93986
G1 X72.234 Y116.067 E2.9655
G1 X72.328 Y115.686 E2.98437
G1 X72.48 Y115.379 E3.00085
G1 X72.69 Y115.108 E3.01734
G1 X72.949 Y114.884 E3.03381
G1 X73.248 Y114.716 E3.05031
G1 X73.537 Y114.619 E3.06497
G1 X73.914 Y114.572 E3.08324
G1 X74.256 Y114.601 E3.09975
G1 X74.585 Y114.698 E3.11625
G1 X74.888 Y114.857 E3.13271
G1 X75.153 Y115.074 E3.14918
G1 X75.371 Y115.339 E3.16568
G1 X75.531 Y115.642 E3.18216
G1 X75.611 Y115.913 E3.19575
G1 X75.647 Y116.311 F7800
G1 E1.19575 F2400
G92 E0
G1 X73.961 Y118.87 F7800
G1 E2 F2400
;TYPE:Perimeter
;WIDTH:0.620655
G1 F3600
G1 X73.395 Y118.786 E2.0397
;WIDTH:0.600425
G1 X73.098 Y118.716 E2.0601
G1 E.0601 F2400
G92 E0
G1 X73.098 Y118.716 F7800
G1 X88.128 Y116.505
G1 E2 F2400
;WIDTH:0.45
G1 F3600
G1 X88.042 Y116.484 E2.00426
G1 X78.85 Y116.484 E2.44636
G1 X78.559 Y116.563 E2.46086
G1 X76.43 Y117.804 E2.57938
G1 X76.234 Y117.993 E2.59248
G1 X75.218 Y119.589 E2.68348
G1 X72.152 Y119.005 E2.8336
G1 X70.957 Y117.458 E2.92762
G1 X71.1 Y116.559 E2.9714
;WIDTH:0.496905
G1 X71.152 Y116.385 E2.9812
;WIDTH:0.54381
G1 X71.203 Y116.212 E2.99199
;WIDTH:0.590716
G1 X71.255 Y116.038 E3.00391
;WIDTH:0.599699
G1 X71.345 Y115.5 E3.04033
G1 X71.33 Y115.435 E3.04478
;WIDTH:0.549799
G1 X71.315 Y115.37 E3.04882
;WIDTH:0.499899
G1 X71.3 Y115.306 E3.05239
;WIDTH:0.45
G1 X71.474 Y114.209 E3.10581
G1 X72.456 Y113.881 E3.15561
;WIDTH:0.493761
G1 X72.559 Y113.87 E3.16116
;WIDTH:0.537522
G1 X72.662 Y113.859 E3.16727
;WIDTH:0.581284
G1 X72.765 Y113.847 E3.17396
;WIDTH:0.585168
G1 X73.227 Y113.696 E3.20553
G1 X73.375 Y113.628 E3.21611
;WIDTH:0.551404
G1 X73.524 Y113.561 E3.22603
;WIDTH:0.517641
G1 X73.672 Y113.494 E3.23521
;WIDTH:0.483878
G1 X74.237 Y113.288 E3.26668
;WIDTH:0.45
G1 X83.528 Y112.117 E3.71708
G1 X83.761 Y112.034 E3.72898
G1 X86.279 Y110.466 E3.87165
G1 X86.372 Y110.394 E3.87731
G1 X86.503 Y110.209 E3.88821
G1 X86.552 Y109.975 E3.89971
G1 X86.552 Y87.483 E4.9815
G1 X88.418 Y85.727 E5.10474
G1 X139.845 Y85.727 E7.5782
G1 X140.085 Y85.675 E7.59001
G1 X140.291 Y85.517 E7.6025
G1 X142.771 Y82.515 E7.78978
G1 X144.111 Y81.286 E7.87723
G1 X147.05 Y81.625 E8.01952
G1 X148.96 Y83.43 E8.14592
G1 X148.74 Y83.954 E8.17325
G1 X147.485 Y86.949 E8.32943
G1 X140.827 Y91.532 E8.71819
G1 X140.713 Y91.703 E8.72807
G1 X140.665 Y91.934 E8.73942
G1 X140.665 Y126.469 E10.40043
G1 X114.357 Y126.469 E11.66575
G1 X114.115 Y126.522 E11.67767
G1 X113.893 Y126.701 E11.69139
G1 X112.548 Y128.511 E11.79985
G1 X112.472 Y128.796 E11.81404
G1 X112.472 Y137.119 E12.21435
G1 X111.362 Y138.742 E12.30892
G1 X108.847 Y138.742 E12.42988
G1 X107.452 Y137.085 E12.53406
G1 X107.451 Y136.074 E12.58269
;WIDTH:0.448026
G1 X107.442 Y135.491 E12.61059
;WIDTH:0.45
G1 X107.452 Y128.796 E12.9326
G1 X107.42 Y128.496 E12.94711
G1 X107.283 Y128.277 E12.95953
G1 X106.258 Y127.252 E13.02925
G1 X105.613 Y126.646 E13.07182
G1 X105.348 Y126.582 E13.08493
G1 X88.621 Y126.582 E13.88944
G1 X88.621 Y117.062 E14.34732
G1 X88.524 Y116.742 E14.3634
G1 X88.311 Y116.55 E14.37719
G1 X88.187 Y116.519 E14.38334
G1 X88.187 Y116.519 F7800
G1 X88.042 Y116.869
;TYPE:External perimeter
G1 F1800
G1 X78.85 Y116.869 E14.82544
G1 X78.753 Y116.896 E14.83028
G1 X77.047 Y117.891 E14.92527
G1 X76.559 Y118.2 E14.95305
G1 X75.403 Y120.017 E15.05663
G1 X71.937 Y119.356 E15.22634
G1 X70.55 Y117.562 E15.33541
G1 X71.13 Y113.917 E15.51293
G1 X74.152 Y112.91 E15.66613
G1 X83.479 Y111.735 E16.11827
G1 X83.557 Y111.707 E16.12226
G1 X86.106 Y110.115 E16.2668
G1 X86.166 Y109.975 E16.27413
G1 X86.166 Y87.316 E17.36395
G1 X88.265 Y85.341 E17.50257
G1 X139.845 Y85.341 E19.98339
G1 X139.993 Y85.271 E19.99126
G1 X142.49 Y82.248 E20.17984
G1 X143.98 Y80.883 E20.27703
G1 X147.221 Y81.257 E20.43395
G1 X149.419 Y83.333 E20.57937
G1 X149.096 Y84.104 E20.61958
G1 X147.797 Y87.202 E20.78115
G1 X141.104 Y91.8 E21.1717
G1 X141.05 Y91.934 E21.17865
G1 X141.05 Y126.855 E22.85823
G1 X114.342 Y126.855 E24.14279
G1 X114.202 Y126.932 E24.15047
G1 X112.896 Y128.681 E24.25546
G1 X112.858 Y128.796 E24.26129
G1 X112.858 Y137.238 E24.66732
G1 X111.565 Y139.128 E24.77746
G1 X108.668 Y139.128 E24.9168
G1 X107.067 Y137.226 E25.03637
G1 X107.067 Y128.686 E25.44711
G1 X107.01 Y128.55 E25.4542
G1 X105.485 Y127.024 E25.55796
G1 X105.348 Y126.968 E25.56508
G1 X88.235 Y126.968 E26.38816
G1 X88.235 Y117.062 E26.8646
G1 X88.191 Y116.939 E26.87088
G1 X88.097 Y116.895 E26.87587
G1 X87.697 Y116.873 F7800
G1 E24.87587 F2400
G92 E0
G1 X142.691 Y83.191 F7800
G1 E2 F2400
;TYPE:Perimeter
;WIDTH:0.417899
G1 F3600
G1 X143.004 Y82.79 E2.02243
;WIDTH:0.414463
G1 X143.51 Y82.336 E2.05211
G1 E.05211 F2400
G92 E0
G1 X143.51 Y82.336 F7800
G1 X108.167 Y137.317
G1 E2 F2400
;WIDTH:0.474337
G1 F3600
G1 X107.844 Y136.942 E2.02531
G1 E.02531 F2400
G92 E0
G1 X107.844 Y136.942 F7800
G1 X76.006 Y117.668
G1 E2 F2400
;WIDTH:0.461001
G1 F3600
G1 X75.775 Y117.986 E2.01944
G1 E.01944 F2400
G92 E0
G1 X75.775 Y117.986 F7800
G1 X75.284 Y113.836
G1 E2 F2400
;TYPE:Solid infill
;WIDTH:0.45
G1 F1200
G1 X75.777 Y114.21 E2.02976
G1 X76.153 Y114.616 E2.05637
G1 X76.442 Y115.089 E2.08303
G1 X76.63 Y115.608 E2.10958
G1 X76.712 Y116.155 E2.13618
G1 X76.685 Y116.703 E2.16257
G1 X76.634 Y116.904 E2.17254
G1 X78.273 Y115.95 E2.26375
G1 X78.716 Y115.818 E2.28598
G1 X84.823 Y115.812 E2.57971
G1 X82.076 Y113.065 E2.76656
G1 X82.076 Y112.98 E2.77065
G1 X75.475 Y113.812 E3.09065
G1 X75.475 Y113.812 F7800
G1 X76.211 Y114.108
G1 F1200
G1 X76.506 Y114.448 E3.1123
G1 X76.772 Y114.89 E3.13711
G1 X76.994 Y115.479 E3.16738
G1 X77.098 Y116.188 E3.20185
G1 X78.079 Y115.617 E3.25644
G1 X78.644 Y115.437 E3.28496
G1 X83.893 Y115.427 E3.53742
G1 X81.861 Y113.396 E3.6756
G1 X76.402 Y114.084 E3.94024
G1 X76.931 Y114.406 E3.97003
G1 X77.185 Y114.866 E3.9953
G1 X77.43 Y115.549 E4.0302
G1 X77.885 Y115.284 E4.05553
G1 X78.433 Y115.089 E4.08351
G1 X78.715 Y115.047 E4.09722
G1 X82.963 Y115.043 E4.30153
G1 X81.722 Y113.802 E4.38594
G1 X77.122 Y114.382 E4.60894
G1 X77.482 Y114.686 E4.6316
;WIDTH:0.372941
G1 X77.615 Y115.039 E4.64612
G1 X77.99 Y114.88 E4.6618
;WIDTH:0.339063
G1 X78.557 Y114.747 E4.68175
;WIDTH:0.302743
G1 X78.715 Y114.735 E4.68646
;WIDTH:0.346159
G1 X79.412 Y114.712 E4.71097
;WIDTH:0.389575
G1 X80.11 Y114.69 E4.73929
;WIDTH:0.432991
G1 X80.807 Y114.668 E4.77135
;WIDTH:0.476407
G1 X82.001 Y114.645 E4.83272
G1 X81.578 Y114.222 E4.86346
G1 X80.784 Y114.3 E4.90446
;WIDTH:0.432991
G1 X80.089 Y114.366 E4.93656
;WIDTH:0.389575
G1 X79.394 Y114.432 E4.96488
;WIDTH:0.346159
G1 X78.7 Y114.497 E4.98938
;WIDTH:0.339063
G1 X77.933 Y114.612 E5.01595
;WIDTH:0.35863
G1 X77.672 Y114.655 E5.02566
G1 E3.02566 F2400
G92 E0
G1 X77.672 Y114.655 F7800
G1 X82.485 Y112.929
G1 E2 F2400
;WIDTH:0.45
G1 F1200
G1 X85.368 Y115.812 E2.1961
G1 X85.913 Y115.811 E2.22231
G1 X82.969 Y112.868 E2.42252
G1 X83.454 Y112.807 E2.44603
G1 X86.457 Y115.811 E2.65032
G1 X87.002 Y115.81 E2.67653
G1 X83.904 Y112.711 E2.88729
G1 X84.258 Y112.52 E2.90664
G1 X87.547 Y115.809 E3.13035
G1 X87.547 Y115.809 F7800
G1 X88.4 Y115.927
;WIDTH:0.404381
G1 F1200
G1 X88.411 Y115.968 E3.13215
G1 X88.339 Y115.987 E3.13531
G1 X88.358 Y115.916 E3.13843
;WIDTH:0.45
G1 X88.097 Y115.814 E3.15191
G1 X84.594 Y112.311 E3.39018
G1 E1.39018 F2400
G92 E0
G1 X84.594 Y112.311 F7800
G1 X89.329 Y125.799
G1 E2 F2400
;WIDTH:0.549205
G1 F1200
G1 X89.286 Y125.842 E2.00368
G1 X89.302 Y125.901 E2.00738
G1 X89.361 Y125.916 E2.01106
G1 X89.404 Y125.873 E2.01474
G1 X89.388 Y125.815 E2.01838
;WIDTH:0.45
G1 X90.01 Y125.907 E2.04862
G1 X89.295 Y125.192 E2.09725
G1 X89.295 Y124.647 E2.12346
G1 X90.555 Y125.907 E2.20916
G1 X91.101 Y125.907 E2.23542
G1 X89.295 Y124.101 E2.35826
G1 X89.295 Y123.556 E2.38447
G1 X91.646 Y125.907 E2.54438
G1 X92.192 Y125.907 E2.57064
G1 X89.294 Y123.01 E2.76772
G1 X89.294 Y122.465 E2.79393
G1 X92.737 Y125.907 E3.02808
G1 X93.282 Y125.907 E3.05429
G1 X89.294 Y121.919 E3.32555
G1 X89.294 Y121.374 E3.35176
G1 X93.828 Y125.907 E3.66012
G1 X94.373 Y125.907 E3.68633
G1 X89.294 Y120.828 E4.0318
G1 X89.293 Y120.282 E4.05806
G1 X94.918 Y125.907 E4.44067
G1 X95.464 Y125.907 E4.46693
G1 X89.293 Y119.737 E4.88664
G1 X89.293 Y119.191 E4.9129
G1 X96.009 Y125.907 E5.36971
G1 X96.554 Y125.907 E5.39592
G1 X89.293 Y118.646 E5.8898
G1 X89.292 Y118.1 E5.91606
G1 X97.1 Y125.907 E6.44712
G1 X97.645 Y125.907 E6.47333
G1 X89.292 Y117.555 E7.04146
G1 X89.292 Y117.555 F7800
G1 X89.006 Y116.522
;WIDTH:0.404381
G1 F1200
G1 X89.141 Y116.736 E7.05219
;WIDTH:0.45
G1 X89.292 Y117.009 E7.0672
G1 X98.19 Y125.907 E7.67243
G1 X98.736 Y125.907 E7.69869
G1 X84.93 Y112.101 E8.63776
G1 X85.266 Y111.892 E8.65679
G1 X99.281 Y125.907 E9.61007
G1 X99.826 Y125.907 E9.63628
G1 X85.602 Y111.683 E10.60378
G1 X85.938 Y111.474 E10.62281
G1 X100.372 Y125.907 E11.60456
G1 X100.917 Y125.907 E11.63077
G1 X86.274 Y111.264 E12.62677
G1 X86.61 Y111.055 E12.6458
G1 X101.462 Y125.907 E13.65601
G1 X102.008 Y125.907 E13.68227
G1 X86.907 Y110.806 E14.70942
G1 X87.122 Y110.476 E14.72836
G1 X102.553 Y125.907 E15.77796
G1 X103.098 Y125.907 E15.80417
G1 X87.222 Y110.03 E16.88407
G1 X87.227 Y109.49 E16.91004
G1 X103.644 Y125.907 E18.0267
G1 X104.189 Y125.907 E18.05291
G1 X87.227 Y108.945 E19.20664
G1 X87.227 Y108.4 E19.23285
G1 X104.735 Y125.907 E20.42369
G1 X104.735 Y125.907 F7800
G1 X105.58 Y126.007
;WIDTH:0.404381
G1 F1200
G1 X105.591 Y126.048 E20.42549
G1 X105.519 Y126.067 E20.42865
G1 X105.539 Y125.996 E20.43178
;WIDTH:0.45
G1 X105.28 Y125.907 E20.44495
G1 X87.227 Y107.854 E21.67289
G1 X87.227 Y107.309 E21.6991
G1 X106.051 Y126.133 E22.97949
G1 X106.324 Y126.385 E22.99736
;WIDTH:0.420035
G1 X107.669 Y127.73 E23.08174
G1 E21.08174 F2400
G92 E0
G1 X108.194 Y133.255 F7800
G1 E2 F2400
;WIDTH:0.619503
G1 F1200
G1 X108.145 Y133.304 E2.0048
G1 X108.163 Y133.371 E2.0096
G1 X108.23 Y133.389 E2.0144
G1 X108.279 Y133.34 E2.0192
G1 X108.261 Y133.273 E2.024
;WIDTH:0.45
G1 X108.712 Y133.157 E2.0464
G1 X108.127 Y132.572 E2.08619
G1 X108.127 Y132.027 E2.1124
G1 X109.109 Y133.009 E2.17919
G1 X109.57 Y132.924 E2.20174
G1 X108.127 Y131.481 E2.29989
G1 X108.127 Y130.936 E2.3261
G1 X110.132 Y132.941 E2.46248
G1 X110.394 Y133.054 E2.4762
;WIDTH:0.404381
G1 X110.375 Y133.125 E2.47932
G1 X110.446 Y133.106 E2.48244
G1 X110.435 Y133.065 E2.48424
;WIDTH:0.45
G1 X110.914 Y133.178 E2.50791
G1 X108.127 Y130.391 E2.69748
G1 E.69748 F2400
G92 E0
G1 X108.127 Y130.391 F7800
G1 X111.187 Y133.392
G1 E2 F2400
;WIDTH:0.404381
G1 F1200
G1 X111.745 Y133.91 E2.03229
G1 X111.872 Y133.881 E2.03781
;WIDTH:0.45
G1 X111.798 Y133.516 E2.05572
G1 X108.127 Y129.845 E2.30542
G1 X108.127 Y129.3 E2.33163
G1 X111.798 Y132.97 E2.58129
G1 X111.798 Y132.425 E2.6075
G1 X108.127 Y128.755 E2.85716
G1 X108.127 Y128.755 F7800
G1 X107.92 Y128.003
G1 F1200
G1 X111.798 Y131.88 E3.1209
G1 X111.9 Y131.566 E3.13678
;WIDTH:0.404381
G1 X111.88 Y131.637 E3.13991
G1 X111.952 Y131.618 E3.14307
G1 X111.941 Y131.577 E3.14487
;WIDTH:0.45
G1 X111.798 Y131.334 E3.15843
G1 X87.227 Y106.764 E4.82968
G1 X87.227 Y106.218 E4.85594
G1 X111.798 Y130.789 E6.52723
G1 X111.798 Y130.244 E6.55344
G1 X87.227 Y105.673 E8.22473
G1 X87.227 Y105.128 E8.25094
G1 X111.798 Y129.698 E9.92219
G1 X111.798 Y129.153 E9.9484
G1 X87.227 Y104.582 E11.61969
G1 X87.227 Y104.037 E11.6459
G1 X111.815 Y128.625 E13.31835
G1 X111.951 Y128.216 E13.33908
G1 X87.227 Y103.492 E15.02078
G1 X87.227 Y102.946 E15.04704
G1 X112.167 Y127.886 E16.74343
G1 X112.4 Y127.574 E16.76216
G1 X87.227 Y102.401 E18.4744
G1 X87.227 Y101.856 E18.50061
G1 X112.633 Y127.261 E20.22866
G1 X112.866 Y126.949 E20.24739
G1 X87.227 Y101.31 E21.99132
G1 X87.227 Y100.765 E22.01753
G1 X113.099 Y126.637 E23.77731
G1 X113.332 Y126.325 E23.79604
G1 X87.227 Y100.22 E25.57167
G1 X87.227 Y99.674 E25.59793
G1 X113.602 Y126.05 E27.39196
G1 X113.961 Y125.863 E27.41143
G1 X87.227 Y99.129 E29.22984
G1 X87.227 Y98.583 E29.2561
G1 X114.438 Y125.794 E31.10696
G1 X114.983 Y125.794 E31.13317
G1 X87.227 Y98.038 E33.0211
G1 X87.227 Y97.493 E33.04731
G1 X115.528 Y125.794 E34.97231
G1 X116.074 Y125.794 E34.99857
G1 X87.227 Y96.947 E36.96071
G1 X87.227 Y96.402 E36.98692
G1 X116.619 Y125.794 E38.98613
G1 X117.164 Y125.794 E39.01234
G1 X87.227 Y95.857 E41.04862
G1 X87.227 Y95.311 E41.07488
G1 X117.71 Y125.794 E43.1483
G1 X118.255 Y125.794 E43.17451
G1 X87.227 Y94.766 E45.285
G1 X87.227 Y94.221 E45.31121
G1 X118.8 Y125.794 E47.45877
G1 X119.346 Y125.794 E47.48503
G1 X87.227 Y93.675 E49.66972
G1 X87.227 Y93.13 E49.69593
G1 X119.891 Y125.794 E51.91769
G1 X120.436 Y125.794 E51.9439
G1 X87.227 Y92.585 E54.20273
G1 X87.227 Y92.039 E54.22899
G1 X120.982 Y125.794 E56.52496
G1 X121.527 Y125.794 E56.55117
G1 X87.227 Y91.494 E58.88421
G1 X87.227 Y90.949 E58.91042
G1 X122.072 Y125.794 E61.28053
G1 X122.618 Y125.794 E61.30679
G1 X87.227 Y90.403 E63.71404
G1 X87.227 Y89.858 E63.74025
G1 X123.163 Y125.794 E66.18457
G1 X123.709 Y125.794 E66.21083
G1 X87.227 Y89.313 E68.69226
G1 X87.227 Y88.767 E68.71852
G1 X124.254 Y125.794 E71.23705
G1 X124.799 Y125.794 E71.26326
G1 X87.227 Y88.222 E73.81886
G1 X87.277 Y87.727 E73.84279
G1 X125.345 Y125.794 E76.43209
G1 X125.89 Y125.794 E76.4583
G1 X87.558 Y87.463 E79.06556
G1 X87.839 Y87.198 E79.08414
G1 X126.435 Y125.794 E81.70939
G1 X126.981 Y125.794 E81.73565
G1 X88.12 Y86.934 E84.37889
G1 X88.401 Y86.669 E84.39747
G1 X127.526 Y125.794 E87.0587
G1 X128.071 Y125.794 E87.08491
G1 X88.682 Y86.405 E89.7641
G1 X89.224 Y86.402 E89.79017
G1 X128.617 Y125.794 E92.4696
G1 X129.162 Y125.794 E92.49581
G1 X89.769 Y86.402 E95.17524
G1 X90.315 Y86.402 E95.2015
G1 X129.707 Y125.794 E97.88089
G1 X130.253 Y125.794 E97.90715
G1 X90.86 Y86.402 E100.58658
G1 X91.405 Y86.402 E100.61279
G1 X130.798 Y125.794 E103.29222
G1 X131.343 Y125.794 E103.31843
G1 X91.951 Y86.402 E105.99782
G1 X92.496 Y86.402 E106.02403
G1 X131.889 Y125.794 E108.70346
G1 X132.434 Y125.794 E108.72967
G1 X93.041 Y86.402 E111.4091
G1 X93.587 Y86.402 E111.43536
G1 X132.979 Y125.794 E114.11475
G1 X133.525 Y125.794 E114.14101
G1 X94.132 Y86.402 E116.82044
G1 X94.678 Y86.402 E116.8467
G1 X134.07 Y125.794 E119.52609
G1 X134.615 Y125.794 E119.5523
G1 X95.223 Y86.402 E122.23169
G1 X95.768 Y86.402 E122.2579
G1 X135.161 Y125.794 E124.93733
G1 X135.706 Y125.794 E124.96354
G1 X96.314 Y86.402 E127.64293
G1 X96.859 Y86.402 E127.66914
G1 X136.252 Y125.794 E130.34857
G1 X136.797 Y125.794 E130.37478
G1 X97.404 Y86.402 E133.05421
G1 X97.95 Y86.402 E133.08047
G1 X137.342 Y125.794 E135.75986
G1 X137.888 Y125.794 E135.78612
G1 X98.495 Y86.402 E138.46555
G1 X99.04 Y86.402 E138.49176
G1 X138.433 Y125.794 E141.17119
G1 X138.978 Y125.794 E141.1974
G1 X99.586 Y86.402 E143.87679
G1 X100.131 Y86.402 E143.903
G1 X139.524 Y125.794 E146.58243
G1 X140.116 Y125.921 E146.61155
;WIDTH:0.404381
G1 X139.928 Y125.936 E146.61955
;WIDTH:0.45
G1 X139.99 Y125.715 E146.63059
G1 X100.676 Y86.402 E149.30465
G1 X101.222 Y86.402 E149.33091
G1 X139.99 Y125.17 E151.96786
G1 X139.99 Y124.625 E151.99407
G1 X101.767 Y86.402 E154.59395
G1 X102.312 Y86.402 E154.62016
G1 X139.99 Y124.079 E157.18294
G1 X139.99 Y123.534 E157.20915
G1 X102.858 Y86.402 E159.73482
G1 X103.403 Y86.402 E159.76103
G1 X139.991 Y122.989 E162.24967
G1 X139.991 Y122.444 E162.27588
G1 X103.948 Y86.402 E164.72745
G1 X104.494 Y86.402 E164.75371
G1 X139.991 Y121.899 E167.16817
G1 X139.991 Y121.353 E167.19443
G1 X105.039 Y86.402 E169.57179
G1 X105.584 Y86.402 E169.598
G1 X139.991 Y120.808 E171.93829
G1 X139.991 Y120.263 E171.9645
G1 X106.13 Y86.402 E174.26768
G1 X106.675 Y86.402 E174.29389
G1 X139.991 Y119.718 E176.56
G1 X139.992 Y119.173 E176.58621
G1 X107.221 Y86.402 E178.81525
G1 X107.766 Y86.402 E178.84146
G1 X139.992 Y118.627 E181.0334
G1 X139.992 Y118.082 E181.05961
G1 X108.311 Y86.402 E183.21448
G1 X108.857 Y86.402 E183.24074
G1 X139.992 Y117.537 E185.3585
G1 X139.992 Y116.992 E185.38471
G1 X109.402 Y86.402 E187.4654
G1 X109.947 Y86.402 E187.49161
G1 X139.992 Y116.447 E189.53523
G1 X139.992 Y115.901 E189.56149
G1 X110.493 Y86.402 E191.56798
G1 X111.038 Y86.402 E191.59419
G1 X139.992 Y115.356 E193.56361
G1 X139.993 Y114.811 E193.58982
G1 X111.583 Y86.402 E195.5222
G1 X112.129 Y86.402 E195.54846
G1 X139.993 Y114.266 E197.44373
G1 X139.993 Y113.72 E197.46999
G1 X112.674 Y86.402 E199.32816
G1 X113.219 Y86.402 E199.35437
G1 X139.993 Y113.175 E201.17547
G1 X139.993 Y112.63 E201.20168
G1 X113.765 Y86.402 E202.98568
G1 X114.31 Y86.402 E203.01189
G1 X139.993 Y112.085 E204.75882
G1 X139.993 Y111.54 E204.78503
G1 X114.855 Y86.402 E206.49489
G1 X115.401 Y86.402 E206.52115
G1 X139.994 Y110.994 E208.1939
G1 X139.994 Y110.449 E208.22011
G1 X115.946 Y86.402 E209.85579
G1 X116.491 Y86.402 E209.882
G1 X139.994 Y109.904 E211.48061
G1 X139.994 Y109.359 E211.50682
G1 X117.037 Y86.402 E213.06833
G1 X117.582 Y86.402 E213.09454
G1 X139.994 Y108.814 E214.61898
G1 X139.994 Y108.268 E214.64524
G1 X118.127 Y86.402 E216.13257
G1 X118.673 Y86.402 E216.15883
G1 X139.994 Y107.723 E217.60906
G1 X139.995 Y107.178 E217.63527
G1 X119.218 Y86.402 E219.04846
G1 X119.764 Y86.402 E219.07472
G1 X139.995 Y106.633 E220.45081
G1 X139.995 Y106.088 E220.47702
G1 X120.309 Y86.402 E221.81604
G1 X120.854 Y86.402 E221.84225
G1 X139.995 Y105.542 E223.14416
G1 X139.995 Y104.997 E223.17037
G1 X121.4 Y86.402 E224.43518
G1 X121.945 Y86.402 E224.46139
G1 X139.995 Y104.452 E225.68913
G1 X139.995 Y103.907 E225.71534
G1 X122.49 Y86.402 E226.90601
G1 X123.036 Y86.402 E226.93227
G1 X139.995 Y103.361 E228.0858
G1 X139.996 Y102.816 E228.11201
G1 X123.581 Y86.402 E229.2285
G1 X124.126 Y86.402 E229.25471
G1 X139.996 Y102.271 E230.33413
G1 X139.996 Y101.726 E230.36034
G1 X124.672 Y86.402 E231.40266
G1 X125.217 Y86.402 E231.42887
G1 X139.996 Y101.181 E232.43412
G1 X139.996 Y100.635 E232.46038
G1 X125.762 Y86.402 E233.42853
G1 X126.308 Y86.402 E233.45479
G1 X139.996 Y100.09 E234.38583
G1 X139.996 Y99.545 E234.41204
G1 X126.853 Y86.402 E235.30601
G1 X127.398 Y86.402 E235.33222
G1 X139.997 Y99 E236.18915
G1 X139.997 Y98.455 E236.21536
G1 X127.944 Y86.402 E237.03519
G1 X128.489 Y86.402 E237.0614
G1 X139.997 Y97.909 E237.84413
G1 X139.997 Y97.364 E237.87034
G1 X129.034 Y86.402 E238.616
G1 X129.58 Y86.402 E238.64226
G1 X139.997 Y96.819 E239.35081
G1 X139.997 Y96.274 E239.37702
G1 X130.125 Y86.402 E240.0485
G1 X130.67 Y86.402 E240.07471
G1 X139.997 Y95.729 E240.70912
G1 X139.998 Y95.183 E240.73538
G1 X131.216 Y86.402 E241.33269
G1 X131.761 Y86.402 E241.3589
G1 X139.998 Y94.638 E241.91914
G1 X139.998 Y94.093 E241.94535
G1 X132.307 Y86.402 E242.46848
G1 X132.852 Y86.402 E242.49469
G1 X139.998 Y93.548 E242.98075
G1 X139.998 Y93.002 E243.00701
G1 X133.397 Y86.402 E243.45597
G1 X133.943 Y86.402 E243.48223
G1 X139.998 Y92.457 E243.89408
G1 X139.998 Y91.912 E243.92029
G1 X134.488 Y86.402 E244.29507
G1 X135.033 Y86.402 E244.32128
G1 X140.087 Y91.455 E244.66501
G1 X140.296 Y91.119 E244.68404
G1 X135.579 Y86.402 E245.00488
G1 X136.124 Y86.402 E245.03109
G1 X140.587 Y90.864 E245.33462
G1 X140.911 Y90.643 E245.35348
G1 X136.669 Y86.402 E245.64198
G1 X137.215 Y86.402 E245.66824
G1 X141.235 Y90.422 E245.94168
G1 X141.559 Y90.2 E245.96057
G1 X137.76 Y86.402 E246.21894
G1 X138.305 Y86.402 E246.24515
G1 X141.883 Y89.979 E246.48849
G1 X142.207 Y89.757 E246.50738
G1 X138.851 Y86.402 E246.73562
G1 X139.396 Y86.402 E246.76183
G1 X142.53 Y89.536 E246.975
G1 X142.854 Y89.315 E246.99386
G1 X139.931 Y86.392 E247.19268
G1 X140.371 Y86.286 E247.21445
G1 X143.178 Y89.093 E247.40538
G1 X143.502 Y88.872 E247.42424
G1 X140.697 Y86.067 E247.61503
G1 X140.946 Y85.77 E247.63367
G1 X143.826 Y88.65 E247.82956
G1 X144.15 Y88.429 E247.84842
G1 X141.194 Y85.473 E248.04948
G1 X141.442 Y85.175 E248.06813
G1 X142.833 Y86.579 E248.16319
;WIDTH:0.433015
G1 X142.975 Y86.721 E248.17242
;WIDTH:0.45
G1 X144.474 Y88.208 E248.27397
G1 X144.798 Y87.986 E248.29286
G1 X144.268 Y87.456 E248.32891
G1 X144.025 Y87.262 E248.34387
;WIDTH:0.404381
G1 X144.036 Y87.303 E248.34567
G1 X143.965 Y87.322 E248.34879
G1 X143.984 Y87.251 E248.35191
G1 X143.984 Y87.251 F7800
G1 X144.781 Y87.489
;WIDTH:0.357398
G1 F1200
G1 X145.117 Y87.825 E248.36928
G1 X145.506 Y87.559 E248.3865
G1 X145.468 Y87.459 E248.39041
G1 X144.973 Y87.503 E248.40857
G1 E246.40857 F2400
G92 E0
G1 X144.973 Y87.503 F7800
G1 X142.313 Y85.547
G1 E2 F2400
;WIDTH:0.404381
G1 F1200
G1 X142.324 Y85.588 E2.0018
G1 X142.253 Y85.607 E2.00492
G1 X142.272 Y85.536 E2.00804
;WIDTH:0.45
G1 X142.117 Y85.305 E2.02142
G1 X141.69 Y84.878 E2.05046
G1 X141.974 Y84.522 E2.07236
;WIDTH:0.526907
G1 X141.934 Y84.563 E2.07566
G1 X141.949 Y84.619 E2.079
G1 X142.004 Y84.634 E2.08229
G1 X142.045 Y84.593 E2.08563
G1 X142.03 Y84.537 E2.08897
G1 E.08897 F2400
G92 E0
G1 X142.03 Y84.537 F7800
G1 X147.625 Y83.174
G1 E2 F2400
;WIDTH:0.405396
G1 F1200
G1 X147.813 Y83.687 E2.02324
G1 X147.912 Y84.075 E2.04027
G1 X147.979 Y84.082 E2.04314
G1 X148.182 Y83.598 E2.06546
G1 X147.784 Y83.245 E2.08809
;LAYER_CHANGE
;Z:1.25
;HEIGHT:0.3
 ; After First Layer

G1 Z1.25 F7800
G1 E.08809 F2400
G1 Z1.25 F7800
G1 X144.893 Y81.816
G1 E2.08809 F2400
;TYPE:Perimeter
;WIDTH:0.552623
G1 F900
G1 X144.793 Y81.849 E2.0945
;WIDTH:0.511552
G1 X144.694 Y81.881 E2.1003
;WIDTH:0.470482
G1 X144.594 Y81.914 E2.10563
;WIDTH:0.429412
G1 X144.494 Y81.947 E2.11042
;WIDTH:0.388342
G1 X143.985 Y82.098 E2.13187
;WIDTH:0.414461
G1 X143.51 Y82.336 E2.15507
G1 X143.757 Y82.094 E2.17017
;WIDTH:0.391757
G1 X144.231 Y81.657 E2.19649
;WIDTH:0.388342
G1 X144.493 Y81.687 E2.20715
;WIDTH:0.429412
G1 X144.593 Y81.719 E2.21193
;WIDTH:0.470482
G1 X144.693 Y81.752 E2.21726
;WIDTH:0.511552
G1 X144.793 Y81.784 E2.22312
;WIDTH:0.552623
G1 X144.836 Y81.798 E2.22587
G1 E.22587 F2400
G92 E0
G1 X144.836 Y81.798 F7800
G1 X147.359 Y86.036
G1 E2 F2400
;WIDTH:0.617153
G1 F3600
G1 X147.339 Y86.143 E2.0075
;WIDTH:0.569885
G1 X147.32 Y86.251 E2.01441
;WIDTH:0.522617
G1 X147.3 Y86.359 E2.02069
;WIDTH:0.475349
G1 X147.281 Y86.466 E2.02626
;WIDTH:0.428082
G1 X147.203 Y86.653 E2.03545
G1 X146.842 Y86.949 E2.05663
;WIDTH:0.416725
G1 X146.372 Y87.265 E2.08152
;WIDTH:0.45
G1 X145.891 Y87.575 E2.10904
G1 X141.28 Y90.739 E2.378
G1 X140.549 Y91.265 E2.42131
G1 X140.359 Y91.549 E2.43774
G1 X140.279 Y91.934 E2.45665
G1 X140.279 Y126.083 E4.0991
G1 X114.211 Y126.094 E5.35288
G1 X113.858 Y126.223 E5.37096
G1 X113.584 Y126.471 E5.38873
G1 X112.278 Y128.219 E5.49368
G1 X112.152 Y128.447 E5.50621
G1 X112.087 Y128.796 E5.52328
G1 X112.095 Y135.189 E5.83076
G1 X111.984 Y134.738 E5.8531
G1 X111.776 Y134.316 E5.87573
G1 X111.488 Y133.944 E5.89836
G1 X111.133 Y133.636 E5.92096
G1 X110.723 Y133.405 E5.94359
G1 X110.276 Y133.259 E5.96621
G1 X109.809 Y133.205 E5.98882
G1 X109.341 Y133.244 E6.01141
G1 X108.889 Y133.376 E6.03406
G1 X108.473 Y133.594 E6.05665
G1 X108.108 Y133.891 E6.07928
G1 X107.838 Y134.215 E6.09956
G1 X107.838 Y128.796 E6.3602
G1 X107.823 Y128.52 E6.37349
G1 X107.729 Y128.241 E6.38765
G1 X107.556 Y128.004 E6.40176
G1 X105.97 Y126.423 E6.50947
G1 X105.705 Y126.265 E6.52431
G1 X105.348 Y126.197 E6.54179
G1 X89.006 Y126.197 E7.32778
G1 X89.003 Y116.988 E7.7707
G1 X88.899 Y116.621 E7.78905
G1 X88.691 Y116.349 E7.80552
G1 X88.375 Y116.158 E7.82328
G1 X88.042 Y116.098 E7.83955
G1 X78.73 Y116.106 E8.28743
G1 X78.364 Y116.23 E8.30602
G1 X76.473 Y117.333 E8.41131
G1 X76.048 Y117.614 E8.43581
G1 X76.164 Y117.402 E8.44743
G1 X76.358 Y116.879 E8.47426
G1 X76.426 Y116.388 E8.4981
G1 X76.396 Y115.893 E8.52195
G1 X76.268 Y115.414 E8.5458
G1 X76.048 Y114.97 E8.56963
G1 X75.744 Y114.578 E8.59349
G1 X75.369 Y114.254 E8.61733
G1 X74.936 Y114.011 E8.64121
G1 X74.465 Y113.859 E8.66501
G1 X73.972 Y113.803 E8.68887
G1 X74.323 Y113.665 E8.70701
G1 X83.576 Y112.5 E9.15556
G1 X83.965 Y112.362 E9.17541
G1 X86.483 Y110.793 E9.3181
G1 X86.741 Y110.558 E9.33488
G1 X86.885 Y110.29 E9.34951
G1 X86.938 Y109.975 E9.36487
G1 X86.938 Y87.65 E10.43862
G1 X88.571 Y86.112 E10.54651
G1 X139.139 Y86.112 E12.97866
G1 X140.082 Y86.083 E13.02404
G1 X140.314 Y85.991 E13.03604
G1 X140.588 Y85.762 E13.05322
G1 X142.313 Y83.674 E13.18348
G1 X142.691 Y83.191 E13.21298
G1 X142.497 Y83.553 E13.23273
G1 X142.346 Y84.068 E13.25854
G1 X142.3 Y84.579 E13.28322
G1 X142.338 Y85.022 E13.30461
G1 X142.476 Y85.523 E13.3296
G1 X142.715 Y86.004 E13.35543
G1 X143.067 Y86.451 E13.38279
G1 X143.453 Y86.777 E13.40709
G1 X143.922 Y87.038 E13.4329
G1 X144.434 Y87.202 E13.45876
G1 X144.967 Y87.261 E13.48455
G1 X145.502 Y87.214 E13.51038
G1 X146.015 Y87.054 E13.53623
;WIDTH:0.435577
G1 X146.48 Y86.789 E13.56101
;WIDTH:0.428082
G1 X146.912 Y86.448 E13.58598
;WIDTH:0.475349
G1 X147.024 Y86.345 E13.59378
;WIDTH:0.522617
G1 X147.135 Y86.242 E13.60243
;WIDTH:0.569885
G1 X147.247 Y86.139 E13.61202
;WIDTH:0.617153
G1 X147.315 Y86.077 E13.61836
G1 E11.61836 F2400
G92 E0
G1 X147.315 Y86.077 F7800
G1 X146.923 Y82.66
G1 E2 F2400
;WIDTH:0.512261
G1 F900
G1 X146.822 Y82.553 E2.00822
;WIDTH:0.500528
G1 X146.389 Y82.226 E2.03774
;WIDTH:0.546
G1 X146.15 Y82.09 E2.05426
;WIDTH:0.591473
G1 X145.911 Y81.953 E2.07237
G1 X146.121 Y81.953 E2.08618
;WIDTH:0.543608
G1 X146.867 Y82.018 E2.13094
;WIDTH:0.500528
G1 X147.174 Y82.299 E2.15358
;WIDTH:0.517381
G1 X147.568 Y82.691 E2.18498
G1 X147.768 Y82.857 E2.19967
;WIDTH:0.48369
G1 X147.969 Y83.024 E2.21334
;WIDTH:0.45
G1 X148.502 Y83.527 E2.24859
G1 X148.385 Y83.805 E2.2631
G1 X148.015 Y84.686 E2.30906
;WIDTH:0.498984
G1 X147.947 Y84.786 E2.31562
;WIDTH:0.547968
G1 X147.878 Y84.886 E2.32295
;WIDTH:0.596952
G1 X147.81 Y84.986 E2.33098
;WIDTH:0.645937
G1 X147.742 Y85.086 E2.33975
G1 X147.729 Y84.925 E2.35147
;WIDTH:0.596952
G1 X147.716 Y84.765 E2.36213
;WIDTH:0.547968
G1 X147.703 Y84.605 E2.37181
;WIDTH:0.498984
G1 X147.69 Y84.444 E2.38057
;WIDTH:0.45
G1 X147.619 Y83.937 E2.40519
G1 X147.442 Y83.43 E2.43102
;WIDTH:0.48113
G1 X147.317 Y83.188 E2.44518
;WIDTH:0.512261
G1 X147.193 Y82.947 E2.46032
G1 X146.964 Y82.704 E2.47897
G1 X146.964 Y82.704 F7800
G1 X146.605 Y82.911
;WIDTH:0.45
G1 F900
G1 X146.651 Y82.95 E2.48187
G1 X146.938 Y83.31 E2.50401
G1 X147.148 Y83.72 E2.52617
G1 X147.273 Y84.161 E2.54822
G1 X147.308 Y84.584 E2.56863
G1 X147.273 Y84.967 E2.58713
G1 X147.148 Y85.409 E2.60922
G1 X146.938 Y85.819 E2.63138
G1 X146.651 Y86.179 E2.65352
G1 X146.299 Y86.475 E2.67564
G1 X145.894 Y86.695 E2.69781
G1 X145.454 Y86.831 E2.71996
G1 X144.996 Y86.877 E2.7421
G1 X144.538 Y86.831 E2.76424
G1 X144.098 Y86.695 E2.78639
G1 X143.694 Y86.475 E2.80852
G1 X143.341 Y86.179 E2.83068
G1 X143.033 Y85.78 E2.85492
G1 X142.844 Y85.409 E2.87495
G1 X142.721 Y84.977 E2.89655
G1 X142.685 Y84.6 E2.91476
G1 X142.719 Y84.163 E2.93584
G1 X142.844 Y83.72 E2.95798
G1 X143.012 Y83.374 E2.97648
G1 X143.333 Y82.958 E3.00175
G1 X143.694 Y82.655 E3.02442
G1 X144.098 Y82.434 E3.04657
G1 X144.538 Y82.299 E3.06871
G1 X144.996 Y82.253 E3.09085
G1 X145.454 Y82.299 E3.11299
G1 X145.894 Y82.434 E3.13513
G1 X146.378 Y82.718 E3.16212
G1 X146.56 Y82.873 E3.17362
G1 X146.56 Y82.873 F7800
G1 X146.356 Y83.198
;TYPE:External perimeter
G1 F900
G1 X146.6 Y83.495 E3.19211
G1 X146.829 Y83.992 E3.21843
G1 X146.923 Y84.525 E3.24446
G1 X146.899 Y84.871 E3.26114
G1 X146.801 Y85.242 E3.2796
G1 X146.631 Y85.586 E3.29806
G1 X146.396 Y85.89 E3.31654
G1 X146.106 Y86.141 E3.33499
G1 X145.771 Y86.33 E3.35349
G1 X145.406 Y86.448 E3.37194
G1 X145.025 Y86.492 E3.39039
G1 X144.643 Y86.46 E3.40883
G1 X144.274 Y86.352 E3.42732
G1 X143.934 Y86.174 E3.44578
G1 X143.637 Y85.931 E3.46424
G1 X143.372 Y85.596 E3.48478
G1 X143.213 Y85.296 E3.50111
G1 X143.103 Y84.932 E3.5194
G1 X143.07 Y84.621 E3.53444
G1 X143.093 Y84.258 E3.55193
G1 X143.191 Y83.887 E3.57039
G1 X143.347 Y83.564 E3.58764
G1 X143.596 Y83.24 E3.60729
G1 X143.887 Y82.989 E3.62577
G1 X144.221 Y82.8 E3.64423
G1 X144.586 Y82.681 E3.66269
G1 X144.967 Y82.637 E3.68114
G1 X145.35 Y82.67 E3.69963
G1 X145.718 Y82.777 E3.71806
G1 X146.137 Y83.019 E3.74133
G1 X146.309 Y83.16 E3.75203
G1 X146.569 Y83.465 F7800
G1 E1.75203 F2400
G92 E0
G1 X144.893 Y81.816 F7800
G1 E2 F2400
;TYPE:Perimeter
;WIDTH:0.552623
G1 F3600
G1 X145.412 Y81.861 E2.03172
;WIDTH:0.557487
G1 X145.661 Y81.907 E2.04729
;WIDTH:0.591473
G1 X145.911 Y81.953 E2.064
G1 E.064 F2400
G92 E0
G1 X145.911 Y81.953 F7800
G1 X147.742 Y85.086
G1 E2 F2400
;WIDTH:0.645937
G1 F3600
G1 X147.649 Y85.346 E2.02003
;WIDTH:0.615424
G1 X147.557 Y85.606 E2.03899
;WIDTH:0.617153
G1 X147.359 Y86.036 E2.07163
G1 E.07163 F2400
G92 E0
G1 X147.359 Y86.036 F7800
G1 X112.062 Y136.216
G1 E2 F2400
;WIDTH:0.499745
G1 F900
G1 X112.084 Y136.493 E2.01509
;WIDTH:0.454986
G1 X112.094 Y137.002 E2.03989
;WIDTH:0.443322
G1 X111.872 Y137.32 E2.05822
;WIDTH:0.469248
G1 X111.717 Y137.523 E2.07112
;WIDTH:0.495175
G1 X111.563 Y137.726 E2.08481
;WIDTH:0.533689
G1 X111.414 Y137.909 E2.09862
;WIDTH:0.572204
G1 X111.265 Y138.093 E2.11362
;WIDTH:0.610719
G1 X111.116 Y138.276 E2.1297
G1 X110.753 Y138.299 E2.15449
;WIDTH:0.565221
G1 X110.493 Y138.317 E2.17077
;WIDTH:0.528788
G1 X110.233 Y138.335 E2.18587
;WIDTH:0.492356
G1 X109.719 Y138.345 E2.21331
;WIDTH:0.511137
G1 X109.041 Y138.326 E2.2511
G1 X108.167 Y137.317 E2.32548
;WIDTH:0.502288
G1 X108.395 Y137.517 E2.34205
;WIDTH:0.511137
G1 X108.807 Y137.755 E2.36856
G1 X109.206 Y137.887 E2.39198
G1 X109.734 Y137.938 E2.42154
;WIDTH:0.496754
G1 X110.254 Y137.904 E2.44964
;WIDTH:0.534742
G1 X110.45 Y137.857 E2.46146
;WIDTH:0.57273
G1 X110.647 Y137.809 E2.47432
;WIDTH:0.610719
G1 X110.843 Y137.762 E2.48805
G1 X110.968 Y137.669 E2.49867
;WIDTH:0.574373
G1 X111.093 Y137.576 E2.50858
;WIDTH:0.538028
G1 X111.291 Y137.384 E2.52487
;WIDTH:0.494695
G1 X111.489 Y137.193 E2.53964
;WIDTH:0.451363
G1 X111.829 Y136.712 E2.56807
;WIDTH:0.467842
G1 X111.945 Y136.464 E2.58185
;WIDTH:0.499745
G1 X112.036 Y136.27 E2.59349
G1 E.59349 F2400
G92 E0
G1 X112.036 Y136.27 F7800
G1 X110.111 Y133.624
G1 E2 F2400
;WIDTH:0.45
G1 F900
G1 X110.172 Y133.63 E2.00295
G1 X110.547 Y133.748 E2.02186
G1 X110.892 Y133.938 E2.0408
G1 X111.193 Y134.192 E2.05974
G1 X111.437 Y134.501 E2.07868
G1 X111.615 Y134.852 E2.09761
G1 X111.72 Y135.228 E2.11639
G1 X111.742 Y135.647 E2.13657
G1 X111.658 Y136.145 E2.16086
G1 X111.443 Y136.624 E2.18611
G1 X111.181 Y136.952 E2.2063
G1 X110.879 Y137.204 E2.22522
G1 X110.532 Y137.391 E2.24418
G1 X110.156 Y137.505 E2.26308
G1 X109.764 Y137.543 E2.28202
G1 X109.318 Y137.487 E2.30364
G1 X108.997 Y137.384 E2.31985
G1 X108.652 Y137.195 E2.33877
G1 X108.351 Y136.94 E2.35774
G1 X108.107 Y136.632 E2.37664
G1 X107.929 Y136.281 E2.39557
;WIDTH:0.449868
G1 X107.825 Y135.858 E2.41651
;WIDTH:0.441767
G1 X107.816 Y135.357 E2.4401
;WIDTH:0.449237
G1 X107.896 Y134.945 E2.46025
;WIDTH:0.45
G1 X108.116 Y134.487 E2.48469
G1 X108.363 Y134.18 E2.50364
G1 X108.665 Y133.928 E2.52256
G1 X109.012 Y133.742 E2.5415
G1 X109.389 Y133.627 E2.56046
G1 X109.78 Y133.59 E2.57935
G1 X110.051 Y133.618 E2.59245
G1 X110.051 Y133.618 F7800
G1 X110.067 Y134.002
;TYPE:External perimeter
G1 F900
G1 X110.372 Y134.091 E2.60773
G1 X110.652 Y134.239 E2.62296
G1 X110.897 Y134.44 E2.6382
G1 X111.098 Y134.685 E2.65344
G1 X111.247 Y134.965 E2.6687
G1 X111.336 Y135.269 E2.68394
G1 X111.362 Y135.582 E2.69905
G1 X111.278 Y136.078 E2.72325
G1 X111.121 Y136.413 E2.74104
G1 X110.926 Y136.663 E2.75629
G1 X110.686 Y136.87 E2.77153
G1 X110.409 Y137.025 E2.7868
G1 X110.108 Y137.123 E2.80203
G1 X109.793 Y137.158 E2.81727
G1 X109.423 Y137.116 E2.83518
G1 X109.172 Y137.041 E2.84778
G1 X108.892 Y136.893 E2.86301
G1 X108.647 Y136.693 E2.87822
G1 X108.446 Y136.447 E2.8935
G1 X108.297 Y136.167 E2.90876
G1 X108.207 Y135.849 E2.92466
G1 X108.201 Y135.31 E2.95059
G1 X108.282 Y135.004 E2.96581
G1 X108.423 Y134.72 E2.98106
G1 X108.618 Y134.469 E2.99635
G1 X108.858 Y134.262 E3.01159
G1 X109.135 Y134.107 E3.02686
G1 X109.436 Y134.01 E3.04207
G1 X109.752 Y133.974 E3.05737
G1 X110.008 Y133.996 E3.06973
G1 X110.39 Y134.113 F7800
G1 E1.06973 F2400
G92 E0
G1 X112.095 Y135.189 F7800
G1 E2 F2400
;TYPE:Perimeter
;WIDTH:0.433403
G1 F3600
G1 X112.105 Y135.708 E2.02389
;WIDTH:0.45697
G1 X112.083 Y135.962 E2.03637
;WIDTH:0.499745
G1 X112.062 Y136.216 E2.05021
G1 E.05021 F2400
G92 E0
G1 X112.062 Y136.216 F7800
G1 X75.65 Y118.125
G1 E2 F2400
;WIDTH:0.521656
G1 F900
G1 X75.016 Y119.121 E2.06734
G1 X74.618 Y119.045 E2.09045
;WIDTH:0.571154
G1 X74.29 Y118.958 E2.1119
;WIDTH:0.620652
G1 X73.961 Y118.87 E2.13553
G1 X74.182 Y118.822 E2.15122
;WIDTH:0.571154
G1 X74.403 Y118.775 E2.1655
;WIDTH:0.521656
G1 X74.885 Y118.634 E2.19414
G1 X75.33 Y118.4 E2.22282
G1 X75.604 Y118.164 E2.24344
G1 E.24344 F2400
G92 E0
G1 X75.604 Y118.164 F7800
G1 X73.098 Y118.716
G1 E2 F2400
;WIDTH:0.600423
G1 F900
G1 X72.991 Y118.719 E2.00716
;WIDTH:0.553893
G1 X72.884 Y118.722 E2.0137
;WIDTH:0.507363
G1 X72.622 Y118.694 E2.02826
;WIDTH:0.465185
G1 X72.361 Y118.666 E2.04138
;WIDTH:0.423007
G1 X72.071 Y118.329 E2.06127
;WIDTH:0.376747
G1 X71.72 Y117.892 E2.08311
;WIDTH:0.397454
G1 X71.337 Y117.362 E2.11027
G1 X71.496 Y116.361 E2.15238
G1 X71.502 Y116.619 E2.1631
G1 X71.633 Y117.163 E2.18635
G1 X71.867 Y117.593 E2.20669
;WIDTH:0.369347
G1 X72.248 Y118.069 E2.22988
;WIDTH:0.396177
G1 X72.462 Y118.246 E2.24137
;WIDTH:0.423007
G1 X72.675 Y118.422 E2.25373
;WIDTH:0.467361
G1 X72.781 Y118.496 E2.26023
;WIDTH:0.511715
G1 X72.887 Y118.569 E2.26741
;WIDTH:0.556069
G1 X72.992 Y118.642 E2.27525
;WIDTH:0.600423
G1 X73.049 Y118.682 E2.27991
G1 E.27991 F2400
G92 E0
G1 X73.049 Y118.682 F7800
G1 X72.692 Y114.177
G1 E2 F2400
;WIDTH:0.389288
G1 F900
G1 X72.579 Y114.242 E2.00528
G1 X72.2 Y114.552 E2.02512
G1 X71.889 Y114.931 E2.04499
G1 X71.643 Y115.413 E2.06692
G1 X71.791 Y114.477 E2.10532
G1 X72.635 Y114.196 E2.14137
G1 E.14137 F2400
G92 E0
G1 X72.635 Y114.196 F7800
G1 X75.996 Y115.872
G1 E2 F2400
;WIDTH:0.45
G1 F900
G1 X76.012 Y115.932 E2.00299
G1 X76.042 Y116.35 E2.02315
G1 X75.989 Y116.766 E2.04332
G1 X75.825 Y117.217 E2.0664
G1 X75.616 Y117.557 E2.0856
G1 X75.245 Y117.937 E2.11114
G1 X74.751 Y118.234 E2.13886
G1 X74.35 Y118.357 E2.15903
G1 X73.933 Y118.397 E2.17918
G1 X73.564 Y118.366 E2.19699
G1 X73.116 Y118.23 E2.21951
G1 X72.748 Y118.029 E2.23968
G1 X72.428 Y117.759 E2.25982
G1 X72.167 Y117.43 E2.28002
G1 X71.977 Y117.057 E2.30015
G1 X71.862 Y116.61 E2.32235
;WIDTH:0.495921
G1 X71.834 Y116.434 E2.33194
;WIDTH:0.541842
G1 X71.807 Y116.257 E2.3426
;WIDTH:0.587764
G1 X71.779 Y116.081 E2.35423
;WIDTH:0.599698
G1 X71.868 Y115.608 E2.38637
G1 X71.906 Y115.578 E2.3896
;WIDTH:0.549798
G1 X71.943 Y115.548 E2.39248
;WIDTH:0.499899
G1 X71.98 Y115.518 E2.39507
;WIDTH:0.45
G1 X72.173 Y115.146 E2.41523
G1 X72.435 Y114.819 E2.43538
;WIDTH:0.493763
G1 X72.619 Y114.66 E2.4484
;WIDTH:0.537526
G1 X72.803 Y114.5 E2.46279
;WIDTH:0.58129
G1 X72.987 Y114.341 E2.47847
;WIDTH:0.594025
G1 X73.517 Y114.156 E2.51555
G1 X73.76 Y114.174 E2.53165
;WIDTH:0.546016
G1 X74.004 Y114.192 E2.54635
;WIDTH:0.498008
G1 X74.247 Y114.21 E2.55953
;WIDTH:0.45
G1 X74.761 Y114.355 E2.58522
G1 X75.128 Y114.556 E2.60535
G1 X75.449 Y114.826 E2.62552
G1 X75.709 Y115.154 E2.64565
G1 X75.9 Y115.528 E2.66585
G1 X75.979 Y115.815 E2.68017
G1 X75.979 Y115.815 F7800
G1 X75.628 Y115.97
;TYPE:External perimeter
G1 F900
G1 X75.659 Y116.312 E2.69669
G1 X75.621 Y116.652 E2.71314
G1 X75.487 Y117.033 E2.73257
G1 X75.339 Y117.288 E2.74675
G1 X74.969 Y117.668 E2.77226
G1 X74.577 Y117.886 E2.79383
G1 X74.302 Y117.974 E2.80772
G1 X73.962 Y118.013 E2.82418
G1 X73.637 Y117.987 E2.83986
G1 X73.292 Y117.887 E2.85714
G1 X72.988 Y117.727 E2.87366
G1 X72.723 Y117.511 E2.8901
G1 X72.506 Y117.246 E2.90657
G1 X72.345 Y116.943 E2.92307
G1 X72.247 Y116.6 E2.94023
G1 X72.234 Y116.067 E2.96587
G1 X72.328 Y115.686 E2.98474
G1 X72.48 Y115.379 E3.00122
G1 X72.69 Y115.108 E3.01771
G1 X72.949 Y114.884 E3.03418
G1 X73.248 Y114.716 E3.05068
G1 X73.574 Y114.611 E3.06715
G1 X73.914 Y114.572 E3.08361
G1 X74.256 Y114.601 E3.10012
G1 X74.585 Y114.698 E3.11662
G1 X74.888 Y114.857 E3.13308
G1 X75.153 Y115.074 E3.14955
G1 X75.371 Y115.339 E3.16605
G1 X75.531 Y115.642 E3.18253
G1 X75.611 Y115.913 E3.19612
G1 X75.647 Y116.311 F7800
G1 E1.19612 F2400
G92 E0
G1 X73.961 Y118.87 F7800
G1 E2 F2400
;TYPE:Perimeter
;WIDTH:0.620652
G1 F3600
G1 X73.395 Y118.786 E2.0397
;WIDTH:0.600423
G1 X73.098 Y118.716 E2.0601
G1 E.0601 F2400
G92 E0
G1 X73.098 Y118.716 F7800
G1 X88.128 Y116.505
G1 E2 F2400
;WIDTH:0.45
G1 F3600
G1 X88.042 Y116.484 E2.00426
G1 X78.85 Y116.484 E2.44636
G1 X78.559 Y116.563 E2.46086
G1 X76.43 Y117.804 E2.57938
G1 X76.234 Y117.993 E2.59248
G1 X75.218 Y119.589 E2.68348
G1 X72.152 Y119.005 E2.8336
G1 X70.957 Y117.458 E2.92762
G1 X71.1 Y116.559 E2.9714
;WIDTH:0.496905
G1 X71.152 Y116.385 E2.9812
;WIDTH:0.543811
G1 X71.203 Y116.212 E2.99199
;WIDTH:0.590717
G1 X71.255 Y116.038 E3.00391
;WIDTH:0.599698
G1 X71.345 Y115.5 E3.04033
G1 X71.33 Y115.435 E3.04478
;WIDTH:0.549798
G1 X71.315 Y115.37 E3.04882
;WIDTH:0.499899
G1 X71.3 Y115.306 E3.05239
;WIDTH:0.45
G1 X71.474 Y114.209 E3.10581
G1 X72.456 Y113.881 E3.15561
;WIDTH:0.493763
G1 X72.559 Y113.87 E3.16116
;WIDTH:0.537526
G1 X72.662 Y113.859 E3.16727
;WIDTH:0.58129
G1 X72.765 Y113.847 E3.17396
;WIDTH:0.585169
G1 X73.227 Y113.696 E3.20553
G1 X73.375 Y113.628 E3.21611
;WIDTH:0.551405
G1 X73.524 Y113.561 E3.22603
;WIDTH:0.517642
G1 X73.672 Y113.494 E3.23521
;WIDTH:0.483879
G1 X74.237 Y113.288 E3.26668
;WIDTH:0.45
G1 X83.528 Y112.117 E3.71708
G1 X83.761 Y112.034 E3.72898
G1 X86.279 Y110.466 E3.87165
G1 X86.372 Y110.394 E3.87731
G1 X86.503 Y110.209 E3.88821
G1 X86.552 Y109.975 E3.89971
G1 X86.552 Y87.483 E4.9815
G1 X88.418 Y85.727 E5.10474
G1 X139.845 Y85.727 E7.5782
G1 X140.085 Y85.675 E7.59001
G1 X140.291 Y85.517 E7.6025
G1 X142.771 Y82.515 E7.78978
G1 X144.111 Y81.286 E7.87723
G1 X147.05 Y81.625 E8.01952
G1 X148.96 Y83.43 E8.14592
G1 X148.74 Y83.954 E8.17325
G1 X147.485 Y86.949 E8.32943
G1 X140.827 Y91.532 E8.71819
G1 X140.713 Y91.703 E8.72807
G1 X140.665 Y91.934 E8.73942
G1 X140.665 Y126.469 E10.40043
G1 X114.357 Y126.469 E11.66575
G1 X114.115 Y126.522 E11.67767
G1 X113.893 Y126.701 E11.69139
G1 X112.548 Y128.511 E11.79985
G1 X112.472 Y128.796 E11.81404
G1 X112.472 Y137.119 E12.21435
G1 X111.362 Y138.742 E12.30892
G1 X108.847 Y138.742 E12.42988
G1 X107.452 Y137.085 E12.53406
G1 X107.448 Y135.863 E12.59283
;WIDTH:0.441767
G1 X107.445 Y135.357 E12.61665
;WIDTH:0.45
G1 X107.452 Y128.796 E12.93221
G1 X107.42 Y128.496 E12.94672
G1 X107.283 Y128.277 E12.95914
G1 X106.258 Y127.252 E13.02886
G1 X105.613 Y126.646 E13.07143
G1 X105.348 Y126.582 E13.08454
G1 X88.621 Y126.582 E13.88905
G1 X88.621 Y117.062 E14.34693
G1 X88.524 Y116.742 E14.36301
G1 X88.311 Y116.55 E14.3768
G1 X88.187 Y116.519 E14.38295
G1 X88.187 Y116.519 F7800
G1 X88.042 Y116.869
;TYPE:External perimeter
G1 F1800
G1 X78.85 Y116.869 E14.82505
G1 X78.753 Y116.896 E14.82989
G1 X77.124 Y117.846 E14.92059
G1 X76.559 Y118.2 E14.95266
G1 X75.403 Y120.017 E15.05624
G1 X71.937 Y119.356 E15.22595
G1 X70.55 Y117.562 E15.33502
G1 X71.13 Y113.917 E15.51254
G1 X74.152 Y112.91 E15.66574
G1 X83.479 Y111.735 E16.11788
G1 X83.557 Y111.707 E16.12187
G1 X86.106 Y110.115 E16.26641
G1 X86.166 Y109.975 E16.27374
G1 X86.166 Y87.316 E17.36356
G1 X88.265 Y85.341 E17.50218
G1 X139.845 Y85.341 E19.983
G1 X139.993 Y85.271 E19.99087
G1 X142.49 Y82.248 E20.17945
G1 X143.98 Y80.883 E20.27664
G1 X147.221 Y81.257 E20.43356
G1 X149.419 Y83.333 E20.57898
G1 X149.096 Y84.104 E20.61919
G1 X147.797 Y87.202 E20.78076
G1 X141.104 Y91.8 E21.17131
G1 X141.05 Y91.934 E21.17826
G1 X141.05 Y126.855 E22.85784
G1 X114.342 Y126.855 E24.1424
G1 X114.202 Y126.932 E24.15008
G1 X112.896 Y128.681 E24.25507
G1 X112.858 Y128.796 E24.2609
G1 X112.858 Y137.238 E24.66693
G1 X111.565 Y139.128 E24.77707
G1 X108.668 Y139.128 E24.91641
G1 X107.067 Y137.226 E25.03598
G1 X107.067 Y128.686 E25.44672
G1 X107.01 Y128.55 E25.45381
G1 X105.485 Y127.024 E25.55757
G1 X105.348 Y126.968 E25.56469
G1 X88.235 Y126.968 E26.38777
G1 X88.235 Y117.062 E26.86421
G1 X88.191 Y116.939 E26.87049
G1 X88.097 Y116.895 E26.87548
G1 X87.697 Y116.873 F7800
G1 E24.87548 F2400
G92 E0
G1 X142.691 Y83.191 F7800
G1 E2 F2400
;TYPE:Perimeter
;WIDTH:0.417903
G1 F3600
G1 X143.004 Y82.79 E2.02243
;WIDTH:0.414461
G1 X143.51 Y82.336 E2.05211
G1 E.05211 F2400
G92 E0
G1 X143.51 Y82.336 F7800
G1 X108.167 Y137.317
G1 E2 F2400
;WIDTH:0.474337
G1 F3600
G1 X107.844 Y136.942 E2.02531
G1 E.02531 F2400
G92 E0
G1 X107.844 Y136.942 F7800
G1 X76.048 Y117.614
G1 E2 F2400
;WIDTH:0.449901
G1 F3600
G1 X75.908 Y117.799 E2.01116
G1 E.01116 F2400
G92 E0
G1 X75.908 Y117.799 F7800
G1 X76.063 Y113.738
G1 E2 F2400
;TYPE:Internal infill
;WIDTH:0.45
G1 F4800
G1 X75.904 Y114.331 E2.02953
G1 X75.509 Y114.002 E2.05425
G1 X76.879 Y113.635 E2.12247
G1 X76.83 Y113.641 E2.12484
G1 X79.007 Y115.818 E2.27292
G1 X78.487 Y115.863 E2.29802
G1 X79.161 Y113.347 E2.4233
G1 X78.646 Y113.412 E2.44827
G1 X81.05 Y115.816 E2.61179
G1 E.61179 F2400
G92 E0
G1 X81.05 Y115.816 F7800
G1 X78.455 Y113.436
G1 E2 F2400
G1 F4800
G1 X77.612 Y113.543 E2.04087
G1 X76.725 Y116.851 E2.20559
G1 X76.64 Y116.901 E2.21033
G1 X76.688 Y116.68 E2.22121
G1 X77.301 Y116.516 E2.25173
G1 X77.528 Y116.384 E2.26436
G1 X76.575 Y115.431 E2.32918
G1 X76.508 Y115.231 E2.33932
G1 X139.997 Y98.22 E5.50063
G1 X139.997 Y98.62 E5.51987
G1 X132.715 Y125.794 E6.87296
G1 E4.87296 F2400
G92 E0
G1 X132.715 Y125.794 F7800
G1 X130.077 Y125.794
G1 E2 F2400
G1 F4800
G1 X131.218 Y125.794 E2.05488
G1 X139.998 Y93.028 E3.68641
G1 X139.998 Y92.962 E3.68958
G1 X133.438 Y86.402 E4.13578
G1 X133.438 Y86.402 F7800
G1 X132.791 Y86.402
G1 F4800
G1 X122.236 Y125.794 E6.09723
G1 X123.54 Y125.794 E6.15995
G1 X123.54 Y125.794 F7800
G1 X121.704 Y125.794
G1 F4800
G1 X87.227 Y91.317 E8.50504
G1 X87.227 Y91.4 E8.50903
G1 X105.882 Y86.402 E9.43792
G1 X95.232 Y125.907 E11.40581
G1 X89.293 Y119.969 E11.80974
G1 X89.293 Y120.232 E11.82239
G1 X98.358 Y86.402 E13.5069
G1 X98.672 Y86.402 E13.522
G1 X138.064 Y125.794 E16.2014
G1 X138.064 Y125.794 F7800
G1 X138.704 Y125.794
G1 F4800
G1 X139.991 Y120.99 E16.4406
G1 X139.991 Y120.677 E16.45565
G1 X120.895 Y125.794 E17.4065
G1 X120.739 Y125.794 E17.414
G1 X131.294 Y86.402 E19.37545
G1 X131.393 Y86.402 E19.38021
G1 X139.998 Y95.006 E19.96548
G1 X139.998 Y95.225 E19.97601
G1 X87.227 Y109.365 E22.60365
G1 X87.227 Y109.723 E22.62087
G1 X103.412 Y125.907 E23.72172
G1 X103.711 Y125.907 E23.7361
G1 X139.992 Y116.186 E25.54264
G1 E23.54264 F2400
G92 E0
G1 X139.992 Y116.186 F7800
G1 X139.993 Y113.6
G1 E2 F2400
G1 F4800
G1 X139.993 Y114.689 E2.05238
G1 X98.124 Y125.907 E4.13716
G1 X98.252 Y125.907 E4.14332
G1 X108.838 Y86.402 E6.11041
G1 X108.897 Y86.402 E6.11325
G1 X139.992 Y117.496 E8.22826
G1 X139.992 Y117.683 E8.23725
G1 X106.593 Y126.632 E9.90029
G1 X106.946 Y126.986 E9.92433
G1 X117.82 Y86.402 E11.94513
G1 X118.93 Y86.402 E11.99852
G1 E9.99852 F2400
G92 E0
G1 X118.93 Y86.402 F7800
G1 X116.323 Y86.402
G1 E2 F2400
G1 F4800
G1 X105.721 Y125.969 E3.97017
G1 X105.472 Y125.923 E3.98235
G1 X87.227 Y107.677 E5.22339
G1 X87.227 Y107.868 E5.23258
G1 X139.998 Y93.728 E7.86022
G1 E5.86022 F2400
G92 E0
G1 X139.998 Y93.728 F7800
G1 X140.576 Y90.872
G1 E2 F2400
G1 F4800
G1 X142.092 Y85.213 E2.28178
G1 X142.216 Y85.648 E2.30354
G1 X140.712 Y86.051 E2.37843
G1 X140.965 Y85.748 E2.39742
G1 X143.85 Y88.634 E2.59369
G1 X142.795 Y89.355 E2.65515
G1 X142.795 Y89.355 F7800
G1 X144.241 Y88.367
G1 F4800
G1 X144.473 Y87.502 E2.69822
G1 X144.8 Y87.539 E2.71405
G1 X145.065 Y87.804 E2.73207
G1 X144.884 Y87.928 E2.74262
G1 X87.227 Y103.377 E5.61355
G1 X87.227 Y103.587 E5.62365
G1 X111.917 Y128.278 E7.30307
G1 X111.968 Y128.186 E7.30813
G1 X108.127 Y129.215 E7.49938
G1 X108.127 Y130.43 E7.55782
G1 X108.127 Y130.43 F7800
G1 X108.127 Y130.905
G1 F4800
G1 X108.127 Y132.21 E7.62059
G1 X111.798 Y131.226 E7.80339
G1 X111.228 Y133.354 E7.90935
G1 X111.798 Y133.828 E7.94501
G1 X111.798 Y132.723 E7.99816
G1 X110.536 Y133.032 E8.06065
G1 X108.127 Y130.623 E8.22451
G1 X108.127 Y130.712 E8.22879
G1 X111.798 Y129.729 E8.41157
G1 X111.798 Y130.203 E8.43437
G1 X87.227 Y105.632 E10.10566
G1 X92.37 Y86.402 E11.06306
G1 X92.537 Y86.402 E11.07109
G1 X131.929 Y125.794 E13.75049
G1 X139.99 Y123.672 E14.1514
G1 X102.762 Y86.402 E16.68503
G1 X102.849 Y86.402 E16.68921
G1 X92.264 Y125.907 E18.65629
G1 X92.537 Y125.907 E18.66942
G1 X139.993 Y113.192 E21.0324
G1 X139.993 Y113.407 E21.04274
G1 X112.987 Y86.402 E22.87962
G1 X113.329 Y86.402 E22.89607
G1 X102.743 Y125.907 E24.86316
G1 X101.559 Y125.907 E24.92011
G1 E22.92011 F2400
G92 E0
G1 X101.559 Y125.907 F7800
G1 X104.241 Y125.907
G1 E2 F2400
G1 F4800
G1 X114.826 Y86.402 E3.96708
G1 X115.032 Y86.402 E3.97699
G1 X139.993 Y111.363 E5.67481
G1 X139.993 Y111.694 E5.69073
G1 X89.295 Y125.279 E8.21515
G1 X89.295 Y125.279 F7800
G1 X90.574 Y125.907
G1 F4800
G1 X89.295 Y125.907 E8.27667
G1 X89.295 Y125.811 E8.28129
G1 X99.855 Y86.402 E10.2436
G1 E8.2436 F2400
G92 E0
G1 X99.855 Y86.402 F7800
G1 X104.807 Y86.402
G1 E2 F2400
G1 F4800
G1 X139.991 Y121.585 E4.39314
G1 X139.991 Y121.585 F7800
G1 X139.991 Y122.175
G1 F4800
G1 X126.482 Y125.794 E5.06579
G1 X126.727 Y125.794 E5.07757
G1 X137.282 Y86.402 E7.03902
G1 X137.528 Y86.402 E7.05085
G1 X141.421 Y90.294 E7.31561
G1 X141.28 Y90.39 E7.32381
G1 X87.227 Y104.874 E10.01529
G1 E8.01529 F2400
G92 E0
G1 X87.227 Y107.485 F7800
G1 E2 F2400
G1 F4800
G1 X87.227 Y106.371 E2.05358
G1 X139.998 Y92.231 E4.68122
G1 X139.998 Y91.78 E4.70291
G1 X140.092 Y91.436 E4.72006
G1 X140.254 Y91.172 E4.73496
G1 X135.483 Y86.402 E5.05944
G1 X135.785 Y86.402 E5.07397
G1 X125.23 Y125.794 E7.03542
G1 X125.794 Y125.794 E7.06255
G1 X87.509 Y87.509 E9.66665
G1 X87.606 Y87.417 E9.67308
G1 X87.227 Y88.834 E9.74363
G1 X87.227 Y89.272 E9.7647
G1 X123.749 Y125.794 E12.24888
G1 X134.288 Y86.402 E14.21014
G1 X133.818 Y86.402 E14.23275
G1 X87.227 Y98.886 E16.55267
G1 X87.227 Y98.886 F7800
G1 X87.227 Y99.497
G1 F4800
G1 X113.709 Y125.979 E18.35394
G1 X114.066 Y125.828 E18.37258
G1 X114.75 Y125.794 E18.40552
G1 X125.306 Y86.402 E20.36699
G1 X125.258 Y86.402 E20.3693
G1 X139.996 Y101.14 E21.37176
G1 X139.996 Y101.214 E21.37532
G1 X85.518 Y115.811 E24.08795
G1 X85.136 Y115.812 E24.10632
G1 X82.26 Y112.957 E24.30123
G1 X81.494 Y115.815 E24.44354
G1 X82.799 Y115.814 E24.50631
G1 X83.286 Y115.814 F7800
G1 F4800
G1 X84.489 Y115.812 E24.56417
G1 X85.594 Y111.688 E24.76952
G1 X85.291 Y111.877 E24.7867
G1 X99.322 Y125.907 E25.74104
G1 X99.749 Y125.907 E25.76158
G1 X110.335 Y86.402 E27.72867
G1 X110.335 Y86.402 F7800
G1 X110.942 Y86.402
G1 F4800
G1 X139.992 Y115.452 E29.70462
G1 X139.992 Y115.398 E29.70722
G1 X137.207 Y125.794 E30.22486
G1 X137.657 Y125.794 E30.2465
G1 X139.99 Y125.169 E30.36267
G1 X139.99 Y125.674 E30.38696
G1 X100.717 Y86.402 E33.05823
G1 X100.295 Y86.402 E33.07853
G1 X87.227 Y89.903 E33.72922
G1 X87.227 Y91.124 E33.78795
G1 X87.227 Y91.124 F7800
G1 X87.227 Y91.593
G1 F4800
G1 X87.227 Y92.897 E33.85067
G1 X111.469 Y86.402 E35.05775
G1 X111.832 Y86.402 E35.07521
G1 X101.246 Y125.907 E37.0423
G1 X101.367 Y125.907 E37.04812
G1 X86.551 Y111.092 E38.05585
G1 X86.676 Y111.01 E38.06304
G1 X139.997 Y96.722 E40.71807
G1 X139.997 Y97.051 E40.73389
G1 X129.348 Y86.402 E41.45822
G1 X129.797 Y86.402 E41.47982
G1 X119.242 Y125.794 E43.44127
G1 X119.659 Y125.794 E43.46133
G1 X87.227 Y93.362 E45.66732
G1 E43.66732 F2400
G92 E0
G1 X87.227 Y88.406 F7800
G1 E2 F2400
G1 F4800
G1 X94.707 Y86.402 E2.37245
G1 X94.582 Y86.402 E2.37846
G1 X133.974 Y125.794 E5.05786
G1 X134.213 Y125.794 E5.06936
G1 X139.995 Y104.208 E6.14417
G1 X89.292 Y117.794 E8.66884
G1 X89.292 Y117.923 E8.67504
G1 X97.277 Y125.907 E9.21814
G1 X96.755 Y125.907 E9.24325
G1 X107.341 Y86.402 E11.21034
G1 X106.852 Y86.402 E11.23386
G1 X139.991 Y119.541 E13.48794
G1 X139.991 Y119.18 E13.5053
G1 X115.308 Y125.794 E14.73435
G1 X115.569 Y125.794 E14.7469
G1 X87.227 Y97.452 E16.67469
G1 X87.227 Y97.388 E16.67777
G1 X128.3 Y86.402 E18.72269
G1 X117.745 Y125.794 E20.68414
G1 X117.614 Y125.794 E20.69044
G1 X87.227 Y95.407 E22.75733
G1 X87.227 Y95.891 E22.78061
G1 X122.643 Y86.402 E24.54408
G1 X122.312 Y86.402 E24.56
G1 X109.848 Y132.918 E26.87618
G1 X109.3 Y132.958 E26.90261
G1 X108.811 Y133.097 E26.92706
G1 X108.811 Y133.097 F7800
G1 X108.127 Y132.668
G1 F4800
G1 X108.634 Y133.175 E26.96155
G1 X108.212 Y133.435 E26.98539
G1 X120.814 Y86.402 E29.32731
G1 X121.168 Y86.402 E29.34434
G1 X139.995 Y105.229 E30.62493
G1 E28.62493 F2400
G92 E0
G1 X139.994 Y110.197 F7800
G1 E2 F2400
G1 F4800
G1 X89.295 Y123.782 E4.52447
G1 X89.295 Y124.061 E4.53789
G1 X91.141 Y125.907 E4.66345
G1 X90.767 Y125.907 E4.68144
G1 X101.352 Y86.402 E6.64852
G1 X102.569 Y86.402 E6.70705
G1 X102.569 Y86.402 F7800
G1 X103.042 Y86.402
G1 F4800
G1 X104.347 Y86.402 E6.76982
G1 X93.761 Y125.907 E8.73691
G1 X95.039 Y125.907 E8.79838
G1 X95.039 Y125.907 F7800
G1 X93.186 Y125.907
G1 F4800
G1 X89.294 Y122.015 E9.06311
G1 X89.294 Y122.285 E9.0761
G1 X139.994 Y108.7 E11.60062
G1 X139.994 Y107.466 E11.65997
G1 X139.994 Y107.466 F7800
G1 X139.995 Y107.01
G1 F4800
G1 X139.995 Y105.706 E11.72269
G1 X89.293 Y119.291 E14.2473
G1 E12.2473 F2400
G92 E0
G1 X89.293 Y119.291 F7800
G1 X89.294 Y121.822
G1 E2 F2400
G1 F4800
G1 X89.294 Y120.788 E2.04973
G1 X139.995 Y107.203 E4.57429
G1 X139.994 Y107.274 E4.57771
G1 X119.122 Y86.402 E5.9974
G1 X119.317 Y86.402 E6.00678
G1 X108.077 Y128.35 E8.09551
G1 X108.117 Y128.568 E8.10617
G1 X111.798 Y132.248 E8.35651
G1 E6.35651 F2400
G92 E0
G1 X111.798 Y132.248 F7800
G1 X107.082 Y127.122
G1 E2 F2400
G1 F4800
G1 X107.772 Y127.813 E2.04697
G1 X113.333 Y126.323 E2.32387
G1 E.32387 F2400
G92 E0
G1 X113.333 Y126.323 F7800
G1 X116.248 Y125.794
G1 E2 F2400
G1 F4800
G1 X126.803 Y86.402 E3.96145
G1 X125.498 Y86.402 E4.02422
G1 X125.498 Y86.402 F7800
G1 X127.303 Y86.402
G1 F4800
G1 X139.997 Y99.095 E4.88762
G1 X139.997 Y99.095 F7800
G1 X139.996 Y99.717
G1 F4800
G1 X79.91 Y115.817 E7.8795
G1 X79.997 Y115.817 E7.88368
G1 X80.711 Y113.152 E8.01638
G1 X80.463 Y113.184 E8.02841
G1 X83.093 Y115.814 E8.2073
G1 X82.992 Y115.814 E8.21216
G1 X83.816 Y112.739 E8.36527
G1 X84.023 Y112.654 E8.37603
G1 X87.179 Y115.81 E8.5907
G1 X87.484 Y115.81 E8.60537
G1 X95.364 Y86.402 E10.06969
G1 X96.434 Y86.402 E10.12115
G1 E8.12115 F2400
G92 E0
G1 X96.434 Y86.402 F7800
G1 X93.867 Y86.402
G1 E2 F2400
G1 F4800
G1 X85.987 Y115.811 E3.46437
G1 E1.46437 F2400
G92 E0
G1 X85.987 Y115.811 F7800
G1 X138.779 Y86.402
G1 E2 F2400
G1 F4800
G1 X128.224 Y125.794 E3.96145
G1 X127.839 Y125.794 E3.97997
G1 X88.563 Y86.517 E6.65151
G1 X88.686 Y86.402 E6.65961
G1 X89.376 Y86.402 E6.6928
G1 X87.227 Y94.394 E7.09084
G1 X117.077 Y86.402 E8.57709
G1 X139.994 Y109.318 E10.13584
G1 X139.994 Y109.805 E10.15926
G1 X135.71 Y125.794 E10.9554
G1 X136.019 Y125.794 E10.97026
G1 X96.627 Y86.402 E13.64966
G1 X96.861 Y86.402 E13.66091
G1 X88.892 Y116.142 E15.14176
G1 X89.072 Y116.356 E15.15521
G1 X139.996 Y102.711 E17.69088
G1 X139.996 Y103.185 E17.71368
G1 X123.213 Y86.402 E18.85524
G1 X123.809 Y86.402 E18.88391
G1 X112.987 Y126.786 E20.89477
G1 X112.767 Y127.082 E20.91251
G1 X87.227 Y101.542 E22.64971
G1 X87.227 Y101.88 E22.66597
G1 X143.14 Y86.89 E25.45016
G1 X142.408 Y89.619 E25.58606
G1 X142.636 Y89.464 E25.59932
G1 X139.573 Y86.402 E25.80763
G1 X139.405 Y86.402 E25.81571
G1 X87.227 Y100.383 E28.41382
G1 X87.227 Y100.008 E28.43186
G1 X90.873 Y86.402 E29.10935
G1 X90.492 Y86.402 E29.12767
G1 X129.884 Y125.794 E31.80707
G1 X129.721 Y125.794 E31.81491
G1 X140.301 Y86.312 E33.78086
G1 X139.766 Y86.402 E33.80695
G1 X139.766 Y86.402 F7800
G1 X141.088 Y85.6
G1 F4800
G1 X141.894 Y84.632 E33.86753
G1 X142.026 Y84.765 E33.87654
G1 X142.048 Y85.026 E33.88914
G1 E31.88914 F2400
G92 E0
G1 X142.048 Y85.026 F7800
G1 X147.667 Y83.141
G1 E2 F2400
;TYPE:Solid infill
;WIDTH:0.405307
G1 F1200
G1 X147.634 Y83.197 E2.00276
G1 X147.813 Y83.687 E2.02494
G1 X147.912 Y84.075 E2.04197
G1 X147.945 Y84.078 E2.04338
G1 X147.993 Y84.049 E2.04576
G1 X148.182 Y83.598 E2.06655
G1 X147.811 Y83.269 E2.08764
;LAYER_CHANGE
;Z:1.55
;HEIGHT:0.3
 ; After First Layer

G1 Z1.55 F7800
G1 E.08764 F2400
G1 Z1.55 F7800
G1 X144.893 Y81.816
G1 E2.08764 F2400
;TYPE:Perimeter
;WIDTH:0.552621
G1 F900
G1 X144.793 Y81.849 E2.09405
;WIDTH:0.511551
G1 X144.694 Y81.881 E2.09985
;WIDTH:0.470481
G1 X144.594 Y81.914 E2.10518
;WIDTH:0.429411
G1 X144.494 Y81.947 E2.10997
;WIDTH:0.388342
G1 X143.985 Y82.098 E2.13142
;WIDTH:0.414463
G1 X143.51 Y82.336 E2.15462
G1 X143.757 Y82.094 E2.16972
;WIDTH:0.391757
G1 X144.231 Y81.657 E2.19604
;WIDTH:0.388342
G1 X144.493 Y81.687 E2.2067
;WIDTH:0.429411
G1 X144.593 Y81.719 E2.21148
;WIDTH:0.470481
G1 X144.693 Y81.752 E2.21681
;WIDTH:0.511551
G1 X144.793 Y81.784 E2.22267
;WIDTH:0.552621
G1 X144.836 Y81.798 E2.22542
G1 E.22542 F2400
G92 E0
G1 X144.836 Y81.798 F7800
G1 X147.359 Y86.036
G1 E2 F2400
;WIDTH:0.617155
G1 F3600
G1 X147.339 Y86.143 E2.0075
;WIDTH:0.569886
G1 X147.32 Y86.251 E2.01441
;WIDTH:0.522618
G1 X147.3 Y86.359 E2.02069
;WIDTH:0.475349
G1 X147.281 Y86.466 E2.02626
;WIDTH:0.428081
G1 X147.203 Y86.653 E2.03545
G1 X146.842 Y86.949 E2.05663
;WIDTH:0.416725
G1 X146.371 Y87.265 E2.08156
;WIDTH:0.45
G1 X145.891 Y87.575 E2.10904
G1 X141.28 Y90.739 E2.378
G1 X140.549 Y91.265 E2.42131
G1 X140.359 Y91.549 E2.43774
G1 X140.279 Y91.934 E2.45665
G1 X140.279 Y126.083 E4.0991
G1 X114.211 Y126.094 E5.35288
G1 X113.858 Y126.223 E5.37096
G1 X113.584 Y126.471 E5.38873
G1 X112.278 Y128.219 E5.49368
G1 X112.152 Y128.447 E5.50621
G1 X112.087 Y128.796 E5.52328
G1 X112.095 Y135.194 E5.831
G1 X111.984 Y134.738 E5.85357
G1 X111.776 Y134.316 E5.8762
G1 X111.488 Y133.944 E5.89883
G1 X111.133 Y133.636 E5.92143
G1 X110.723 Y133.405 E5.94406
G1 X110.276 Y133.259 E5.96668
G1 X109.809 Y133.205 E5.98929
G1 X109.341 Y133.244 E6.01188
G1 X108.638 Y133.502 E6.0479
G1 X108.193 Y133.81 E6.07393
G1 X107.838 Y134.214 E6.0998
G1 X107.838 Y128.796 E6.36039
G1 X107.823 Y128.52 E6.37368
G1 X107.729 Y128.241 E6.38784
G1 X107.556 Y128.004 E6.40195
G1 X105.97 Y126.423 E6.50966
G1 X105.705 Y126.265 E6.5245
G1 X105.348 Y126.197 E6.54198
G1 X89.006 Y126.197 E7.32797
G1 X89.003 Y116.988 E7.77089
G1 X88.899 Y116.621 E7.78924
G1 X88.691 Y116.349 E7.80571
G1 X88.375 Y116.158 E7.82347
G1 X88.042 Y116.098 E7.83974
G1 X78.73 Y116.106 E8.28762
G1 X78.364 Y116.23 E8.30621
G1 X76.236 Y117.472 E8.42472
;WIDTH:0.44732
G1 X76.006 Y117.668 E8.43915
;WIDTH:0.445881
G1 X76.138 Y117.441 E8.45164
;WIDTH:0.45
G1 X76.334 Y116.947 E8.4772
G1 X76.426 Y116.388 E8.50445
G1 X76.396 Y115.893 E8.5283
G1 X76.268 Y115.414 E8.55215
G1 X76.048 Y114.97 E8.57598
G1 X75.744 Y114.578 E8.59984
G1 X75.369 Y114.254 E8.62368
G1 X74.936 Y114.011 E8.64756
G1 X74.465 Y113.859 E8.67136
G1 X73.972 Y113.803 E8.69522
G1 X74.323 Y113.665 E8.71336
G1 X83.576 Y112.5 E9.16191
G1 X83.965 Y112.362 E9.18176
G1 X86.483 Y110.793 E9.32445
G1 X86.741 Y110.558 E9.34123
G1 X86.885 Y110.29 E9.35586
G1 X86.938 Y109.975 E9.37122
G1 X86.938 Y87.65 E10.44497
G1 X88.571 Y86.112 E10.55286
G1 X139.139 Y86.112 E12.98501
G1 X140.082 Y86.083 E13.03039
G1 X140.314 Y85.991 E13.04239
G1 X140.588 Y85.762 E13.05957
G1 X142.313 Y83.674 E13.18983
G1 X142.691 Y83.191 E13.21933
G1 X142.497 Y83.553 E13.23908
G1 X142.346 Y84.068 E13.26489
G1 X142.299 Y84.572 E13.28924
G1 X142.337 Y85.02 E13.31086
G1 X142.476 Y85.523 E13.33596
G1 X142.715 Y86.004 E13.36179
G1 X143.067 Y86.451 E13.38915
G1 X143.453 Y86.777 E13.41345
G1 X143.922 Y87.038 E13.43926
G1 X144.434 Y87.202 E13.46512
G1 X144.967 Y87.261 E13.49091
G1 X145.502 Y87.214 E13.51674
G1 X146.015 Y87.054 E13.54259
;WIDTH:0.435579
G1 X146.48 Y86.789 E13.56737
;WIDTH:0.428081
G1 X146.912 Y86.448 E13.59234
;WIDTH:0.475349
G1 X147.024 Y86.345 E13.60014
;WIDTH:0.522618
G1 X147.135 Y86.242 E13.60879
;WIDTH:0.569886
G1 X147.247 Y86.139 E13.61838
;WIDTH:0.617155
G1 X147.315 Y86.077 E13.62472
G1 E11.62472 F2400
G92 E0
G1 X147.315 Y86.077 F7800
G1 X146.923 Y82.66
G1 E2 F2400
;WIDTH:0.512261
G1 F900
G1 X146.822 Y82.553 E2.00822
;WIDTH:0.500528
G1 X146.389 Y82.226 E2.03774
;WIDTH:0.546001
G1 X146.15 Y82.09 E2.05426
;WIDTH:0.591475
G1 X145.911 Y81.953 E2.07237
G1 X146.121 Y81.953 E2.08618
;WIDTH:0.543608
G1 X146.867 Y82.018 E2.13094
;WIDTH:0.500528
G1 X147.174 Y82.299 E2.15358
;WIDTH:0.517383
G1 X147.568 Y82.691 E2.18498
G1 X147.768 Y82.857 E2.19967
;WIDTH:0.483691
G1 X147.969 Y83.024 E2.21334
;WIDTH:0.45
G1 X148.502 Y83.527 E2.24859
G1 X148.385 Y83.805 E2.2631
G1 X147.994 Y84.738 E2.31176
;WIDTH:0.493336
G1 X147.923 Y84.851 E2.3189
;WIDTH:0.536672
G1 X147.851 Y84.965 E2.32684
;WIDTH:0.580008
G1 X147.78 Y85.079 E2.33548
;WIDTH:0.623345
G1 X147.709 Y85.193 E2.34484
G1 X147.706 Y85.101 E2.35126
;WIDTH:0.58307
G1 X147.703 Y85.009 E2.35721
;WIDTH:0.542795
G1 X147.697 Y84.739 E2.37332
;WIDTH:0.496397
G1 X147.691 Y84.469 E2.38787
;WIDTH:0.45
G1 X147.619 Y83.937 E2.41369
G1 X147.442 Y83.43 E2.43952
;WIDTH:0.48113
G1 X147.317 Y83.188 E2.45368
;WIDTH:0.512261
G1 X147.193 Y82.947 E2.46882
G1 X146.964 Y82.704 E2.48747
G1 X146.964 Y82.704 F7800
G1 X146.605 Y82.911
;WIDTH:0.45
G1 F900
G1 X146.651 Y82.95 E2.49037
G1 X146.938 Y83.31 E2.51251
G1 X147.148 Y83.72 E2.53467
G1 X147.273 Y84.163 E2.55681
G1 X147.307 Y84.622 E2.57895
G1 X147.254 Y85.065 E2.60041
G1 X147.148 Y85.41 E2.61777
G1 X146.938 Y85.819 E2.63988
G1 X146.651 Y86.179 E2.66202
G1 X146.299 Y86.475 E2.68414
G1 X145.894 Y86.695 E2.70631
G1 X145.454 Y86.831 E2.72846
G1 X144.996 Y86.877 E2.7506
G1 X144.538 Y86.831 E2.77274
G1 X144.098 Y86.695 E2.79489
G1 X143.694 Y86.475 E2.81702
G1 X143.354 Y86.193 E2.83827
G1 X143.033 Y85.78 E2.86343
G1 X142.844 Y85.409 E2.88346
G1 X142.72 Y84.976 E2.90512
G1 X142.684 Y84.594 E2.92357
G1 X142.719 Y84.163 E2.94437
G1 X142.844 Y83.72 E2.96651
G1 X143.054 Y83.31 E2.98867
G1 X143.341 Y82.951 E3.01078
G1 X143.694 Y82.655 E3.03294
G1 X144.098 Y82.434 E3.05509
G1 X144.538 Y82.299 E3.07723
G1 X144.996 Y82.253 E3.09937
G1 X145.454 Y82.299 E3.12151
G1 X145.894 Y82.434 E3.14365
G1 X146.378 Y82.718 E3.17064
G1 X146.56 Y82.873 E3.18214
G1 X146.56 Y82.873 F7800
G1 X146.356 Y83.198
;TYPE:External perimeter
G1 F900
G1 X146.6 Y83.495 E3.20063
G1 X146.829 Y83.992 E3.22695
G1 X146.889 Y84.202 E3.23745
G1 X146.924 Y84.584 E3.2559
G1 X146.883 Y84.961 E3.27414
G1 X146.801 Y85.242 E3.28822
G1 X146.631 Y85.586 E3.30668
G1 X146.396 Y85.89 E3.32516
G1 X146.106 Y86.141 E3.34361
G1 X145.771 Y86.33 E3.36211
G1 X145.406 Y86.448 E3.38056
G1 X145.025 Y86.492 E3.39901
G1 X144.643 Y86.46 E3.41745
G1 X144.274 Y86.352 E3.43594
G1 X143.934 Y86.174 E3.4544
G1 X143.641 Y85.936 E3.47256
G1 X143.372 Y85.596 E3.49341
G1 X143.213 Y85.296 E3.50974
G1 X143.103 Y84.931 E3.52808
G1 X143.07 Y84.615 E3.54336
G1 X143.093 Y84.258 E3.56057
G1 X143.191 Y83.887 E3.57903
G1 X143.361 Y83.543 E3.59749
G1 X143.596 Y83.24 E3.61593
G1 X143.887 Y82.989 E3.63441
G1 X144.221 Y82.8 E3.65287
G1 X144.586 Y82.681 E3.67133
G1 X144.967 Y82.637 E3.68978
G1 X145.35 Y82.67 E3.70827
G1 X145.718 Y82.777 E3.7267
G1 X146.137 Y83.019 E3.74997
G1 X146.309 Y83.16 E3.76067
G1 X146.569 Y83.465 F7800
G1 E1.76067 F2400
G92 E0
G1 X147.709 Y85.193 F7800
G1 E2 F2400
;TYPE:Perimeter
;WIDTH:0.623345
G1 F3600
G1 X147.415 Y85.921 E2.05474
;WIDTH:0.617155
G1 X147.359 Y86.036 E2.06356
G1 E.06356 F2400
G92 E0
G1 X147.359 Y86.036 F7800
G1 X144.893 Y81.816
G1 E2 F2400
;WIDTH:0.552621
G1 F3600
G1 X145.412 Y81.861 E2.03172
;WIDTH:0.557488
G1 X145.661 Y81.907 E2.04729
;WIDTH:0.591475
G1 X145.911 Y81.953 E2.064
G1 E.064 F2400
G92 E0
G1 X145.911 Y81.953 F7800
G1 X112.09 Y136.009
G1 E2 F2400
;WIDTH:0.442589
G1 F900
G1 X112.092 Y136.204 E2.0092
;WIDTH:0.439325
G1 X112.094 Y137.002 E2.04652
;WIDTH:0.443323
G1 X111.872 Y137.32 E2.06485
;WIDTH:0.469251
G1 X111.717 Y137.523 E2.07775
;WIDTH:0.49518
G1 X111.563 Y137.726 E2.09144
;WIDTH:0.533693
G1 X111.414 Y137.909 E2.10525
;WIDTH:0.572206
G1 X111.265 Y138.093 E2.12025
;WIDTH:0.610719
G1 X111.116 Y138.276 E2.13633
G1 X110.753 Y138.299 E2.16112
;WIDTH:0.565219
G1 X110.493 Y138.317 E2.1774
;WIDTH:0.528785
G1 X110.233 Y138.335 E2.1925
;WIDTH:0.492351
G1 X109.719 Y138.345 E2.21994
;WIDTH:0.511137
G1 X109.041 Y138.326 E2.25773
G1 X108.167 Y137.317 E2.33211
;WIDTH:0.502288
G1 X108.395 Y137.517 E2.34868
;WIDTH:0.511137
G1 X108.807 Y137.755 E2.37519
G1 X109.206 Y137.887 E2.39861
G1 X109.734 Y137.938 E2.42817
;WIDTH:0.49675
G1 X110.254 Y137.904 E2.45627
;WIDTH:0.534739
G1 X110.45 Y137.857 E2.46809
;WIDTH:0.572729
G1 X110.647 Y137.809 E2.48095
;WIDTH:0.610719
G1 X110.843 Y137.762 E2.49468
G1 X110.968 Y137.669 E2.5053
;WIDTH:0.574376
G1 X111.093 Y137.576 E2.51521
;WIDTH:0.538033
G1 X111.329 Y137.337 E2.53505
;WIDTH:0.490678
G1 X111.564 Y137.099 E2.55283
;WIDTH:0.443323
G1 X111.858 Y136.646 E2.57835
;WIDTH:0.442589
G1 X112.07 Y136.066 E2.60748
G1 E.60748 F2400
G92 E0
G1 X112.07 Y136.066 F7800
G1 X110.111 Y133.624
G1 E2 F2400
;WIDTH:0.45
G1 F900
G1 X110.172 Y133.63 E2.00295
G1 X110.547 Y133.748 E2.02186
G1 X110.892 Y133.938 E2.0408
G1 X111.193 Y134.192 E2.05974
G1 X111.437 Y134.501 E2.07868
G1 X111.615 Y134.852 E2.09761
G1 X111.72 Y135.231 E2.11653
G1 X111.748 Y135.624 E2.13548
G1 X111.683 Y136.054 E2.1564
G1 X111.443 Y136.624 E2.18615
G1 X111.181 Y136.952 E2.20634
G1 X110.879 Y137.204 E2.22526
G1 X110.532 Y137.391 E2.24422
G1 X110.156 Y137.505 E2.26312
G1 X109.764 Y137.543 E2.28206
G1 X109.486 Y137.522 E2.29547
G1 X108.997 Y137.384 E2.31991
G1 X108.652 Y137.195 E2.33883
G1 X108.351 Y136.94 E2.3578
G1 X108.107 Y136.632 E2.3767
G1 X107.929 Y136.281 E2.39563
;WIDTH:0.449868
G1 X107.827 Y135.901 E2.41455
;WIDTH:0.443507
G1 X107.827 Y135.231 E2.44623
;WIDTH:0.45
G1 X107.974 Y134.746 E2.4706
G1 X108.172 Y134.406 E2.48952
G1 X108.434 Y134.112 E2.50846
G1 X108.787 Y133.857 E2.5294
G1 X109.389 Y133.627 E2.5604
G1 X109.78 Y133.59 E2.57929
G1 X110.051 Y133.618 E2.59239
G1 X110.051 Y133.618 F7800
G1 X110.067 Y134.002
;TYPE:External perimeter
G1 F900
G1 X110.372 Y134.091 E2.60767
G1 X110.652 Y134.239 E2.6229
G1 X110.897 Y134.44 E2.63814
G1 X111.098 Y134.685 E2.65338
G1 X111.247 Y134.965 E2.66864
G1 X111.336 Y135.27 E2.68392
G1 X111.364 Y135.585 E2.69913
G1 X111.324 Y135.914 E2.71507
G1 X111.126 Y136.406 E2.74058
G1 X110.926 Y136.663 E2.75624
G1 X110.686 Y136.87 E2.77148
G1 X110.409 Y137.025 E2.78675
G1 X110.108 Y137.123 E2.80198
G1 X109.793 Y137.158 E2.81722
G1 X109.514 Y137.137 E2.83068
G1 X109.172 Y137.041 E2.84776
G1 X108.892 Y136.893 E2.86299
G1 X108.647 Y136.693 E2.8782
G1 X108.446 Y136.447 E2.89348
G1 X108.297 Y136.167 E2.90874
G1 X108.208 Y135.863 E2.92398
G1 X108.18 Y135.547 E2.93924
G1 X108.215 Y135.232 E2.95448
G1 X108.312 Y134.93 E2.96974
G1 X108.467 Y134.653 E2.98501
G1 X108.674 Y134.413 E3.00025
G1 X108.937 Y134.212 E3.01617
G1 X109.437 Y134.01 E3.04211
G1 X109.752 Y133.974 E3.05736
G1 X110.008 Y133.996 E3.06972
G1 X110.39 Y134.113 F7800
G1 E1.06972 F2400
G92 E0
G1 X112.095 Y135.194 F7800
G1 E2 F2400
;TYPE:Perimeter
;WIDTH:0.432937
G1 F3600
G1 X112.095 Y135.938 E2.0342
;WIDTH:0.442589
G1 X112.09 Y136.009 E2.03756
G1 E.03756 F2400
G92 E0
G1 X112.09 Y136.009 F7800
G1 X75.708 Y118.068
G1 E2 F2400
;WIDTH:0.521656
G1 F900
G1 X75.529 Y118.315 E2.0174
G1 X75.016 Y119.121 E2.07189
G1 X74.618 Y119.045 E2.095
;WIDTH:0.571155
G1 X74.29 Y118.958 E2.11645
;WIDTH:0.620655
G1 X73.961 Y118.87 E2.14008
G1 X74.182 Y118.822 E2.15577
;WIDTH:0.571155
G1 X74.403 Y118.775 E2.17005
;WIDTH:0.521656
G1 X74.885 Y118.634 E2.19869
G1 X75.33 Y118.399 E2.22739
G1 X75.663 Y118.108 E2.25261
G1 E.25261 F2400
G92 E0
G1 X75.663 Y118.108 F7800
G1 X73.098 Y118.716
G1 E2 F2400
;WIDTH:0.600423
G1 F900
G1 X72.991 Y118.719 E2.00716
;WIDTH:0.553891
G1 X72.884 Y118.722 E2.0137
;WIDTH:0.507359
G1 X72.622 Y118.694 E2.02826
;WIDTH:0.465183
G1 X72.361 Y118.666 E2.04138
;WIDTH:0.423008
G1 X72.071 Y118.329 E2.06127
;WIDTH:0.376747
G1 X71.72 Y117.892 E2.08311
;WIDTH:0.397455
G1 X71.337 Y117.362 E2.11027
G1 X71.496 Y116.361 E2.15238
G1 X71.502 Y116.619 E2.1631
G1 X71.633 Y117.163 E2.18635
G1 X71.867 Y117.593 E2.20669
;WIDTH:0.369348
G1 X72.248 Y118.069 E2.22988
;WIDTH:0.396178
G1 X72.462 Y118.246 E2.24137
;WIDTH:0.423008
G1 X72.675 Y118.422 E2.25373
;WIDTH:0.467361
G1 X72.781 Y118.496 E2.26023
;WIDTH:0.511715
G1 X72.887 Y118.569 E2.26741
;WIDTH:0.556069
G1 X72.992 Y118.642 E2.27525
;WIDTH:0.600423
G1 X73.049 Y118.682 E2.27991
G1 E.27991 F2400
G92 E0
G1 X73.049 Y118.682 F7800
G1 X72.692 Y114.177
G1 E2 F2400
;WIDTH:0.389289
G1 F900
G1 X72.579 Y114.242 E2.00528
G1 X72.2 Y114.552 E2.02512
G1 X71.889 Y114.931 E2.04499
G1 X71.643 Y115.413 E2.06692
G1 X71.791 Y114.477 E2.10532
G1 X72.635 Y114.196 E2.14137
G1 E.14137 F2400
G92 E0
G1 X72.635 Y114.196 F7800
G1 X75.996 Y115.872
G1 E2 F2400
;WIDTH:0.45
G1 F900
G1 X76.012 Y115.932 E2.00299
G1 X76.042 Y116.35 E2.02315
G1 X75.975 Y116.806 E2.04532
G1 X75.781 Y117.301 E2.07089
G1 X75.486 Y117.722 E2.09561
G1 X75.12 Y118.035 E2.11877
G1 X74.7 Y118.251 E2.14149
G1 X74.35 Y118.357 E2.15908
G1 X73.933 Y118.397 E2.17923
G1 X73.516 Y118.355 E2.19939
G1 X73.116 Y118.23 E2.21955
G1 X72.748 Y118.029 E2.23972
G1 X72.428 Y117.759 E2.25986
G1 X72.167 Y117.43 E2.28006
G1 X71.977 Y117.057 E2.30019
G1 X71.862 Y116.61 E2.32239
;WIDTH:0.495925
G1 X71.834 Y116.433 E2.33204
;WIDTH:0.541851
G1 X71.807 Y116.257 E2.34264
;WIDTH:0.587777
G1 X71.779 Y116.081 E2.35427
;WIDTH:0.599699
G1 X71.868 Y115.608 E2.38641
G1 X71.906 Y115.578 E2.38964
;WIDTH:0.5498
G1 X71.943 Y115.548 E2.39252
;WIDTH:0.4999
G1 X71.98 Y115.518 E2.39511
;WIDTH:0.45
G1 X72.173 Y115.146 E2.41527
G1 X72.435 Y114.819 E2.43542
;WIDTH:0.493761
G1 X72.619 Y114.66 E2.44844
;WIDTH:0.537523
G1 X72.803 Y114.5 E2.46283
;WIDTH:0.581285
G1 X72.987 Y114.341 E2.47851
;WIDTH:0.585168
G1 X73.394 Y114.189 E2.50673
;WIDTH:0.594026
G1 X73.517 Y114.156 E2.51514
G1 X73.76 Y114.174 E2.53124
;WIDTH:0.546017
G1 X74.004 Y114.192 E2.54594
;WIDTH:0.498008
G1 X74.247 Y114.21 E2.55912
;WIDTH:0.45
G1 X74.761 Y114.355 E2.58481
G1 X75.128 Y114.556 E2.60494
G1 X75.449 Y114.826 E2.62511
G1 X75.709 Y115.154 E2.64524
G1 X75.9 Y115.528 E2.66544
G1 X75.979 Y115.815 E2.67976
G1 X75.979 Y115.815 F7800
G1 X75.628 Y115.97
;TYPE:External perimeter
G1 F900
G1 X75.659 Y116.312 E2.69628
G1 X75.616 Y116.665 E2.71338
G1 X75.422 Y117.16 E2.73895
G1 X75.186 Y117.477 E2.75796
G1 X74.927 Y117.701 E2.77443
G1 X74.577 Y117.886 E2.79347
G1 X74.302 Y117.974 E2.80736
G1 X73.962 Y118.013 E2.82382
G1 X73.62 Y117.983 E2.84033
G1 X73.292 Y117.887 E2.85677
G1 X72.988 Y117.727 E2.87329
G1 X72.723 Y117.511 E2.88973
G1 X72.506 Y117.246 E2.9062
G1 X72.345 Y116.943 E2.9227
G1 X72.247 Y116.6 E2.93986
G1 X72.234 Y116.067 E2.9655
G1 X72.328 Y115.686 E2.98437
G1 X72.48 Y115.379 E3.00085
G1 X72.69 Y115.108 E3.01734
G1 X72.949 Y114.884 E3.03381
G1 X73.248 Y114.716 E3.05031
G1 X73.537 Y114.619 E3.06497
G1 X73.914 Y114.572 E3.08324
G1 X74.256 Y114.601 E3.09975
G1 X74.585 Y114.698 E3.11625
G1 X74.888 Y114.857 E3.13271
G1 X75.153 Y115.074 E3.14918
G1 X75.371 Y115.339 E3.16568
G1 X75.531 Y115.642 E3.18216
G1 X75.611 Y115.913 E3.19575
G1 X75.647 Y116.311 F7800
G1 E1.19575 F2400
G92 E0
G1 X73.961 Y118.87 F7800
G1 E2 F2400
;TYPE:Perimeter
;WIDTH:0.620655
G1 F3600
G1 X73.395 Y118.786 E2.0397
;WIDTH:0.600423
G1 X73.098 Y118.716 E2.0601
G1 E.0601 F2400
G92 E0
G1 X73.098 Y118.716 F7800
G1 X88.128 Y116.505
G1 E2 F2400
;WIDTH:0.45
G1 F3600
G1 X88.042 Y116.484 E2.00426
G1 X78.85 Y116.484 E2.44636
G1 X78.559 Y116.563 E2.46086
G1 X76.43 Y117.804 E2.57938
G1 X76.234 Y117.993 E2.59248
G1 X75.218 Y119.589 E2.68348
G1 X72.152 Y119.005 E2.8336
G1 X70.957 Y117.458 E2.92762
G1 X71.1 Y116.559 E2.9714
;WIDTH:0.496906
G1 X71.152 Y116.385 E2.9812
;WIDTH:0.543812
G1 X71.203 Y116.211 E2.99204
;WIDTH:0.590719
G1 X71.255 Y116.038 E3.0039
;WIDTH:0.599699
G1 X71.345 Y115.5 E3.04032
G1 X71.33 Y115.435 E3.04477
;WIDTH:0.5498
G1 X71.315 Y115.37 E3.04881
;WIDTH:0.4999
G1 X71.3 Y115.305 E3.05243
;WIDTH:0.45
G1 X71.474 Y114.209 E3.1058
G1 X72.456 Y113.881 E3.1556
;WIDTH:0.493761
G1 X72.559 Y113.87 E3.16115
;WIDTH:0.537523
G1 X72.662 Y113.859 E3.16726
;WIDTH:0.581285
G1 X72.765 Y113.847 E3.17395
;WIDTH:0.585169
G1 X73.227 Y113.696 E3.20552
G1 X73.375 Y113.628 E3.2161
;WIDTH:0.551406
G1 X73.524 Y113.561 E3.22602
;WIDTH:0.517643
G1 X73.672 Y113.494 E3.2352
;WIDTH:0.483881
G1 X74.237 Y113.288 E3.26667
;WIDTH:0.45
G1 X83.528 Y112.117 E3.71707
G1 X83.761 Y112.034 E3.72897
G1 X86.279 Y110.466 E3.87164
G1 X86.372 Y110.394 E3.8773
G1 X86.503 Y110.209 E3.8882
G1 X86.552 Y109.975 E3.8997
G1 X86.552 Y87.483 E4.98149
G1 X88.418 Y85.727 E5.10473
G1 X139.845 Y85.727 E7.57819
G1 X140.085 Y85.675 E7.59
G1 X140.291 Y85.517 E7.60249
G1 X142.771 Y82.515 E7.78977
G1 X144.111 Y81.286 E7.87722
G1 X147.05 Y81.625 E8.01951
G1 X148.96 Y83.43 E8.14591
G1 X148.74 Y83.954 E8.17324
G1 X147.485 Y86.949 E8.32942
G1 X140.827 Y91.532 E8.71818
G1 X140.713 Y91.703 E8.72806
G1 X140.665 Y91.934 E8.73941
G1 X140.665 Y126.469 E10.40042
G1 X114.357 Y126.469 E11.66574
G1 X114.115 Y126.522 E11.67766
G1 X113.893 Y126.701 E11.69138
G1 X112.548 Y128.511 E11.79984
G1 X112.472 Y128.796 E11.81403
G1 X112.472 Y137.119 E12.21434
G1 X111.362 Y138.742 E12.30891
G1 X108.847 Y138.742 E12.42987
G1 X107.452 Y137.085 E12.53405
G1 X107.451 Y136.074 E12.58268
;WIDTH:0.448026
G1 X107.442 Y135.491 E12.61058
;WIDTH:0.45
G1 X107.452 Y128.796 E12.93259
G1 X107.42 Y128.496 E12.9471
G1 X107.283 Y128.277 E12.95952
G1 X106.258 Y127.252 E13.02924
G1 X105.613 Y126.646 E13.07181
G1 X105.348 Y126.582 E13.08492
G1 X88.621 Y126.582 E13.88943
G1 X88.621 Y117.062 E14.34731
G1 X88.524 Y116.742 E14.36339
G1 X88.311 Y116.55 E14.37718
G1 X88.187 Y116.519 E14.38333
G1 X88.187 Y116.519 F7800
G1 X88.042 Y116.869
;TYPE:External perimeter
G1 F1800
G1 X78.85 Y116.869 E14.82543
G1 X78.753 Y116.896 E14.83027
G1 X77.047 Y117.891 E14.92526
G1 X76.559 Y118.2 E14.95304
G1 X75.403 Y120.017 E15.05662
G1 X71.937 Y119.356 E15.22633
G1 X70.55 Y117.562 E15.3354
G1 X71.13 Y113.917 E15.51292
G1 X74.152 Y112.91 E15.66612
G1 X83.479 Y111.735 E16.11826
G1 X83.557 Y111.707 E16.12225
G1 X86.106 Y110.115 E16.26679
G1 X86.166 Y109.975 E16.27412
G1 X86.166 Y87.316 E17.36394
G1 X88.265 Y85.341 E17.50256
G1 X139.845 Y85.341 E19.98338
G1 X139.993 Y85.271 E19.99125
G1 X142.49 Y82.248 E20.17983
G1 X143.98 Y80.883 E20.27702
G1 X147.221 Y81.257 E20.43394
G1 X149.419 Y83.333 E20.57936
G1 X149.096 Y84.104 E20.61957
G1 X147.797 Y87.202 E20.78114
G1 X141.104 Y91.8 E21.17169
G1 X141.05 Y91.934 E21.17864
G1 X141.05 Y126.855 E22.85822
G1 X114.342 Y126.855 E24.14278
G1 X114.202 Y126.932 E24.15046
G1 X112.896 Y128.681 E24.25545
G1 X112.858 Y128.796 E24.26128
G1 X112.858 Y137.238 E24.66731
G1 X111.565 Y139.128 E24.77745
G1 X108.668 Y139.128 E24.91679
G1 X107.067 Y137.226 E25.03636
G1 X107.067 Y128.686 E25.4471
G1 X107.01 Y128.55 E25.45419
G1 X105.485 Y127.024 E25.55795
G1 X105.348 Y126.968 E25.56507
G1 X88.235 Y126.968 E26.38815
G1 X88.235 Y117.062 E26.86459
G1 X88.191 Y116.939 E26.87087
G1 X88.097 Y116.895 E26.87586
G1 X87.697 Y116.873 F7800
G1 E24.87586 F2400
G92 E0
G1 X142.691 Y83.191 F7800
G1 E2 F2400
;TYPE:Perimeter
;WIDTH:0.417899
G1 F3600
G1 X143.004 Y82.79 E2.02243
;WIDTH:0.414463
G1 X143.51 Y82.336 E2.05211
G1 E.05211 F2400
G92 E0
G1 X143.51 Y82.336 F7800
G1 X108.167 Y137.317
G1 E2 F2400
;WIDTH:0.474337
G1 F3600
G1 X107.844 Y136.942 E2.02531
G1 E.02531 F2400
G92 E0
G1 X107.844 Y136.942 F7800
G1 X76.006 Y117.668
G1 E2 F2400
;WIDTH:0.461003
G1 F3600
G1 X75.775 Y117.986 E2.01944
G1 E.01944 F2400
G92 E0
G1 X75.775 Y117.986 F7800
G1 X76.063 Y113.738
G1 E2 F2400
;TYPE:Internal infill
;WIDTH:0.45
G1 F4800
G1 X75.904 Y114.331 E2.02953
G1 X75.509 Y114.002 E2.05425
G1 X76.879 Y113.635 E2.12247
G1 X76.83 Y113.641 E2.12484
G1 X79.007 Y115.818 E2.27292
G1 X78.487 Y115.863 E2.29802
G1 X79.161 Y113.347 E2.4233
G1 X78.646 Y113.412 E2.44827
G1 X81.05 Y115.816 E2.61179
G1 E.61179 F2400
G92 E0
G1 X81.05 Y115.816 F7800
G1 X78.455 Y113.436
G1 E2 F2400
G1 F4800
G1 X77.612 Y113.543 E2.04087
G1 X76.725 Y116.851 E2.20559
G1 X76.634 Y116.904 E2.21066
G1 X76.688 Y116.68 E2.22174
G1 X77.301 Y116.516 E2.25226
G1 X77.528 Y116.384 E2.26489
G1 X76.575 Y115.431 E2.32971
G1 X76.508 Y115.231 E2.33985
G1 X139.997 Y98.22 E5.50116
G1 X139.997 Y98.62 E5.5204
G1 X132.715 Y125.794 E6.87349
G1 E4.87349 F2400
G92 E0
G1 X132.715 Y125.794 F7800
G1 X130.077 Y125.794
G1 E2 F2400
G1 F4800
G1 X131.218 Y125.794 E2.05488
G1 X139.998 Y93.028 E3.68641
G1 X139.998 Y92.962 E3.68958
G1 X133.438 Y86.402 E4.13578
G1 X133.438 Y86.402 F7800
G1 X132.791 Y86.402
G1 F4800
G1 X122.236 Y125.794 E6.09723
G1 X123.54 Y125.794 E6.15995
G1 X123.54 Y125.794 F7800
G1 X121.704 Y125.794
G1 F4800
G1 X87.227 Y91.317 E8.50504
G1 X87.227 Y91.4 E8.50903
G1 X105.882 Y86.402 E9.43792
G1 X95.232 Y125.907 E11.40581
G1 X89.293 Y119.969 E11.80974
G1 X89.293 Y120.232 E11.82239
G1 X98.358 Y86.402 E13.5069
G1 X98.672 Y86.402 E13.522
G1 X138.064 Y125.794 E16.2014
G1 X138.064 Y125.794 F7800
G1 X138.704 Y125.794
G1 F4800
G1 X139.991 Y120.99 E16.4406
G1 X139.991 Y120.677 E16.45565
G1 X120.895 Y125.794 E17.4065
G1 X120.739 Y125.794 E17.414
G1 X131.294 Y86.402 E19.37545
G1 X131.393 Y86.402 E19.38021
G1 X139.998 Y95.006 E19.96548
G1 X139.998 Y95.225 E19.97601
G1 X87.227 Y109.365 E22.60365
G1 X87.227 Y109.723 E22.62087
G1 X103.412 Y125.907 E23.72172
G1 X103.711 Y125.907 E23.7361
G1 X139.992 Y116.186 E25.54264
G1 E23.54264 F2400
G92 E0
G1 X139.992 Y116.186 F7800
G1 X139.993 Y113.6
G1 E2 F2400
G1 F4800
G1 X139.993 Y114.689 E2.05238
G1 X98.124 Y125.907 E4.13716
G1 X98.252 Y125.907 E4.14332
G1 X108.838 Y86.402 E6.11041
G1 X108.897 Y86.402 E6.11325
G1 X139.992 Y117.496 E8.22826
G1 X139.992 Y117.683 E8.23725
G1 X106.593 Y126.632 E9.90029
G1 X106.946 Y126.986 E9.92433
G1 X117.82 Y86.402 E11.94513
G1 X118.93 Y86.402 E11.99852
G1 E9.99852 F2400
G92 E0
G1 X118.93 Y86.402 F7800
G1 X116.323 Y86.402
G1 E2 F2400
G1 F4800
G1 X105.721 Y125.969 E3.97017
G1 X105.472 Y125.923 E3.98235
G1 X87.227 Y107.677 E5.22339
G1 X87.227 Y107.868 E5.23258
G1 X139.998 Y93.728 E7.86022
G1 E5.86022 F2400
G92 E0
G1 X139.998 Y93.728 F7800
G1 X140.576 Y90.872
G1 E2 F2400
G1 F4800
G1 X142.092 Y85.213 E2.28178
G1 X142.216 Y85.648 E2.30354
G1 X140.712 Y86.051 E2.37843
G1 X140.965 Y85.748 E2.39742
G1 X143.85 Y88.634 E2.59369
G1 X142.795 Y89.355 E2.65515
G1 X142.795 Y89.355 F7800
G1 X144.241 Y88.367
G1 F4800
G1 X144.473 Y87.502 E2.69822
G1 X144.8 Y87.539 E2.71405
G1 X145.065 Y87.804 E2.73207
G1 X144.884 Y87.928 E2.74262
G1 X87.227 Y103.377 E5.61355
G1 X87.227 Y103.587 E5.62365
G1 X111.917 Y128.278 E7.30307
G1 X111.968 Y128.186 E7.30813
G1 X108.127 Y129.215 E7.49938
G1 X108.127 Y130.43 E7.55782
G1 X108.127 Y130.43 F7800
G1 X108.127 Y130.905
G1 F4800
G1 X108.127 Y132.21 E7.62059
G1 X111.798 Y131.226 E7.80339
G1 X111.228 Y133.354 E7.90935
G1 X111.798 Y133.828 E7.94501
G1 X111.798 Y132.723 E7.99816
G1 X110.536 Y133.032 E8.06065
G1 X108.127 Y130.623 E8.22451
G1 X108.127 Y130.712 E8.22879
G1 X111.798 Y129.729 E8.41157
G1 X111.798 Y130.203 E8.43437
G1 X87.227 Y105.632 E10.10566
G1 X92.37 Y86.402 E11.06306
G1 X92.537 Y86.402 E11.07109
G1 X131.929 Y125.794 E13.75049
G1 X139.99 Y123.672 E14.1514
G1 X102.762 Y86.402 E16.68503
G1 X102.849 Y86.402 E16.68921
G1 X92.264 Y125.907 E18.65629
G1 X92.537 Y125.907 E18.66942
G1 X139.993 Y113.192 E21.0324
G1 X139.993 Y113.407 E21.04274
G1 X112.987 Y86.402 E22.87962
G1 X113.329 Y86.402 E22.89607
G1 X102.743 Y125.907 E24.86316
G1 X101.559 Y125.907 E24.92011
G1 E22.92011 F2400
G92 E0
G1 X101.559 Y125.907 F7800
G1 X104.241 Y125.907
G1 E2 F2400
G1 F4800
G1 X114.826 Y86.402 E3.96708
G1 X115.032 Y86.402 E3.97699
G1 X139.993 Y111.363 E5.67481
G1 X139.993 Y111.694 E5.69073
G1 X89.295 Y125.279 E8.21515
G1 X89.295 Y125.279 F7800
G1 X90.574 Y125.907
G1 F4800
G1 X89.295 Y125.907 E8.27667
G1 X89.295 Y125.811 E8.28129
G1 X99.855 Y86.402 E10.2436
G1 E8.2436 F2400
G92 E0
G1 X99.855 Y86.402 F7800
G1 X104.807 Y86.402
G1 E2 F2400
G1 F4800
G1 X139.991 Y121.585 E4.39314
G1 X139.991 Y121.585 F7800
G1 X139.991 Y122.175
G1 F4800
G1 X126.482 Y125.794 E5.06579
G1 X126.727 Y125.794 E5.07757
G1 X137.282 Y86.402 E7.03902
G1 X137.528 Y86.402 E7.05085
G1 X141.421 Y90.294 E7.31561
G1 X141.28 Y90.39 E7.32381
G1 X87.227 Y104.874 E10.01529
G1 E8.01529 F2400
G92 E0
G1 X87.227 Y107.485 F7800
G1 E2 F2400
G1 F4800
G1 X87.227 Y106.371 E2.05358
G1 X139.998 Y92.231 E4.68122
G1 X139.998 Y91.78 E4.70291
G1 X140.092 Y91.436 E4.72006
G1 X140.254 Y91.172 E4.73496
G1 X135.483 Y86.402 E5.05944
G1 X135.785 Y86.402 E5.07397
G1 X125.23 Y125.794 E7.03542
G1 X125.794 Y125.794 E7.06255
G1 X87.509 Y87.509 E9.66665
G1 X87.606 Y87.417 E9.67308
G1 X87.227 Y88.834 E9.74363
G1 X87.227 Y89.272 E9.7647
G1 X123.749 Y125.794 E12.24888
G1 X134.288 Y86.402 E14.21014
G1 X133.818 Y86.402 E14.23275
G1 X87.227 Y98.886 E16.55267
G1 X87.227 Y98.886 F7800
G1 X87.227 Y99.497
G1 F4800
G1 X113.709 Y125.979 E18.35394
G1 X114.066 Y125.828 E18.37258
G1 X114.75 Y125.794 E18.40552
G1 X125.306 Y86.402 E20.36699
G1 X125.258 Y86.402 E20.3693
G1 X139.996 Y101.14 E21.37176
G1 X139.996 Y101.214 E21.37532
G1 X85.518 Y115.811 E24.08795
G1 X85.136 Y115.812 E24.10632
G1 X82.26 Y112.957 E24.30123
G1 X81.494 Y115.815 E24.44354
G1 X82.799 Y115.814 E24.50631
G1 X83.286 Y115.814 F7800
G1 F4800
G1 X84.489 Y115.812 E24.56417
G1 X85.594 Y111.688 E24.76952
G1 X85.291 Y111.877 E24.7867
G1 X99.322 Y125.907 E25.74104
G1 X99.749 Y125.907 E25.76158
G1 X110.335 Y86.402 E27.72867
G1 X110.335 Y86.402 F7800
G1 X110.942 Y86.402
G1 F4800
G1 X139.992 Y115.452 E29.70462
G1 X139.992 Y115.398 E29.70722
G1 X137.207 Y125.794 E30.22486
G1 X137.657 Y125.794 E30.2465
G1 X139.99 Y125.169 E30.36267
G1 X139.99 Y125.674 E30.38696
G1 X100.717 Y86.402 E33.05823
G1 X100.295 Y86.402 E33.07853
G1 X87.227 Y89.903 E33.72922
G1 X87.227 Y91.124 E33.78795
G1 X87.227 Y91.124 F7800
G1 X87.227 Y91.593
G1 F4800
G1 X87.227 Y92.897 E33.85067
G1 X111.469 Y86.402 E35.05775
G1 X111.832 Y86.402 E35.07521
G1 X101.246 Y125.907 E37.0423
G1 X101.367 Y125.907 E37.04812
G1 X86.551 Y111.092 E38.05585
G1 X86.676 Y111.01 E38.06304
G1 X139.997 Y96.722 E40.71807
G1 X139.997 Y97.051 E40.73389
G1 X129.348 Y86.402 E41.45822
G1 X129.797 Y86.402 E41.47982
G1 X119.242 Y125.794 E43.44127
G1 X119.659 Y125.794 E43.46133
G1 X87.227 Y93.362 E45.66732
G1 E43.66732 F2400
G92 E0
G1 X87.227 Y88.406 F7800
G1 E2 F2400
G1 F4800
G1 X94.707 Y86.402 E2.37245
G1 X94.582 Y86.402 E2.37846
G1 X133.974 Y125.794 E5.05786
G1 X134.213 Y125.794 E5.06936
G1 X139.995 Y104.208 E6.14417
G1 X89.292 Y117.794 E8.66884
G1 X89.292 Y117.923 E8.67504
G1 X97.277 Y125.907 E9.21814
G1 X96.755 Y125.907 E9.24325
G1 X107.341 Y86.402 E11.21034
G1 X106.852 Y86.402 E11.23386
G1 X139.991 Y119.541 E13.48794
G1 X139.991 Y119.18 E13.5053
G1 X115.308 Y125.794 E14.73435
G1 X115.569 Y125.794 E14.7469
G1 X87.227 Y97.452 E16.67469
G1 X87.227 Y97.388 E16.67777
G1 X128.3 Y86.402 E18.72269
G1 X117.745 Y125.794 E20.68414
G1 X117.614 Y125.794 E20.69044
G1 X87.227 Y95.407 E22.75733
G1 X87.227 Y95.891 E22.78061
G1 X122.643 Y86.402 E24.54408
G1 X122.312 Y86.402 E24.56
G1 X109.848 Y132.918 E26.87618
G1 X109.298 Y132.958 E26.9027
G1 X108.822 Y133.11 E26.92673
G1 X108.822 Y133.11 F7800
G1 X108.127 Y132.668
G1 F4800
G1 X108.644 Y133.185 E26.9619
G1 X108.215 Y133.423 E26.9855
G1 X120.814 Y86.402 E29.32683
G1 X121.168 Y86.402 E29.34386
G1 X139.995 Y105.229 E30.62445
G1 E28.62445 F2400
G92 E0
G1 X139.994 Y110.197 F7800
G1 E2 F2400
G1 F4800
G1 X89.295 Y123.782 E4.52447
G1 X89.295 Y124.061 E4.53789
G1 X91.141 Y125.907 E4.66345
G1 X90.767 Y125.907 E4.68144
G1 X101.352 Y86.402 E6.64852
G1 X102.569 Y86.402 E6.70705
G1 X102.569 Y86.402 F7800
G1 X103.042 Y86.402
G1 F4800
G1 X104.347 Y86.402 E6.76982
G1 X93.761 Y125.907 E8.73691
G1 X95.039 Y125.907 E8.79838
G1 X95.039 Y125.907 F7800
G1 X93.186 Y125.907
G1 F4800
G1 X89.294 Y122.015 E9.06311
G1 X89.294 Y122.285 E9.0761
G1 X139.994 Y108.7 E11.60062
G1 X139.994 Y107.466 E11.65997
G1 X139.994 Y107.466 F7800
G1 X139.995 Y107.01
G1 F4800
G1 X139.995 Y105.706 E11.72269
G1 X89.293 Y119.291 E14.2473
G1 E12.2473 F2400
G92 E0
G1 X89.293 Y119.291 F7800
G1 X89.294 Y121.822
G1 E2 F2400
G1 F4800
G1 X89.294 Y120.788 E2.04973
G1 X139.995 Y107.203 E4.57429
G1 X139.994 Y107.274 E4.57771
G1 X119.122 Y86.402 E5.9974
G1 X119.317 Y86.402 E6.00678
G1 X108.077 Y128.35 E8.09551
G1 X108.117 Y128.568 E8.10617
G1 X111.798 Y132.248 E8.35651
G1 E6.35651 F2400
G92 E0
G1 X111.798 Y132.248 F7800
G1 X107.082 Y127.122
G1 E2 F2400
G1 F4800
G1 X107.772 Y127.813 E2.04697
G1 X113.333 Y126.323 E2.32387
G1 E.32387 F2400
G92 E0
G1 X113.333 Y126.323 F7800
G1 X116.248 Y125.794
G1 E2 F2400
G1 F4800
G1 X126.803 Y86.402 E3.96145
G1 X125.498 Y86.402 E4.02422
G1 X125.498 Y86.402 F7800
G1 X127.303 Y86.402
G1 F4800
G1 X139.997 Y99.095 E4.88762
G1 X139.997 Y99.095 F7800
G1 X139.996 Y99.717
G1 F4800
G1 X79.91 Y115.817 E7.8795
G1 X79.997 Y115.817 E7.88368
G1 X80.711 Y113.152 E8.01638
G1 X80.463 Y113.184 E8.02841
G1 X83.093 Y115.814 E8.2073
G1 X82.992 Y115.814 E8.21216
G1 X83.816 Y112.739 E8.36527
G1 X84.023 Y112.654 E8.37603
G1 X87.179 Y115.81 E8.5907
G1 X87.484 Y115.81 E8.60537
G1 X95.364 Y86.402 E10.06969
G1 X96.434 Y86.402 E10.12115
G1 E8.12115 F2400
G92 E0
G1 X96.434 Y86.402 F7800
G1 X93.867 Y86.402
G1 E2 F2400
G1 F4800
G1 X85.987 Y115.811 E3.46437
G1 E1.46437 F2400
G92 E0
G1 X85.987 Y115.811 F7800
G1 X138.779 Y86.402
G1 E2 F2400
G1 F4800
G1 X128.224 Y125.794 E3.96145
G1 X127.839 Y125.794 E3.97997
G1 X88.563 Y86.517 E6.65151
G1 X88.686 Y86.402 E6.65961
G1 X89.376 Y86.402 E6.6928
G1 X87.227 Y94.394 E7.09084
G1 X117.077 Y86.402 E8.57709
G1 X139.994 Y109.318 E10.13584
G1 X139.994 Y109.805 E10.15926
G1 X135.71 Y125.794 E10.9554
G1 X136.019 Y125.794 E10.97026
G1 X96.627 Y86.402 E13.64966
G1 X96.861 Y86.402 E13.66091
G1 X88.892 Y116.142 E15.14176
G1 X89.072 Y116.356 E15.15521
G1 X139.996 Y102.711 E17.69088
G1 X139.996 Y103.185 E17.71368
G1 X123.213 Y86.402 E18.85524
G1 X123.809 Y86.402 E18.88391
G1 X112.987 Y126.786 E20.89477
G1 X112.767 Y127.082 E20.91251
G1 X87.227 Y101.542 E22.64971
G1 X87.227 Y101.88 E22.66597
G1 X143.14 Y86.89 E25.45016
G1 X142.408 Y89.619 E25.58606
G1 X142.636 Y89.464 E25.59932
G1 X139.573 Y86.402 E25.80763
G1 X139.405 Y86.402 E25.81571
G1 X87.227 Y100.383 E28.41382
G1 X87.227 Y100.008 E28.43186
G1 X90.873 Y86.402 E29.10935
G1 X90.492 Y86.402 E29.12767
G1 X129.884 Y125.794 E31.80707
G1 X129.721 Y125.794 E31.81491
G1 X140.301 Y86.312 E33.78086
G1 X139.766 Y86.402 E33.80695
G1 X139.766 Y86.402 F7800
G1 X141.088 Y85.6
G1 F4800
G1 X141.894 Y84.632 E33.86753
G1 X142.027 Y84.765 E33.87658
G1 X142.048 Y85.026 E33.88917
G1 E31.88917 F2400
G92 E0
G1 X142.048 Y85.026 F7800
G1 X147.625 Y83.174
G1 E2 F2400
;TYPE:Solid infill
;WIDTH:0.405386
G1 F1200
G1 X147.813 Y83.687 E2.02324
G1 X147.912 Y84.075 E2.04027
G1 X147.979 Y84.082 E2.04314
G1 X148.182 Y83.598 E2.06546
G1 X147.784 Y83.245 E2.08809
;LAYER_CHANGE
;Z:1.85
;HEIGHT:0.3
 ; After First Layer

G1 Z1.85 F7800
G1 E.08809 F2400
G1 Z1.85 F7800
G1 X144.893 Y81.816
G1 E2.08809 F2400
;TYPE:Perimeter
;WIDTH:0.552623
G1 F900
G1 X144.793 Y81.849 E2.0945
;WIDTH:0.511552
G1 X144.694 Y81.881 E2.1003
;WIDTH:0.470482
G1 X144.594 Y81.914 E2.10563
;WIDTH:0.429412
G1 X144.494 Y81.947 E2.11042
;WIDTH:0.388342
G1 X143.985 Y82.098 E2.13187
;WIDTH:0.414459
G1 X143.51 Y82.336 E2.15507
G1 X143.757 Y82.094 E2.17017
;WIDTH:0.391756
G1 X144.231 Y81.657 E2.19649
;WIDTH:0.388342
G1 X144.493 Y81.687 E2.20715
;WIDTH:0.429412
G1 X144.593 Y81.719 E2.21193
;WIDTH:0.470482
G1 X144.693 Y81.752 E2.21726
;WIDTH:0.511552
G1 X144.793 Y81.784 E2.22312
;WIDTH:0.552623
G1 X144.836 Y81.798 E2.22587
G1 E.22587 F2400
G92 E0
G1 X144.836 Y81.798 F7800
G1 X147.359 Y86.036
G1 E2 F2400
;WIDTH:0.617153
G1 F3600
G1 X147.339 Y86.143 E2.0075
;WIDTH:0.569885
G1 X147.32 Y86.251 E2.01441
;WIDTH:0.522617
G1 X147.3 Y86.359 E2.02069
;WIDTH:0.475349
G1 X147.281 Y86.466 E2.02626
;WIDTH:0.428082
G1 X147.203 Y86.653 E2.03545
G1 X146.842 Y86.949 E2.05663
;WIDTH:0.416725
G1 X146.371 Y87.265 E2.08156
;WIDTH:0.45
G1 X145.891 Y87.575 E2.10904
G1 X141.28 Y90.739 E2.378
G1 X140.549 Y91.265 E2.42131
G1 X140.359 Y91.549 E2.43774
G1 X140.279 Y91.934 E2.45665
G1 X140.279 Y126.083 E4.0991
G1 X114.211 Y126.094 E5.35288
G1 X113.858 Y126.223 E5.37096
G1 X113.584 Y126.471 E5.38873
G1 X112.278 Y128.219 E5.49368
G1 X112.152 Y128.447 E5.50621
G1 X112.087 Y128.796 E5.52328
G1 X112.095 Y135.194 E5.831
;WIDTH:0.44118
G1 X112.062 Y135.006 E5.83997
;WIDTH:0.45
G1 X111.909 Y134.561 E5.8626
G1 X111.667 Y134.158 E5.88521
G1 X111.351 Y133.81 E5.90782
G1 X110.972 Y133.532 E5.93043
G1 X110.545 Y133.335 E5.95305
G1 X110.087 Y133.226 E5.97569
G1 X109.617 Y133.21 E5.99831
G1 X109.153 Y133.287 E6.02093
G1 X108.714 Y133.455 E6.04354
G1 X108.265 Y133.756 E6.06954
G1 X107.838 Y134.222 E6.09994
G1 X107.838 Y128.796 E6.36091
G1 X107.823 Y128.52 E6.3742
G1 X107.729 Y128.241 E6.38836
G1 X107.556 Y128.004 E6.40247
G1 X105.97 Y126.423 E6.51018
G1 X105.705 Y126.265 E6.52502
G1 X105.348 Y126.197 E6.5425
G1 X89.006 Y126.197 E7.32849
G1 X89.003 Y116.988 E7.77141
G1 X88.899 Y116.621 E7.78976
G1 X88.691 Y116.349 E7.80623
G1 X88.375 Y116.158 E7.82399
G1 X88.042 Y116.098 E7.84026
G1 X78.73 Y116.106 E8.28814
G1 X78.364 Y116.23 E8.30673
G1 X76.236 Y117.472 E8.42524
;WIDTH:0.447283
G1 X76.006 Y117.668 E8.43967
;WIDTH:0.443378
G1 X76.108 Y117.506 E8.44872
;WIDTH:0.45
G1 X76.324 Y116.982 E8.47598
G1 X76.416 Y116.459 E8.50152
G1 X76.396 Y115.893 E8.52876
G1 X76.268 Y115.414 E8.55261
G1 X76.048 Y114.97 E8.57644
G1 X75.744 Y114.578 E8.6003
G1 X75.369 Y114.254 E8.62414
G1 X74.936 Y114.011 E8.64802
G1 X74.465 Y113.859 E8.67182
G1 X73.972 Y113.803 E8.69568
G1 X74.323 Y113.665 E8.71382
G1 X83.576 Y112.5 E9.16237
G1 X83.965 Y112.362 E9.18222
G1 X86.483 Y110.793 E9.32491
G1 X86.741 Y110.558 E9.34169
G1 X86.885 Y110.29 E9.35632
G1 X86.938 Y109.975 E9.37168
G1 X86.938 Y87.65 E10.44543
G1 X88.571 Y86.112 E10.55332
G1 X139.139 Y86.112 E12.98547
G1 X140.082 Y86.083 E13.03085
G1 X140.314 Y85.991 E13.04285
G1 X140.588 Y85.762 E13.06003
G1 X142.313 Y83.674 E13.19029
G1 X142.691 Y83.191 E13.21979
G1 X142.497 Y83.553 E13.23954
G1 X142.346 Y84.068 E13.26535
G1 X142.299 Y84.565 E13.28936
G1 X142.337 Y85.019 E13.31127
G1 X142.476 Y85.523 E13.33642
G1 X142.715 Y86.004 E13.36225
G1 X143.067 Y86.451 E13.38961
G1 X143.453 Y86.777 E13.41391
G1 X143.922 Y87.038 E13.43972
G1 X144.434 Y87.202 E13.46558
G1 X144.967 Y87.261 E13.49137
G1 X145.502 Y87.214 E13.5172
G1 X146.015 Y87.054 E13.54305
;WIDTH:0.435578
G1 X146.48 Y86.789 E13.56783
;WIDTH:0.428082
G1 X146.912 Y86.448 E13.5928
;WIDTH:0.475349
G1 X147.024 Y86.345 E13.6006
;WIDTH:0.522617
G1 X147.135 Y86.242 E13.60925
;WIDTH:0.569885
G1 X147.247 Y86.139 E13.61884
;WIDTH:0.617153
G1 X147.315 Y86.077 E13.62518
G1 E11.62518 F2400
G92 E0
G1 X147.315 Y86.077 F7800
G1 X146.923 Y82.66
G1 E2 F2400
;WIDTH:0.512259
G1 F900
G1 X146.822 Y82.553 E2.00822
;WIDTH:0.500527
G1 X146.389 Y82.226 E2.03774
;WIDTH:0.546002
G1 X146.15 Y82.09 E2.05426
;WIDTH:0.591477
G1 X145.911 Y81.953 E2.07237
G1 X146.121 Y81.953 E2.08618
;WIDTH:0.543607
G1 X146.867 Y82.018 E2.13094
;WIDTH:0.500527
G1 X147.174 Y82.299 E2.15358
;WIDTH:0.517381
G1 X147.568 Y82.691 E2.18498
G1 X147.768 Y82.857 E2.19967
;WIDTH:0.48369
G1 X147.969 Y83.024 E2.21334
;WIDTH:0.45
G1 X148.502 Y83.527 E2.24859
G1 X148.385 Y83.805 E2.2631
G1 X147.994 Y84.738 E2.31176
;WIDTH:0.493336
G1 X147.923 Y84.851 E2.3189
;WIDTH:0.536672
G1 X147.851 Y84.965 E2.32684
;WIDTH:0.580008
G1 X147.78 Y85.079 E2.33548
;WIDTH:0.623345
G1 X147.709 Y85.193 E2.34484
G1 X147.706 Y85.101 E2.35126
;WIDTH:0.58307
G1 X147.703 Y85.009 E2.35721
;WIDTH:0.542796
G1 X147.697 Y84.739 E2.37333
;WIDTH:0.496398
G1 X147.691 Y84.469 E2.38788
;WIDTH:0.45
G1 X147.619 Y83.937 E2.4137
G1 X147.442 Y83.43 E2.43953
;WIDTH:0.481129
G1 X147.317 Y83.188 E2.45369
;WIDTH:0.512259
G1 X147.193 Y82.947 E2.46883
G1 X146.964 Y82.704 E2.48748
G1 X146.964 Y82.704 F7800
G1 X146.605 Y82.911
;WIDTH:0.45
G1 F900
G1 X146.651 Y82.95 E2.49038
G1 X146.938 Y83.31 E2.51252
G1 X147.148 Y83.72 E2.53468
G1 X147.273 Y84.163 E2.55682
G1 X147.307 Y84.622 E2.57896
G1 X147.254 Y85.065 E2.60042
G1 X147.148 Y85.41 E2.61778
G1 X146.938 Y85.819 E2.63989
G1 X146.651 Y86.179 E2.66203
G1 X146.299 Y86.475 E2.68415
G1 X145.894 Y86.695 E2.70632
G1 X145.454 Y86.831 E2.72847
G1 X144.996 Y86.877 E2.75061
G1 X144.538 Y86.831 E2.77275
G1 X144.098 Y86.695 E2.7949
G1 X143.694 Y86.475 E2.81703
G1 X143.341 Y86.179 E2.83919
G1 X143.119 Y85.914 E2.85582
G1 X142.844 Y85.409 E2.88348
G1 X142.72 Y84.975 E2.90519
G1 X142.684 Y84.588 E2.92388
G1 X142.719 Y84.163 E2.94439
G1 X142.844 Y83.72 E2.96653
G1 X143.054 Y83.31 E2.98869
G1 X143.341 Y82.951 E3.0108
G1 X143.694 Y82.655 E3.03296
G1 X144.098 Y82.434 E3.05511
G1 X144.538 Y82.299 E3.07725
G1 X144.996 Y82.253 E3.09939
G1 X145.454 Y82.299 E3.12153
G1 X145.894 Y82.434 E3.14367
G1 X146.378 Y82.718 E3.17066
G1 X146.56 Y82.873 E3.18216
G1 X146.56 Y82.873 F7800
G1 X146.356 Y83.198
;TYPE:External perimeter
G1 F900
G1 X146.6 Y83.495 E3.20065
G1 X146.829 Y83.992 E3.22697
G1 X146.889 Y84.202 E3.23747
G1 X146.924 Y84.584 E3.25592
G1 X146.883 Y84.961 E3.27416
G1 X146.801 Y85.242 E3.28824
G1 X146.631 Y85.586 E3.3067
G1 X146.396 Y85.89 E3.32518
G1 X146.106 Y86.141 E3.34363
G1 X145.771 Y86.33 E3.36213
G1 X145.406 Y86.448 E3.38058
G1 X145.025 Y86.492 E3.39903
G1 X144.643 Y86.46 E3.41747
G1 X144.274 Y86.352 E3.43596
G1 X143.934 Y86.174 E3.45442
G1 X143.637 Y85.931 E3.47288
G1 X143.414 Y85.666 E3.48954
G1 X143.213 Y85.296 E3.50979
G1 X143.103 Y84.931 E3.52813
G1 X143.069 Y84.61 E3.54366
G1 X143.093 Y84.258 E3.56063
G1 X143.191 Y83.887 E3.57909
G1 X143.361 Y83.543 E3.59755
G1 X143.596 Y83.24 E3.61599
G1 X143.887 Y82.989 E3.63447
G1 X144.221 Y82.8 E3.65293
G1 X144.586 Y82.681 E3.67139
G1 X144.967 Y82.637 E3.68984
G1 X145.35 Y82.67 E3.70833
G1 X145.718 Y82.777 E3.72676
G1 X146.137 Y83.019 E3.75003
G1 X146.309 Y83.16 E3.76073
G1 X146.569 Y83.465 F7800
G1 E1.76073 F2400
G92 E0
G1 X144.893 Y81.816 F7800
G1 E2 F2400
;TYPE:Perimeter
;WIDTH:0.552623
G1 F3600
G1 X145.412 Y81.861 E2.03172
;WIDTH:0.55749
G1 X145.661 Y81.907 E2.04729
;WIDTH:0.591477
G1 X145.911 Y81.953 E2.064
G1 E.064 F2400
G92 E0
G1 X145.911 Y81.953 F7800
G1 X147.709 Y85.193
G1 E2 F2400
;WIDTH:0.623345
G1 F3600
G1 X147.415 Y85.921 E2.05474
;WIDTH:0.617153
G1 X147.359 Y86.036 E2.06356
G1 E.06356 F2400
G92 E0
G1 X147.359 Y86.036 F7800
G1 X112.09 Y136.01
G1 E2 F2400
;WIDTH:0.442637
G1 F900
G1 X112.094 Y136.41 E2.01887
;WIDTH:0.435971
G1 X112.094 Y137.002 E2.04631
;WIDTH:0.451445
G1 X111.797 Y137.422 E2.07114
;WIDTH:0.483926
G1 X111.639 Y137.624 E2.08456
;WIDTH:0.516408
G1 X111.481 Y137.826 E2.09902
;WIDTH:0.564727
G1 X111.298 Y138.051 E2.11712
;WIDTH:0.613047
G1 X111.116 Y138.275 E2.13687
G1 X110.869 Y138.293 E2.15382
;WIDTH:0.577466
G1 X110.622 Y138.31 E2.16966
;WIDTH:0.541885
G1 X110.319 Y138.326 E2.18773
;WIDTH:0.511361
G1 X110.016 Y138.341 E2.20464
;WIDTH:0.511136
G1 X109.041 Y138.326 E2.25898
G1 X108.167 Y137.317 E2.33336
G1 X108.559 Y137.628 E2.36124
G1 X108.991 Y137.827 E2.38774
G1 X109.529 Y137.925 E2.41821
;WIDTH:0.503458
G1 X110.284 Y137.899 E2.45958
;WIDTH:0.539987
G1 X110.471 Y137.851 E2.47103
;WIDTH:0.576517
G1 X110.658 Y137.804 E2.48335
;WIDTH:0.613047
G1 X110.846 Y137.756 E2.49663
G1 X111.017 Y137.615 E2.5118
;WIDTH:0.566903
G1 X111.188 Y137.473 E2.52573
;WIDTH:0.52076
G1 X111.358 Y137.332 E2.5383
;WIDTH:0.474617
G1 X111.663 Y136.971 E2.56248
;WIDTH:0.437759
G1 X111.903 Y136.568 E2.58432
;WIDTH:0.442637
G1 X112.071 Y136.066 E2.60929
G1 E.60929 F2400
G92 E0
G1 X112.071 Y136.066 F7800
G1 X110.111 Y133.624
G1 E2 F2400
;WIDTH:0.45
G1 F900
G1 X110.172 Y133.63 E2.00295
G1 X110.547 Y133.748 E2.02186
G1 X110.892 Y133.938 E2.0408
G1 X111.193 Y134.192 E2.05974
G1 X111.437 Y134.501 E2.07868
G1 X111.615 Y134.852 E2.09761
G1 X111.72 Y135.231 E2.11653
G1 X111.748 Y135.624 E2.13548
G1 X111.697 Y136.014 E2.1544
G1 X111.57 Y136.387 E2.17335
G1 X111.372 Y136.727 E2.19227
G1 X111.11 Y137.021 E2.21121
G1 X110.796 Y137.257 E2.2301
G1 X110.44 Y137.426 E2.24905
G1 X110.016 Y137.523 E2.26997
G1 X109.529 Y137.524 E2.29339
G1 X108.997 Y137.384 E2.31985
G1 X108.652 Y137.195 E2.33877
G1 X108.351 Y136.94 E2.35774
G1 X108.107 Y136.632 E2.37664
G1 X107.929 Y136.281 E2.39557
;WIDTH:0.449868
G1 X107.827 Y135.901 E2.41449
;WIDTH:0.443506
G1 X107.827 Y135.231 E2.44617
;WIDTH:0.45
G1 X107.974 Y134.746 E2.47054
G1 X108.201 Y134.374 E2.4915
G1 X108.666 Y133.928 E2.52249
G1 X109.012 Y133.742 E2.54138
G1 X109.389 Y133.627 E2.56034
G1 X109.78 Y133.59 E2.57923
G1 X110.051 Y133.618 E2.59233
G1 X110.051 Y133.618 F7800
G1 X110.067 Y134.002
;TYPE:External perimeter
G1 F900
G1 X110.372 Y134.091 E2.60761
G1 X110.652 Y134.239 E2.62284
G1 X110.897 Y134.44 E2.63808
G1 X111.098 Y134.685 E2.65332
G1 X111.247 Y134.965 E2.66858
G1 X111.336 Y135.27 E2.68386
G1 X111.364 Y135.585 E2.69907
G1 X111.329 Y135.9 E2.71431
G1 X111.232 Y136.202 E2.72957
G1 X111.077 Y136.479 E2.74484
G1 X110.87 Y136.719 E2.76008
G1 X110.457 Y136.998 E2.78405
G1 X110.016 Y137.138 E2.8063
G1 X109.529 Y137.138 E2.82972
G1 X109.172 Y137.041 E2.84751
G1 X108.892 Y136.893 E2.86274
G1 X108.647 Y136.693 E2.87795
G1 X108.446 Y136.447 E2.89323
G1 X108.297 Y136.167 E2.90849
G1 X108.208 Y135.863 E2.92373
G1 X108.18 Y135.547 E2.93899
G1 X108.215 Y135.232 E2.95423
G1 X108.312 Y134.93 E2.96949
G1 X108.477 Y134.643 E2.98541
G1 X108.858 Y134.262 E3.01133
G1 X109.135 Y134.107 E3.0266
G1 X109.436 Y134.01 E3.04181
G1 X109.752 Y133.974 E3.05711
G1 X110.008 Y133.996 E3.06947
G1 X110.39 Y134.113 F7800
G1 E1.06947 F2400
G92 E0
G1 X112.095 Y135.194 F7800
G1 E2 F2400
;TYPE:Perimeter
;WIDTH:0.432945
G1 F3600
G1 X112.095 Y135.939 E2.03425
;WIDTH:0.442637
G1 X112.09 Y136.01 E2.03761
G1 E.03761 F2400
G92 E0
G1 X112.09 Y136.01 F7800
G1 X75.708 Y118.068
G1 E2 F2400
;WIDTH:0.521654
G1 F900
G1 X75.529 Y118.315 E2.0174
G1 X75.016 Y119.121 E2.07189
G1 X74.618 Y119.045 E2.095
;WIDTH:0.571153
G1 X74.29 Y118.958 E2.11645
;WIDTH:0.620652
G1 X73.961 Y118.87 E2.14008
G1 X74.182 Y118.822 E2.15577
;WIDTH:0.571153
G1 X74.403 Y118.775 E2.17005
;WIDTH:0.521654
G1 X74.885 Y118.634 E2.19869
G1 X75.33 Y118.399 E2.22739
G1 X75.663 Y118.108 E2.25261
G1 E.25261 F2400
G92 E0
G1 X75.663 Y118.108 F7800
G1 X73.098 Y118.716
G1 E2 F2400
;WIDTH:0.600425
G1 F900
G1 X72.991 Y118.719 E2.00716
;WIDTH:0.553894
G1 X72.884 Y118.722 E2.0137
;WIDTH:0.507364
G1 X72.622 Y118.694 E2.02826
;WIDTH:0.465186
G1 X72.361 Y118.666 E2.04138
;WIDTH:0.423008
G1 X72.072 Y118.329 E2.06124
;WIDTH:0.376747
G1 X71.72 Y117.892 E2.0831
;WIDTH:0.397454
G1 X71.337 Y117.362 E2.11026
G1 X71.496 Y116.361 E2.15237
G1 X71.502 Y116.619 E2.16309
G1 X71.633 Y117.163 E2.18634
G1 X71.867 Y117.593 E2.20668
;WIDTH:0.369348
G1 X72.248 Y118.069 E2.22987
;WIDTH:0.396178
G1 X72.462 Y118.246 E2.24136
;WIDTH:0.423008
G1 X72.675 Y118.422 E2.25372
;WIDTH:0.467362
G1 X72.781 Y118.496 E2.26022
;WIDTH:0.511716
G1 X72.887 Y118.569 E2.2674
;WIDTH:0.55607
G1 X72.992 Y118.642 E2.27524
;WIDTH:0.600425
G1 X73.049 Y118.682 E2.2799
G1 E.2799 F2400
G92 E0
G1 X73.049 Y118.682 F7800
G1 X72.692 Y114.177
G1 E2 F2400
;WIDTH:0.389289
G1 F900
G1 X72.579 Y114.242 E2.00528
G1 X72.2 Y114.552 E2.02512
G1 X71.889 Y114.931 E2.04499
G1 X71.643 Y115.413 E2.06692
G1 X71.791 Y114.477 E2.10532
G1 X72.635 Y114.196 E2.14137
G1 E.14137 F2400
G92 E0
G1 X72.635 Y114.196 F7800
G1 X75.996 Y115.873
G1 E2 F2400
;WIDTH:0.45
G1 F900
G1 X76.012 Y115.932 E2.00294
G1 X76.037 Y116.392 E2.0251
G1 X75.944 Y116.916 E2.0507
G1 X75.704 Y117.439 E2.07838
G1 X75.442 Y117.766 E2.09853
G1 X75.12 Y118.035 E2.11871
G1 X74.7 Y118.251 E2.14143
G1 X74.35 Y118.357 E2.15902
G1 X73.933 Y118.397 E2.17917
G1 X73.516 Y118.355 E2.19933
G1 X73.116 Y118.23 E2.21949
G1 X72.748 Y118.029 E2.23966
G1 X72.428 Y117.759 E2.2598
G1 X72.167 Y117.43 E2.28
G1 X71.977 Y117.057 E2.30013
G1 X71.862 Y116.61 E2.32233
;WIDTH:0.495928
G1 X71.834 Y116.433 E2.33198
;WIDTH:0.541856
G1 X71.807 Y116.257 E2.34258
;WIDTH:0.587784
G1 X71.779 Y116.081 E2.35421
;WIDTH:0.599699
G1 X71.868 Y115.608 E2.38635
G1 X71.906 Y115.578 E2.38958
;WIDTH:0.549799
G1 X71.943 Y115.548 E2.39246
;WIDTH:0.499899
G1 X71.98 Y115.518 E2.39505
;WIDTH:0.45
G1 X72.173 Y115.146 E2.41521
G1 X72.435 Y114.819 E2.43536
;WIDTH:0.493762
G1 X72.619 Y114.66 E2.44838
;WIDTH:0.537525
G1 X72.803 Y114.5 E2.46277
;WIDTH:0.581288
G1 X72.987 Y114.341 E2.47845
;WIDTH:0.585168
G1 X73.394 Y114.189 E2.50667
;WIDTH:0.594025
G1 X73.517 Y114.156 E2.51508
G1 X73.76 Y114.174 E2.53118
;WIDTH:0.546016
G1 X74.004 Y114.192 E2.54588
;WIDTH:0.498008
G1 X74.247 Y114.21 E2.55906
;WIDTH:0.45
G1 X74.761 Y114.355 E2.58475
G1 X75.128 Y114.556 E2.60488
G1 X75.449 Y114.826 E2.62505
G1 X75.709 Y115.154 E2.64518
G1 X75.9 Y115.528 E2.66538
G1 X75.98 Y115.815 E2.67971
G1 X75.98 Y115.815 F7800
G1 X75.628 Y115.97
;TYPE:External perimeter
G1 F900
G1 X75.657 Y116.325 E2.69684
G1 X75.565 Y116.849 E2.72243
G1 X75.351 Y117.266 E2.74497
G1 X75.186 Y117.477 E2.75785
G1 X74.927 Y117.701 E2.77432
G1 X74.577 Y117.886 E2.79336
G1 X74.302 Y117.974 E2.80725
G1 X73.962 Y118.013 E2.82371
G1 X73.62 Y117.983 E2.84022
G1 X73.292 Y117.887 E2.85666
G1 X72.989 Y117.727 E2.87314
G1 X72.723 Y117.511 E2.88962
G1 X72.506 Y117.246 E2.90609
G1 X72.345 Y116.943 E2.92259
G1 X72.247 Y116.6 E2.93975
G1 X72.234 Y116.067 E2.96539
G1 X72.328 Y115.686 E2.98426
G1 X72.48 Y115.379 E3.00074
G1 X72.69 Y115.108 E3.01723
G1 X72.949 Y114.884 E3.0337
G1 X73.248 Y114.716 E3.0502
G1 X73.537 Y114.619 E3.06486
G1 X73.914 Y114.572 E3.08313
G1 X74.256 Y114.601 E3.09964
G1 X74.585 Y114.698 E3.11614
G1 X74.888 Y114.857 E3.1326
G1 X75.153 Y115.074 E3.14907
G1 X75.371 Y115.339 E3.16557
G1 X75.531 Y115.642 E3.18205
G1 X75.611 Y115.913 E3.19564
G1 X75.644 Y116.311 F7800
G1 E1.19564 F2400
G92 E0
G1 X73.961 Y118.87 F7800
G1 E2 F2400
;TYPE:Perimeter
;WIDTH:0.620652
G1 F3600
G1 X73.395 Y118.786 E2.0397
;WIDTH:0.600425
G1 X73.098 Y118.716 E2.0601
G1 E.0601 F2400
G92 E0
G1 X73.098 Y118.716 F7800
G1 X88.128 Y116.505
G1 E2 F2400
;WIDTH:0.45
G1 F3600
G1 X88.042 Y116.484 E2.00426
G1 X78.85 Y116.484 E2.44636
G1 X78.559 Y116.563 E2.46086
G1 X76.43 Y117.804 E2.57938
G1 X76.234 Y117.993 E2.59248
G1 X75.218 Y119.589 E2.68348
G1 X72.152 Y119.005 E2.8336
G1 X70.957 Y117.458 E2.92762
G1 X71.1 Y116.559 E2.9714
;WIDTH:0.496906
G1 X71.152 Y116.385 E2.9812
;WIDTH:0.543812
G1 X71.203 Y116.211 E2.99204
;WIDTH:0.590719
G1 X71.255 Y116.037 E3.00396
;WIDTH:0.599699
G1 X71.345 Y115.5 E3.04031
G1 X71.33 Y115.435 E3.04476
;WIDTH:0.549799
G1 X71.315 Y115.37 E3.0488
;WIDTH:0.499899
G1 X71.3 Y115.306 E3.05237
;WIDTH:0.45
G1 X71.474 Y114.209 E3.10579
G1 X72.456 Y113.881 E3.15559
;WIDTH:0.493762
G1 X72.559 Y113.87 E3.16114
;WIDTH:0.537525
G1 X72.662 Y113.859 E3.16725
;WIDTH:0.581288
G1 X72.765 Y113.847 E3.17394
;WIDTH:0.585169
G1 X73.227 Y113.696 E3.20551
G1 X73.375 Y113.628 E3.21609
;WIDTH:0.551405
G1 X73.524 Y113.561 E3.22601
;WIDTH:0.517642
G1 X73.672 Y113.494 E3.23519
;WIDTH:0.483879
G1 X74.237 Y113.288 E3.26666
;WIDTH:0.45
G1 X83.528 Y112.117 E3.71706
G1 X83.761 Y112.034 E3.72896
G1 X86.279 Y110.466 E3.87163
G1 X86.372 Y110.394 E3.87729
G1 X86.503 Y110.209 E3.88819
G1 X86.552 Y109.975 E3.89969
G1 X86.552 Y87.483 E4.98148
G1 X88.418 Y85.727 E5.10472
G1 X139.845 Y85.727 E7.57818
G1 X140.085 Y85.675 E7.58999
G1 X140.291 Y85.517 E7.60248
G1 X142.771 Y82.515 E7.78976
G1 X144.111 Y81.286 E7.87721
G1 X147.05 Y81.625 E8.0195
G1 X148.96 Y83.43 E8.1459
G1 X148.74 Y83.954 E8.17323
G1 X147.485 Y86.949 E8.32941
G1 X140.827 Y91.532 E8.71817
G1 X140.713 Y91.703 E8.72805
G1 X140.665 Y91.934 E8.7394
G1 X140.665 Y126.469 E10.40041
G1 X114.357 Y126.469 E11.66573
G1 X114.115 Y126.522 E11.67765
G1 X113.893 Y126.701 E11.69137
G1 X112.548 Y128.511 E11.79983
G1 X112.472 Y128.796 E11.81402
G1 X112.472 Y137.119 E12.21433
G1 X111.362 Y138.742 E12.3089
G1 X108.847 Y138.742 E12.42986
G1 X107.452 Y137.085 E12.53404
G1 X107.451 Y136.074 E12.58267
;WIDTH:0.448025
G1 X107.442 Y135.491 E12.61057
;WIDTH:0.45
G1 X107.452 Y128.796 E12.93258
G1 X107.42 Y128.496 E12.94709
G1 X107.283 Y128.277 E12.95951
G1 X106.258 Y127.252 E13.02923
G1 X105.613 Y126.646 E13.0718
G1 X105.348 Y126.582 E13.08491
G1 X88.621 Y126.582 E13.88942
G1 X88.621 Y117.062 E14.3473
G1 X88.524 Y116.742 E14.36338
G1 X88.311 Y116.55 E14.37717
G1 X88.187 Y116.519 E14.38332
G1 X88.187 Y116.519 F7800
G1 X88.042 Y116.869
;TYPE:External perimeter
G1 F1800
G1 X78.85 Y116.869 E14.82542
G1 X78.753 Y116.896 E14.83026
G1 X77.054 Y117.887 E14.92486
G1 X76.559 Y118.2 E14.95303
G1 X75.403 Y120.017 E15.05661
G1 X71.937 Y119.356 E15.22632
G1 X70.55 Y117.562 E15.33539
G1 X71.13 Y113.917 E15.51291
G1 X74.152 Y112.91 E15.66611
G1 X83.479 Y111.735 E16.11825
G1 X83.557 Y111.707 E16.12224
G1 X86.106 Y110.115 E16.26678
G1 X86.166 Y109.975 E16.27411
G1 X86.166 Y87.316 E17.36393
G1 X88.265 Y85.341 E17.50255
G1 X139.845 Y85.341 E19.98337
G1 X139.993 Y85.271 E19.99124
G1 X142.49 Y82.248 E20.17982
G1 X143.98 Y80.883 E20.27701
G1 X147.221 Y81.257 E20.43393
G1 X149.419 Y83.333 E20.57935
G1 X149.096 Y84.104 E20.61956
G1 X147.797 Y87.202 E20.78113
G1 X141.104 Y91.8 E21.17168
G1 X141.05 Y91.934 E21.17863
G1 X141.05 Y126.855 E22.85821
G1 X114.342 Y126.855 E24.14277
G1 X114.202 Y126.932 E24.15045
G1 X112.896 Y128.681 E24.25544
G1 X112.858 Y128.796 E24.26127
G1 X112.858 Y137.238 E24.6673
G1 X111.565 Y139.128 E24.77744
G1 X108.668 Y139.128 E24.91678
G1 X107.067 Y137.226 E25.03635
G1 X107.067 Y128.686 E25.44709
G1 X107.01 Y128.55 E25.45418
G1 X105.485 Y127.024 E25.55794
G1 X105.348 Y126.968 E25.56506
G1 X88.235 Y126.968 E26.38814
G1 X88.235 Y117.062 E26.86458
G1 X88.191 Y116.939 E26.87086
G1 X88.097 Y116.895 E26.87585
G1 X87.697 Y116.873 F7800
G1 E24.87585 F2400
G92 E0
G1 X142.691 Y83.191 F7800
G1 E2 F2400
;TYPE:Perimeter
;WIDTH:0.417901
G1 F3600
G1 X143.004 Y82.79 E2.02243
;WIDTH:0.414459
G1 X143.51 Y82.336 E2.05211
G1 E.05211 F2400
G92 E0
G1 X143.51 Y82.336 F7800
G1 X108.167 Y137.317
G1 E2 F2400
;WIDTH:0.474337
G1 F3600
G1 X107.844 Y136.942 E2.02531
G1 E.02531 F2400
G92 E0
G1 X107.844 Y136.942 F7800
G1 X76.006 Y117.668
G1 E2 F2400
;WIDTH:0.461005
G1 F3600
G1 X75.775 Y117.986 E2.01944
G1 E.01944 F2400
G92 E0
G1 X75.775 Y117.986 F7800
G1 X76.063 Y113.738
G1 E2 F2400
;TYPE:Internal infill
;WIDTH:0.45
G1 F4800
G1 X75.904 Y114.331 E2.02953
G1 X75.509 Y114.002 E2.05425
G1 X76.879 Y113.635 E2.12247
G1 X76.83 Y113.641 E2.12484
G1 X79.007 Y115.818 E2.27292
G1 X78.487 Y115.863 E2.29802
G1 X79.161 Y113.347 E2.4233
G1 X78.646 Y113.412 E2.44827
G1 X81.05 Y115.816 E2.61179
G1 E.61179 F2400
G92 E0
G1 X81.05 Y115.816 F7800
G1 X78.455 Y113.436
G1 E2 F2400
G1 F4800
G1 X77.612 Y113.543 E2.04087
G1 X76.725 Y116.851 E2.20559
G1 X76.622 Y116.911 E2.21132
G1 X76.666 Y116.686 E2.22235
G1 X77.301 Y116.516 E2.25397
G1 X77.528 Y116.384 E2.2666
G1 X76.575 Y115.431 E2.33142
G1 X76.508 Y115.231 E2.34156
G1 X139.997 Y98.22 E5.50287
G1 X139.997 Y98.62 E5.52211
G1 X132.715 Y125.794 E6.8752
G1 E4.8752 F2400
G92 E0
G1 X132.715 Y125.794 F7800
G1 X130.077 Y125.794
G1 E2 F2400
G1 F4800
G1 X131.218 Y125.794 E2.05488
G1 X139.998 Y93.028 E3.68641
G1 X139.998 Y92.962 E3.68958
G1 X133.438 Y86.402 E4.13578
G1 X133.438 Y86.402 F7800
G1 X132.791 Y86.402
G1 F4800
G1 X122.236 Y125.794 E6.09723
G1 X123.54 Y125.794 E6.15995
G1 X123.54 Y125.794 F7800
G1 X121.704 Y125.794
G1 F4800
G1 X87.227 Y91.317 E8.50504
G1 X87.227 Y91.4 E8.50903
G1 X105.882 Y86.402 E9.43792
G1 X95.232 Y125.907 E11.40581
G1 X89.293 Y119.969 E11.80974
G1 X89.293 Y120.232 E11.82239
G1 X98.358 Y86.402 E13.5069
G1 X98.672 Y86.402 E13.522
G1 X138.064 Y125.794 E16.2014
G1 X138.064 Y125.794 F7800
G1 X138.704 Y125.794
G1 F4800
G1 X139.991 Y120.99 E16.4406
G1 X139.991 Y120.677 E16.45565
G1 X120.895 Y125.794 E17.4065
G1 X120.739 Y125.794 E17.414
G1 X131.294 Y86.402 E19.37545
G1 X131.393 Y86.402 E19.38021
G1 X139.998 Y95.006 E19.96548
G1 X139.998 Y95.225 E19.97601
G1 X87.227 Y109.365 E22.60365
G1 X87.227 Y109.723 E22.62087
G1 X103.412 Y125.907 E23.72172
G1 X103.711 Y125.907 E23.7361
G1 X139.992 Y116.186 E25.54264
G1 E23.54264 F2400
G92 E0
G1 X139.992 Y116.186 F7800
G1 X139.993 Y113.6
G1 E2 F2400
G1 F4800
G1 X139.993 Y114.689 E2.05238
G1 X98.124 Y125.907 E4.13716
G1 X98.252 Y125.907 E4.14332
G1 X108.838 Y86.402 E6.11041
G1 X108.897 Y86.402 E6.11325
G1 X139.992 Y117.496 E8.22826
G1 X139.992 Y117.683 E8.23725
G1 X106.593 Y126.632 E9.90029
G1 X106.946 Y126.986 E9.92433
G1 X117.82 Y86.402 E11.94513
G1 X118.93 Y86.402 E11.99852
G1 E9.99852 F2400
G92 E0
G1 X118.93 Y86.402 F7800
G1 X116.323 Y86.402
G1 E2 F2400
G1 F4800
G1 X105.721 Y125.969 E3.97017
G1 X105.472 Y125.923 E3.98235
G1 X87.227 Y107.677 E5.22339
G1 X87.227 Y107.868 E5.23258
G1 X139.998 Y93.728 E7.86022
G1 E5.86022 F2400
G92 E0
G1 X139.998 Y93.728 F7800
G1 X140.576 Y90.872
G1 E2 F2400
G1 F4800
G1 X142.092 Y85.213 E2.28178
G1 X142.216 Y85.648 E2.30354
G1 X140.712 Y86.051 E2.37843
G1 X140.965 Y85.748 E2.39742
G1 X143.85 Y88.634 E2.59369
G1 X142.795 Y89.355 E2.65515
G1 X142.795 Y89.355 F7800
G1 X144.241 Y88.367
G1 F4800
G1 X144.473 Y87.502 E2.69822
G1 X144.8 Y87.539 E2.71405
G1 X145.065 Y87.804 E2.73207
G1 X144.884 Y87.928 E2.74262
G1 X87.227 Y103.377 E5.61355
G1 X87.227 Y103.587 E5.62365
G1 X111.917 Y128.278 E7.30307
G1 X111.968 Y128.186 E7.30813
G1 X108.127 Y129.215 E7.49938
G1 X108.127 Y130.43 E7.55782
G1 X108.127 Y130.43 F7800
G1 X108.127 Y130.905
G1 F4800
G1 X108.127 Y132.21 E7.62059
G1 X111.798 Y131.226 E7.80339
G1 X111.228 Y133.354 E7.90935
G1 X111.798 Y133.828 E7.94501
G1 X111.798 Y132.723 E7.99816
G1 X110.536 Y133.032 E8.06065
G1 X108.127 Y130.623 E8.22451
G1 X108.127 Y130.712 E8.22879
G1 X111.798 Y129.729 E8.41157
G1 X111.798 Y130.203 E8.43437
G1 X87.227 Y105.632 E10.10566
G1 X92.37 Y86.402 E11.06306
G1 X92.537 Y86.402 E11.07109
G1 X131.929 Y125.794 E13.75049
G1 X139.99 Y123.672 E14.1514
G1 X102.762 Y86.402 E16.68503
G1 X102.849 Y86.402 E16.68921
G1 X92.264 Y125.907 E18.65629
G1 X92.537 Y125.907 E18.66942
G1 X139.993 Y113.192 E21.0324
G1 X139.993 Y113.407 E21.04274
G1 X112.987 Y86.402 E22.87962
G1 X113.329 Y86.402 E22.89607
G1 X102.743 Y125.907 E24.86316
G1 X101.559 Y125.907 E24.92011
G1 E22.92011 F2400
G92 E0
G1 X101.559 Y125.907 F7800
G1 X104.241 Y125.907
G1 E2 F2400
G1 F4800
G1 X114.826 Y86.402 E3.96708
G1 X115.032 Y86.402 E3.97699
G1 X139.993 Y111.363 E5.67481
G1 X139.993 Y111.694 E5.69073
G1 X89.295 Y125.279 E8.21515
G1 X89.295 Y125.279 F7800
G1 X90.574 Y125.907
G1 F4800
G1 X89.295 Y125.907 E8.27667
G1 X89.295 Y125.811 E8.28129
G1 X99.855 Y86.402 E10.2436
G1 E8.2436 F2400
G92 E0
G1 X99.855 Y86.402 F7800
G1 X104.807 Y86.402
G1 E2 F2400
G1 F4800
G1 X139.991 Y121.585 E4.39314
G1 X139.991 Y121.585 F7800
G1 X139.991 Y122.175
G1 F4800
G1 X126.482 Y125.794 E5.06579
G1 X126.727 Y125.794 E5.07757
G1 X137.282 Y86.402 E7.03902
G1 X137.528 Y86.402 E7.05085
G1 X141.421 Y90.294 E7.31561
G1 X141.28 Y90.39 E7.32381
G1 X87.227 Y104.874 E10.01529
G1 E8.01529 F2400
G92 E0
G1 X87.227 Y107.485 F7800
G1 E2 F2400
G1 F4800
G1 X87.227 Y106.371 E2.05358
G1 X139.998 Y92.231 E4.68122
G1 X139.998 Y91.78 E4.70291
G1 X140.092 Y91.436 E4.72006
G1 X140.254 Y91.172 E4.73496
G1 X135.483 Y86.402 E5.05944
G1 X135.785 Y86.402 E5.07397
G1 X125.23 Y125.794 E7.03542
G1 X125.794 Y125.794 E7.06255
G1 X87.509 Y87.509 E9.66665
G1 X87.606 Y87.417 E9.67308
G1 X87.227 Y88.834 E9.74363
G1 X87.227 Y89.272 E9.7647
G1 X123.749 Y125.794 E12.24888
G1 X134.288 Y86.402 E14.21014
G1 X133.818 Y86.402 E14.23275
G1 X87.227 Y98.886 E16.55267
G1 X87.227 Y98.886 F7800
G1 X87.227 Y99.497
G1 F4800
G1 X113.709 Y125.979 E18.35394
G1 X114.066 Y125.828 E18.37258
G1 X114.75 Y125.794 E18.40552
G1 X125.306 Y86.402 E20.36699
G1 X125.258 Y86.402 E20.3693
G1 X139.996 Y101.14 E21.37176
G1 X139.996 Y101.214 E21.37532
G1 X85.518 Y115.811 E24.08795
G1 X85.136 Y115.812 E24.10632
G1 X82.26 Y112.957 E24.30123
G1 X81.494 Y115.815 E24.44354
G1 X82.799 Y115.814 E24.50631
G1 X83.286 Y115.814 F7800
G1 F4800
G1 X84.489 Y115.812 E24.56417
G1 X85.594 Y111.688 E24.76952
G1 X85.291 Y111.877 E24.7867
G1 X99.322 Y125.907 E25.74104
G1 X99.749 Y125.907 E25.76158
G1 X110.335 Y86.402 E27.72867
G1 X110.335 Y86.402 F7800
G1 X110.942 Y86.402
G1 F4800
G1 X139.992 Y115.452 E29.70462
G1 X139.992 Y115.398 E29.70722
G1 X137.207 Y125.794 E30.22486
G1 X137.657 Y125.794 E30.2465
G1 X139.99 Y125.169 E30.36267
G1 X139.99 Y125.674 E30.38696
G1 X100.717 Y86.402 E33.05823
G1 X100.295 Y86.402 E33.07853
G1 X87.227 Y89.903 E33.72922
G1 X87.227 Y91.124 E33.78795
G1 X87.227 Y91.124 F7800
G1 X87.227 Y91.593
G1 F4800
G1 X87.227 Y92.897 E33.85067
G1 X111.469 Y86.402 E35.05775
G1 X111.832 Y86.402 E35.07521
G1 X101.246 Y125.907 E37.0423
G1 X101.367 Y125.907 E37.04812
G1 X86.551 Y111.092 E38.05585
G1 X86.676 Y111.01 E38.06304
G1 X139.997 Y96.722 E40.71807
G1 X139.997 Y97.051 E40.73389
G1 X129.348 Y86.402 E41.45822
G1 X129.797 Y86.402 E41.47982
G1 X119.242 Y125.794 E43.44127
G1 X119.659 Y125.794 E43.46133
G1 X87.227 Y93.362 E45.66732
G1 E43.66732 F2400
G92 E0
G1 X87.227 Y88.406 F7800
G1 E2 F2400
G1 F4800
G1 X94.707 Y86.402 E2.37245
G1 X94.582 Y86.402 E2.37846
G1 X133.974 Y125.794 E5.05786
G1 X134.213 Y125.794 E5.06936
G1 X139.995 Y104.208 E6.14417
G1 X89.292 Y117.794 E8.66884
G1 X89.292 Y117.923 E8.67504
G1 X97.277 Y125.907 E9.21814
G1 X96.755 Y125.907 E9.24325
G1 X107.341 Y86.402 E11.21034
G1 X106.852 Y86.402 E11.23386
G1 X139.991 Y119.541 E13.48794
G1 X139.991 Y119.18 E13.5053
G1 X115.308 Y125.794 E14.73435
G1 X115.569 Y125.794 E14.7469
G1 X87.227 Y97.452 E16.67469
G1 X87.227 Y97.388 E16.67777
G1 X128.3 Y86.402 E18.72269
G1 X117.745 Y125.794 E20.68414
G1 X117.614 Y125.794 E20.69044
G1 X87.227 Y95.407 E22.75733
G1 X87.227 Y95.891 E22.78061
G1 X122.643 Y86.402 E24.54408
G1 X122.312 Y86.402 E24.56
G1 X109.848 Y132.918 E26.87618
G1 X109.3 Y132.958 E26.90261
G1 X108.811 Y133.097 E26.92706
G1 X108.811 Y133.097 F7800
G1 X108.127 Y132.668
G1 F4800
G1 X108.634 Y133.175 E26.96155
G1 X108.213 Y133.433 E26.9853
G1 X120.814 Y86.402 E29.32711
G1 X121.168 Y86.402 E29.34414
G1 X139.995 Y105.229 E30.62473
G1 E28.62473 F2400
G92 E0
G1 X139.994 Y110.197 F7800
G1 E2 F2400
G1 F4800
G1 X89.295 Y123.782 E4.52447
G1 X89.295 Y124.061 E4.53789
G1 X91.141 Y125.907 E4.66345
G1 X90.767 Y125.907 E4.68144
G1 X101.352 Y86.402 E6.64852
G1 X102.569 Y86.402 E6.70705
G1 X102.569 Y86.402 F7800
G1 X103.042 Y86.402
G1 F4800
G1 X104.347 Y86.402 E6.76982
G1 X93.761 Y125.907 E8.73691
G1 X95.039 Y125.907 E8.79838
G1 X95.039 Y125.907 F7800
G1 X93.186 Y125.907
G1 F4800
G1 X89.294 Y122.015 E9.06311
G1 X89.294 Y122.285 E9.0761
G1 X139.994 Y108.7 E11.60062
G1 X139.994 Y107.466 E11.65997
G1 X139.994 Y107.466 F7800
G1 X139.995 Y107.01
G1 F4800
G1 X139.995 Y105.706 E11.72269
G1 X89.293 Y119.291 E14.2473
G1 E12.2473 F2400
G92 E0
G1 X89.293 Y119.291 F7800
G1 X89.294 Y121.822
G1 E2 F2400
G1 F4800
G1 X89.294 Y120.788 E2.04973
G1 X139.995 Y107.203 E4.57429
G1 X139.994 Y107.274 E4.57771
G1 X119.122 Y86.402 E5.9974
G1 X119.317 Y86.402 E6.00678
G1 X108.077 Y128.35 E8.09551
G1 X108.117 Y128.568 E8.10617
G1 X111.798 Y132.248 E8.35651
G1 E6.35651 F2400
G92 E0
G1 X111.798 Y132.248 F7800
G1 X107.082 Y127.122
G1 E2 F2400
G1 F4800
G1 X107.772 Y127.813 E2.04697
G1 X113.333 Y126.323 E2.32387
G1 E.32387 F2400
G92 E0
G1 X113.333 Y126.323 F7800
G1 X116.248 Y125.794
G1 E2 F2400
G1 F4800
G1 X126.803 Y86.402 E3.96145
G1 X125.498 Y86.402 E4.02422
G1 X125.498 Y86.402 F7800
G1 X127.303 Y86.402
G1 F4800
G1 X139.997 Y99.095 E4.88762
G1 X139.997 Y99.095 F7800
G1 X139.996 Y99.717
G1 F4800
G1 X79.91 Y115.817 E7.8795
G1 X79.997 Y115.817 E7.88368
G1 X80.711 Y113.152 E8.01638
G1 X80.463 Y113.184 E8.02841
G1 X83.093 Y115.814 E8.2073
G1 X82.992 Y115.814 E8.21216
G1 X83.816 Y112.739 E8.36527
G1 X84.023 Y112.654 E8.37603
G1 X87.179 Y115.81 E8.5907
G1 X87.484 Y115.81 E8.60537
G1 X95.364 Y86.402 E10.06969
G1 X96.434 Y86.402 E10.12115
G1 E8.12115 F2400
G92 E0
G1 X96.434 Y86.402 F7800
G1 X93.867 Y86.402
G1 E2 F2400
G1 F4800
G1 X85.987 Y115.811 E3.46437
G1 E1.46437 F2400
G92 E0
G1 X85.987 Y115.811 F7800
G1 X138.779 Y86.402
G1 E2 F2400
G1 F4800
G1 X128.224 Y125.794 E3.96145
G1 X127.839 Y125.794 E3.97997
G1 X88.563 Y86.517 E6.65151
G1 X88.686 Y86.402 E6.65961
G1 X89.376 Y86.402 E6.6928
G1 X87.227 Y94.394 E7.09084
G1 X117.077 Y86.402 E8.57709
G1 X139.994 Y109.318 E10.13584
G1 X139.994 Y109.805 E10.15926
G1 X135.71 Y125.794 E10.9554
G1 X136.019 Y125.794 E10.97026
G1 X96.627 Y86.402 E13.64966
G1 X96.861 Y86.402 E13.66091
G1 X88.892 Y116.142 E15.14176
G1 X89.072 Y116.356 E15.15521
G1 X139.996 Y102.711 E17.69088
G1 X139.996 Y103.185 E17.71368
G1 X123.213 Y86.402 E18.85524
G1 X123.809 Y86.402 E18.88391
G1 X112.987 Y126.786 E20.89477
G1 X112.767 Y127.082 E20.91251
G1 X87.227 Y101.542 E22.64971
G1 X87.227 Y101.88 E22.66597
G1 X143.14 Y86.89 E25.45016
G1 X142.408 Y89.619 E25.58606
G1 X142.636 Y89.464 E25.59932
G1 X139.573 Y86.402 E25.80763
G1 X139.405 Y86.402 E25.81571
G1 X87.227 Y100.383 E28.41382
G1 X87.227 Y100.008 E28.43186
G1 X90.873 Y86.402 E29.10935
G1 X90.492 Y86.402 E29.12767
G1 X129.884 Y125.794 E31.80707
G1 X129.721 Y125.794 E31.81491
G1 X140.301 Y86.312 E33.78086
G1 X139.766 Y86.402 E33.80695
G1 X139.766 Y86.402 F7800
G1 X141.088 Y85.6
G1 F4800
G1 X141.894 Y84.632 E33.86753
G1 X142.027 Y84.765 E33.87658
G1 X142.048 Y85.025 E33.88913
G1 E31.88913 F2400
G92 E0
G1 X142.048 Y85.025 F7800
G1 X147.667 Y83.141
G1 E2 F2400
;TYPE:Solid infill
;WIDTH:0.405387
G1 F1200
G1 X147.634 Y83.197 E2.00276
G1 X147.813 Y83.687 E2.02495
G1 X147.912 Y84.075 E2.04198
G1 X147.945 Y84.079 E2.04339
G1 X147.993 Y84.05 E2.04578
G1 X148.182 Y83.598 E2.06662
G1 X147.811 Y83.269 E2.08771
;LAYER_CHANGE
;Z:2.15
;HEIGHT:0.3
 ; After First Layer

G1 Z2.15 F7800
G1 E.08771 F2400
G1 Z2.15 F7800
G1 X144.893 Y81.816
G1 E2.08771 F2400
;TYPE:Perimeter
;WIDTH:0.552623
G1 F900
G1 X144.793 Y81.849 E2.09412
;WIDTH:0.511552
G1 X144.694 Y81.881 E2.09992
;WIDTH:0.470482
G1 X144.594 Y81.914 E2.10525
;WIDTH:0.429412
G1 X144.494 Y81.947 E2.11004
;WIDTH:0.388342
G1 X143.985 Y82.098 E2.13149
;WIDTH:0.414463
G1 X143.51 Y82.336 E2.15469
G1 X143.757 Y82.094 E2.16979
;WIDTH:0.391757
G1 X144.231 Y81.657 E2.19611
;WIDTH:0.388342
G1 X144.493 Y81.687 E2.20677
;WIDTH:0.429412
G1 X144.593 Y81.719 E2.21155
;WIDTH:0.470482
G1 X144.693 Y81.752 E2.21688
;WIDTH:0.511552
G1 X144.793 Y81.784 E2.22274
;WIDTH:0.552623
G1 X144.836 Y81.798 E2.22549
G1 E.22549 F2400
G92 E0
G1 X144.836 Y81.798 F7800
G1 X147.359 Y86.036
G1 E2 F2400
;WIDTH:0.617153
G1 F3600
G1 X147.339 Y86.143 E2.0075
;WIDTH:0.569885
G1 X147.32 Y86.251 E2.01441
;WIDTH:0.522617
G1 X147.3 Y86.359 E2.02069
;WIDTH:0.475349
G1 X147.281 Y86.466 E2.02626
;WIDTH:0.428081
G1 X147.203 Y86.653 E2.03545
G1 X146.842 Y86.949 E2.05663
;WIDTH:0.416725
G1 X146.371 Y87.265 E2.08156
;WIDTH:0.45
G1 X145.891 Y87.575 E2.10904
G1 X141.28 Y90.739 E2.378
G1 X140.549 Y91.265 E2.42131
G1 X140.359 Y91.549 E2.43774
G1 X140.279 Y91.934 E2.45665
G1 X140.279 Y126.083 E4.0991
G1 X114.211 Y126.094 E5.35288
G1 X113.858 Y126.223 E5.37096
G1 X113.584 Y126.471 E5.38873
G1 X112.278 Y128.219 E5.49368
G1 X112.152 Y128.447 E5.50621
G1 X112.087 Y128.796 E5.52328
G1 X112.095 Y135.194 E5.831
G1 X111.984 Y134.738 E5.85357
G1 X111.776 Y134.316 E5.8762
G1 X111.488 Y133.944 E5.89883
G1 X111.133 Y133.636 E5.92143
G1 X110.723 Y133.405 E5.94406
G1 X110.276 Y133.259 E5.96668
G1 X109.809 Y133.205 E5.98929
G1 X109.341 Y133.244 E6.01188
G1 X108.638 Y133.502 E6.0479
G1 X108.193 Y133.81 E6.07393
G1 X107.838 Y134.214 E6.0998
G1 X107.838 Y128.796 E6.36039
G1 X107.823 Y128.52 E6.37368
G1 X107.729 Y128.241 E6.38784
G1 X107.556 Y128.004 E6.40195
G1 X105.97 Y126.423 E6.50966
G1 X105.705 Y126.265 E6.5245
G1 X105.348 Y126.197 E6.54198
G1 X89.006 Y126.197 E7.32797
G1 X89.003 Y116.988 E7.77089
G1 X88.899 Y116.621 E7.78924
G1 X88.691 Y116.349 E7.80571
G1 X88.375 Y116.158 E7.82347
G1 X88.042 Y116.098 E7.83974
G1 X78.73 Y116.106 E8.28762
G1 X78.364 Y116.23 E8.30621
G1 X76.236 Y117.472 E8.42472
;WIDTH:0.447283
G1 X76.006 Y117.668 E8.43915
;WIDTH:0.443378
G1 X76.108 Y117.506 E8.4482
;WIDTH:0.45
G1 X76.324 Y116.982 E8.47546
G1 X76.416 Y116.459 E8.501
G1 X76.396 Y115.893 E8.52824
G1 X76.268 Y115.414 E8.55209
G1 X76.048 Y114.97 E8.57592
G1 X75.744 Y114.578 E8.59978
G1 X75.369 Y114.254 E8.62362
G1 X74.937 Y114.011 E8.64746
G1 X74.465 Y113.859 E8.67131
G1 X73.972 Y113.803 E8.69517
G1 X74.323 Y113.665 E8.71331
G1 X83.576 Y112.5 E9.16186
G1 X83.965 Y112.362 E9.18171
G1 X86.483 Y110.793 E9.3244
G1 X86.741 Y110.558 E9.34118
G1 X86.885 Y110.29 E9.35581
G1 X86.938 Y109.975 E9.37117
G1 X86.938 Y87.65 E10.44492
G1 X88.571 Y86.112 E10.55281
G1 X139.139 Y86.112 E12.98496
G1 X140.082 Y86.083 E13.03034
G1 X140.314 Y85.991 E13.04234
G1 X140.588 Y85.762 E13.05952
G1 X142.313 Y83.674 E13.18978
G1 X142.691 Y83.191 E13.21928
G1 X142.497 Y83.553 E13.23903
G1 X142.346 Y84.068 E13.26484
G1 X142.299 Y84.559 E13.28856
G1 X142.337 Y85.017 E13.31066
G1 X142.476 Y85.523 E13.3359
G1 X142.715 Y86.004 E13.36173
G1 X143.067 Y86.451 E13.38909
G1 X143.453 Y86.777 E13.41339
G1 X143.922 Y87.038 E13.4392
G1 X144.434 Y87.202 E13.46506
G1 X144.967 Y87.261 E13.49085
G1 X145.502 Y87.214 E13.51668
G1 X146.015 Y87.054 E13.54253
;WIDTH:0.435578
G1 X146.48 Y86.789 E13.56731
;WIDTH:0.428081
G1 X146.912 Y86.448 E13.59228
;WIDTH:0.475349
G1 X147.024 Y86.345 E13.60008
;WIDTH:0.522617
G1 X147.135 Y86.242 E13.60873
;WIDTH:0.569885
G1 X147.247 Y86.139 E13.61832
;WIDTH:0.617153
G1 X147.315 Y86.077 E13.62466
G1 E11.62466 F2400
G92 E0
G1 X147.315 Y86.077 F7800
G1 X146.923 Y82.66
G1 E2 F2400
;WIDTH:0.512262
G1 F900
G1 X146.822 Y82.553 E2.00822
;WIDTH:0.500527
G1 X146.389 Y82.226 E2.03774
;WIDTH:0.546002
G1 X146.15 Y82.09 E2.05426
;WIDTH:0.591477
G1 X145.911 Y81.953 E2.07237
G1 X146.121 Y81.953 E2.08618
;WIDTH:0.543607
G1 X146.867 Y82.018 E2.13094
;WIDTH:0.500527
G1 X147.174 Y82.299 E2.15358
;WIDTH:0.517384
G1 X147.568 Y82.691 E2.18498
G1 X147.768 Y82.857 E2.19967
;WIDTH:0.483692
G1 X147.969 Y83.024 E2.21334
;WIDTH:0.45
G1 X148.502 Y83.527 E2.24859
G1 X148.385 Y83.805 E2.2631
G1 X147.994 Y84.738 E2.31176
;WIDTH:0.493336
G1 X147.923 Y84.851 E2.3189
;WIDTH:0.536673
G1 X147.851 Y84.965 E2.32684
;WIDTH:0.58001
G1 X147.78 Y85.079 E2.33548
;WIDTH:0.623347
G1 X147.709 Y85.193 E2.34484
G1 X147.706 Y85.101 E2.35126
;WIDTH:0.583072
G1 X147.703 Y85.009 E2.35722
;WIDTH:0.542797
G1 X147.697 Y84.739 E2.37334
;WIDTH:0.496398
G1 X147.691 Y84.469 E2.38789
;WIDTH:0.45
G1 X147.619 Y83.937 E2.41371
G1 X147.442 Y83.43 E2.43954
;WIDTH:0.481131
G1 X147.317 Y83.188 E2.4537
;WIDTH:0.512262
G1 X147.193 Y82.947 E2.46884
G1 X146.964 Y82.704 E2.48749
G1 X146.964 Y82.704 F7800
G1 X146.605 Y82.911
;WIDTH:0.45
G1 F900
G1 X146.651 Y82.95 E2.49039
G1 X146.938 Y83.31 E2.51253
G1 X147.148 Y83.72 E2.53469
G1 X147.273 Y84.163 E2.55683
G1 X147.307 Y84.622 E2.57897
G1 X147.254 Y85.065 E2.60043
G1 X147.148 Y85.41 E2.61779
G1 X146.938 Y85.819 E2.6399
G1 X146.651 Y86.179 E2.66204
G1 X146.299 Y86.475 E2.68416
G1 X145.894 Y86.695 E2.70633
G1 X145.454 Y86.831 E2.72848
G1 X144.996 Y86.877 E2.75062
G1 X144.538 Y86.831 E2.77276
G1 X144.098 Y86.695 E2.79491
G1 X143.694 Y86.475 E2.81704
G1 X143.341 Y86.179 E2.8392
G1 X143.054 Y85.819 E2.86134
G1 X142.844 Y85.409 E2.8835
G1 X142.72 Y84.974 E2.90526
G1 X142.684 Y84.581 E2.92424
G1 X142.719 Y84.163 E2.94441
G1 X142.844 Y83.72 E2.96655
G1 X143.054 Y83.31 E2.98871
G1 X143.341 Y82.951 E3.01082
G1 X143.694 Y82.655 E3.03298
G1 X144.098 Y82.434 E3.05513
G1 X144.538 Y82.299 E3.07727
G1 X144.996 Y82.253 E3.09941
G1 X145.454 Y82.299 E3.12155
G1 X145.894 Y82.434 E3.14369
G1 X146.378 Y82.718 E3.17068
G1 X146.56 Y82.873 E3.18218
G1 X146.56 Y82.873 F7800
G1 X146.356 Y83.198
;TYPE:External perimeter
G1 F900
G1 X146.6 Y83.495 E3.20067
G1 X146.829 Y83.992 E3.22699
G1 X146.889 Y84.202 E3.23749
G1 X146.924 Y84.584 E3.25594
G1 X146.883 Y84.961 E3.27418
G1 X146.801 Y85.242 E3.28826
G1 X146.631 Y85.586 E3.30672
G1 X146.396 Y85.89 E3.3252
G1 X146.106 Y86.141 E3.34365
G1 X145.771 Y86.33 E3.36215
G1 X145.406 Y86.448 E3.3806
G1 X145.025 Y86.492 E3.39905
G1 X144.643 Y86.46 E3.41749
G1 X144.274 Y86.352 E3.43598
G1 X143.934 Y86.174 E3.45444
G1 X143.637 Y85.931 E3.4729
G1 X143.393 Y85.635 E3.49135
G1 X143.213 Y85.296 E3.50981
G1 X143.103 Y84.931 E3.52815
G1 X143.069 Y84.604 E3.54396
G1 X143.093 Y84.258 E3.56064
G1 X143.191 Y83.887 E3.5791
G1 X143.361 Y83.543 E3.59756
G1 X143.596 Y83.24 E3.616
G1 X143.887 Y82.989 E3.63448
G1 X144.221 Y82.8 E3.65294
G1 X144.586 Y82.681 E3.6714
G1 X144.967 Y82.637 E3.68985
G1 X145.35 Y82.67 E3.70834
G1 X145.718 Y82.777 E3.72677
G1 X146.137 Y83.019 E3.75004
G1 X146.309 Y83.16 E3.76074
G1 X146.569 Y83.465 F7800
G1 E1.76074 F2400
G92 E0
G1 X144.893 Y81.816 F7800
G1 E2 F2400
;TYPE:Perimeter
;WIDTH:0.552623
G1 F3600
G1 X145.412 Y81.861 E2.03172
;WIDTH:0.557489
G1 X145.661 Y81.907 E2.04729
;WIDTH:0.591477
G1 X145.911 Y81.953 E2.064
G1 E.064 F2400
G92 E0
G1 X145.911 Y81.953 F7800
G1 X147.709 Y85.193
G1 E2 F2400
;WIDTH:0.623347
G1 F3600
G1 X147.415 Y85.921 E2.05474
;WIDTH:0.617153
G1 X147.359 Y86.036 E2.06356
G1 E.06356 F2400
G92 E0
G1 X147.359 Y86.036 F7800
G1 X112.09 Y136.01
G1 E2 F2400
;WIDTH:0.442633
G1 F900
G1 X112.094 Y136.41 E2.01887
;WIDTH:0.435979
G1 X112.094 Y136.945 E2.04367
G1 X112.025 Y137.104 E2.0517
;WIDTH:0.460414
G1 X111.82 Y137.38 E2.06868
;WIDTH:0.4858
G1 X111.616 Y137.655 E2.08668
;WIDTH:0.527439
G1 X111.45 Y137.862 E2.102
;WIDTH:0.569079
G1 X111.283 Y138.069 E2.11874
;WIDTH:0.610719
G1 X111.116 Y138.276 E2.13686
G1 X110.753 Y138.299 E2.16165
;WIDTH:0.56522
G1 X110.493 Y138.317 E2.17793
;WIDTH:0.528787
G1 X110.233 Y138.335 E2.19303
;WIDTH:0.492355
G1 X109.719 Y138.345 E2.22047
;WIDTH:0.511136
G1 X109.041 Y138.326 E2.25826
G1 X108.167 Y137.317 E2.33264
;WIDTH:0.502286
G1 X108.395 Y137.517 E2.3492
;WIDTH:0.511136
G1 X108.807 Y137.755 E2.37571
G1 X109.206 Y137.887 E2.39913
G1 X109.734 Y137.938 E2.42869
;WIDTH:0.496753
G1 X110.254 Y137.904 E2.45679
;WIDTH:0.534741
G1 X110.45 Y137.857 E2.46861
;WIDTH:0.57273
G1 X110.647 Y137.809 E2.48147
;WIDTH:0.610719
G1 X110.843 Y137.762 E2.4952
G1 X110.968 Y137.669 E2.50582
;WIDTH:0.574373
G1 X111.093 Y137.576 E2.51573
;WIDTH:0.538027
G1 X111.355 Y137.301 E2.53817
;WIDTH:0.490804
G1 X111.617 Y137.025 E2.55841
;WIDTH:0.443581
G1 X111.903 Y136.568 E2.58391
;WIDTH:0.442633
G1 X112.071 Y136.066 E2.60888
G1 E.60888 F2400
G92 E0
G1 X112.071 Y136.066 F7800
G1 X110.111 Y133.624
G1 E2 F2400
;WIDTH:0.45
G1 F900
G1 X110.172 Y133.63 E2.00295
G1 X110.547 Y133.748 E2.02186
G1 X110.892 Y133.938 E2.0408
G1 X111.193 Y134.192 E2.05974
G1 X111.437 Y134.501 E2.07868
G1 X111.615 Y134.852 E2.09761
G1 X111.72 Y135.231 E2.11653
G1 X111.748 Y135.624 E2.13548
G1 X111.697 Y136.014 E2.1544
G1 X111.57 Y136.387 E2.17335
G1 X111.343 Y136.758 E2.19427
G1 X110.879 Y137.204 E2.22522
G1 X110.532 Y137.391 E2.24418
G1 X110.156 Y137.505 E2.26308
G1 X109.764 Y137.543 E2.28202
G1 X109.318 Y137.487 E2.30364
G1 X108.997 Y137.384 E2.31985
G1 X108.652 Y137.195 E2.33877
G1 X108.351 Y136.94 E2.35774
G1 X108.107 Y136.632 E2.37664
G1 X107.929 Y136.281 E2.39557
;WIDTH:0.449868
G1 X107.827 Y135.901 E2.41449
;WIDTH:0.443507
G1 X107.827 Y135.231 E2.44617
;WIDTH:0.45
G1 X107.974 Y134.746 E2.47054
G1 X108.172 Y134.406 E2.48946
G1 X108.434 Y134.112 E2.5084
G1 X108.787 Y133.857 E2.52934
G1 X109.389 Y133.627 E2.56034
G1 X109.78 Y133.59 E2.57923
G1 X110.052 Y133.618 E2.59238
G1 X110.052 Y133.618 F7800
G1 X110.067 Y134.002
;TYPE:External perimeter
G1 F900
G1 X110.372 Y134.091 E2.60766
G1 X110.652 Y134.239 E2.62289
G1 X110.897 Y134.44 E2.63813
G1 X111.098 Y134.685 E2.65337
G1 X111.247 Y134.965 E2.66863
G1 X111.336 Y135.27 E2.68391
G1 X111.364 Y135.585 E2.69912
G1 X111.329 Y135.9 E2.71436
G1 X111.232 Y136.202 E2.72962
G1 X111.067 Y136.489 E2.74554
G1 X110.686 Y136.87 E2.77146
G1 X110.409 Y137.025 E2.78673
G1 X110.108 Y137.123 E2.80196
G1 X109.793 Y137.158 E2.8172
G1 X109.423 Y137.116 E2.83511
G1 X109.172 Y137.041 E2.84771
G1 X108.892 Y136.893 E2.86294
G1 X108.647 Y136.693 E2.87815
G1 X108.446 Y136.447 E2.89343
G1 X108.297 Y136.167 E2.90869
G1 X108.208 Y135.863 E2.92393
G1 X108.18 Y135.547 E2.93919
G1 X108.215 Y135.232 E2.95443
G1 X108.312 Y134.93 E2.96969
G1 X108.467 Y134.653 E2.98496
G1 X108.674 Y134.413 E3.0002
G1 X108.937 Y134.212 E3.01612
G1 X109.437 Y134.01 E3.04206
G1 X109.752 Y133.974 E3.05731
G1 X110.008 Y133.996 E3.06967
G1 X110.39 Y134.113 F7800
G1 E1.06967 F2400
G92 E0
G1 X112.095 Y135.194 F7800
G1 E2 F2400
;TYPE:Perimeter
;WIDTH:0.432941
G1 F3600
G1 X112.095 Y135.939 E2.03425
;WIDTH:0.442633
G1 X112.09 Y136.01 E2.03761
G1 E.03761 F2400
G92 E0
G1 X112.09 Y136.01 F7800
G1 X75.708 Y118.068
G1 E2 F2400
;WIDTH:0.521656
G1 F900
G1 X75.529 Y118.315 E2.0174
G1 X75.016 Y119.121 E2.07189
G1 X74.618 Y119.045 E2.095
;WIDTH:0.571155
G1 X74.29 Y118.958 E2.11645
;WIDTH:0.620655
G1 X73.961 Y118.87 E2.14008
G1 X74.182 Y118.822 E2.15577
;WIDTH:0.571155
G1 X74.403 Y118.775 E2.17005
;WIDTH:0.521656
G1 X74.885 Y118.634 E2.19869
G1 X75.33 Y118.399 E2.22739
G1 X75.663 Y118.108 E2.25261
G1 E.25261 F2400
G92 E0
G1 X75.663 Y118.108 F7800
G1 X73.098 Y118.716
G1 E2 F2400
;WIDTH:0.600421
G1 F900
G1 X72.991 Y118.719 E2.00716
;WIDTH:0.553889
G1 X72.884 Y118.722 E2.0137
;WIDTH:0.507358
G1 X72.622 Y118.694 E2.02826
;WIDTH:0.465183
G1 X72.361 Y118.666 E2.04138
;WIDTH:0.423008
G1 X72.071 Y118.329 E2.06127
;WIDTH:0.376747
G1 X71.72 Y117.892 E2.08311
;WIDTH:0.397455
G1 X71.337 Y117.362 E2.11027
G1 X71.365 Y117.182 E2.11784
;WIDTH:0.405044
G1 X71.48 Y116.52 E2.14639
G1 X71.497 Y116.69 E2.15365
G1 X71.633 Y117.163 E2.17456
;WIDTH:0.397455
G1 X71.867 Y117.593 E2.1949
;WIDTH:0.369348
G1 X72.248 Y118.069 E2.21809
;WIDTH:0.396178
G1 X72.462 Y118.246 E2.22958
;WIDTH:0.423008
G1 X72.675 Y118.422 E2.24194
;WIDTH:0.467361
G1 X72.781 Y118.496 E2.24844
;WIDTH:0.511714
G1 X72.887 Y118.569 E2.25562
;WIDTH:0.556067
G1 X72.992 Y118.642 E2.26346
;WIDTH:0.600421
G1 X73.049 Y118.682 E2.26812
G1 E.26812 F2400
G92 E0
G1 X73.049 Y118.682 F7800
G1 X72.692 Y114.177
G1 E2 F2400
;WIDTH:0.389289
G1 F900
G1 X72.579 Y114.242 E2.00528
G1 X72.2 Y114.552 E2.02512
G1 X71.889 Y114.931 E2.04499
G1 X71.629 Y115.5 E2.07034
G1 X71.791 Y114.477 E2.11231
G1 X72.635 Y114.196 E2.14836
G1 E.14836 F2400
G92 E0
G1 X72.635 Y114.196 F7800
G1 X75.996 Y115.873
G1 E2 F2400
;WIDTH:0.45
G1 F900
G1 X76.012 Y115.932 E2.00294
G1 X76.037 Y116.392 E2.0251
G1 X75.944 Y116.916 E2.0507
G1 X75.704 Y117.439 E2.07838
G1 X75.442 Y117.766 E2.09853
G1 X75.12 Y118.035 E2.11871
G1 X74.7 Y118.251 E2.14143
G1 X74.35 Y118.357 E2.15902
G1 X73.933 Y118.397 E2.17917
G1 X73.516 Y118.355 E2.19933
G1 X73.116 Y118.23 E2.21949
G1 X72.748 Y118.029 E2.23966
G1 X72.428 Y117.759 E2.2598
G1 X72.167 Y117.43 E2.28
G1 X71.977 Y117.057 E2.30013
;WIDTH:0.490312
G1 X71.909 Y116.823 E2.31308
;WIDTH:0.530625
G1 X71.841 Y116.589 E2.32725
;WIDTH:0.570938
G1 X71.774 Y116.356 E2.34257
;WIDTH:0.584498
G1 X71.802 Y115.888 E2.37298
;WIDTH:0.595165
G1 X71.834 Y115.752 E2.38223
G1 X71.921 Y115.596 E2.39406
;WIDTH:0.546776
G1 X72.008 Y115.44 E2.40481
;WIDTH:0.498388
G1 X72.095 Y115.284 E2.41448
;WIDTH:0.45
G1 X72.435 Y114.819 E2.44219
;WIDTH:0.493764
G1 X72.619 Y114.66 E2.45521
;WIDTH:0.537528
G1 X72.803 Y114.5 E2.4696
;WIDTH:0.581291
G1 X72.987 Y114.341 E2.48528
;WIDTH:0.585168
G1 X73.394 Y114.189 E2.5135
;WIDTH:0.594025
G1 X73.517 Y114.156 E2.52191
G1 X73.76 Y114.174 E2.53801
;WIDTH:0.546016
G1 X74.004 Y114.192 E2.55271
;WIDTH:0.498008
G1 X74.247 Y114.21 E2.56589
;WIDTH:0.45
G1 X74.761 Y114.355 E2.59158
G1 X75.128 Y114.556 E2.61171
G1 X75.449 Y114.826 E2.63188
G1 X75.709 Y115.154 E2.65201
G1 X75.9 Y115.528 E2.67221
G1 X75.98 Y115.815 E2.68654
G1 X75.98 Y115.815 F7800
G1 X75.628 Y115.97
;TYPE:External perimeter
G1 F900
G1 X75.657 Y116.325 E2.70367
G1 X75.565 Y116.849 E2.72926
G1 X75.351 Y117.266 E2.7518
G1 X75.186 Y117.477 E2.76468
G1 X74.927 Y117.701 E2.78115
G1 X74.577 Y117.886 E2.80019
G1 X74.302 Y117.974 E2.81408
G1 X73.962 Y118.013 E2.83054
G1 X73.62 Y117.983 E2.84705
G1 X73.292 Y117.887 E2.86349
G1 X72.988 Y117.727 E2.88001
G1 X72.723 Y117.511 E2.89645
G1 X72.506 Y117.246 E2.91292
G1 X72.345 Y116.943 E2.92942
G1 X72.248 Y116.614 E2.94592
G1 X72.218 Y116.273 E2.96238
G1 X72.26 Y115.919 E2.97953
G1 X72.454 Y115.425 E3.00506
G1 X72.69 Y115.108 E3.02407
G1 X72.949 Y114.884 E3.04054
G1 X73.248 Y114.716 E3.05704
G1 X73.537 Y114.619 E3.0717
G1 X73.914 Y114.572 E3.08997
G1 X74.256 Y114.601 E3.10648
G1 X74.585 Y114.698 E3.12298
G1 X74.888 Y114.857 E3.13944
G1 X75.153 Y115.074 E3.15591
G1 X75.371 Y115.339 E3.17241
G1 X75.531 Y115.642 E3.18889
G1 X75.611 Y115.913 E3.20248
G1 X75.644 Y116.311 F7800
G1 E1.20248 F2400
G92 E0
G1 X73.961 Y118.87 F7800
G1 E2 F2400
;TYPE:Perimeter
;WIDTH:0.620655
G1 F3600
G1 X73.395 Y118.786 E2.0397
;WIDTH:0.600421
G1 X73.098 Y118.716 E2.0601
G1 E.0601 F2400
G92 E0
G1 X73.098 Y118.716 F7800
G1 X88.128 Y116.505
G1 E2 F2400
;WIDTH:0.45
G1 F3600
G1 X88.042 Y116.484 E2.00426
G1 X78.85 Y116.484 E2.44636
G1 X78.559 Y116.563 E2.46086
G1 X76.43 Y117.804 E2.57938
G1 X76.234 Y117.993 E2.59248
G1 X75.218 Y119.589 E2.68348
G1 X72.152 Y119.005 E2.8336
G1 X70.957 Y117.458 E2.92762
G1 X71.058 Y116.824 E2.9585
;WIDTH:0.498031
G1 X71.118 Y116.603 E2.97089
;WIDTH:0.546062
G1 X71.177 Y116.381 E2.98469
;WIDTH:0.594094
G1 X71.237 Y116.16 E2.99982
;WIDTH:0.595165
G1 X71.325 Y115.613 E3.0365
G1 X71.328 Y115.434 E3.04835
;WIDTH:0.546776
G1 X71.332 Y115.256 E3.05906
;WIDTH:0.498388
G1 X71.336 Y115.077 E3.06875
;WIDTH:0.45
G1 X71.474 Y114.209 E3.11102
G1 X72.456 Y113.881 E3.16082
;WIDTH:0.493764
G1 X72.559 Y113.87 E3.16637
;WIDTH:0.537528
G1 X72.662 Y113.859 E3.17248
;WIDTH:0.581291
G1 X72.765 Y113.847 E3.17917
;WIDTH:0.585168
G1 X73.227 Y113.696 E3.21074
G1 X73.375 Y113.628 E3.22132
;WIDTH:0.551405
G1 X73.524 Y113.561 E3.23124
;WIDTH:0.517642
G1 X73.672 Y113.494 E3.24042
;WIDTH:0.483879
G1 X74.237 Y113.288 E3.27189
;WIDTH:0.45
G1 X83.528 Y112.117 E3.72229
G1 X83.761 Y112.034 E3.73419
G1 X86.279 Y110.466 E3.87686
G1 X86.372 Y110.394 E3.88252
G1 X86.503 Y110.209 E3.89342
G1 X86.552 Y109.975 E3.90492
G1 X86.552 Y87.483 E4.98671
G1 X88.418 Y85.727 E5.10995
G1 X139.845 Y85.727 E7.58341
G1 X140.085 Y85.675 E7.59522
G1 X140.291 Y85.517 E7.60771
G1 X142.771 Y82.515 E7.79499
G1 X144.111 Y81.286 E7.88244
G1 X147.05 Y81.625 E8.02473
G1 X148.96 Y83.43 E8.15113
G1 X148.74 Y83.954 E8.17846
G1 X147.485 Y86.949 E8.33464
G1 X140.827 Y91.532 E8.7234
G1 X140.713 Y91.703 E8.73328
G1 X140.665 Y91.934 E8.74463
G1 X140.665 Y126.469 E10.40564
G1 X114.357 Y126.469 E11.67096
G1 X114.115 Y126.522 E11.68288
G1 X113.893 Y126.701 E11.6966
G1 X112.548 Y128.511 E11.80506
G1 X112.472 Y128.796 E11.81925
G1 X112.472 Y137.119 E12.21956
G1 X111.362 Y138.742 E12.31413
G1 X108.847 Y138.742 E12.43509
G1 X107.452 Y137.085 E12.53927
G1 X107.451 Y136.074 E12.5879
;WIDTH:0.448026
G1 X107.442 Y135.491 E12.6158
;WIDTH:0.45
G1 X107.452 Y128.796 E12.93781
G1 X107.42 Y128.496 E12.95232
G1 X107.283 Y128.277 E12.96474
G1 X106.258 Y127.252 E13.03446
G1 X105.613 Y126.646 E13.07703
G1 X105.348 Y126.582 E13.09014
G1 X88.621 Y126.582 E13.89465
G1 X88.621 Y117.062 E14.35253
G1 X88.524 Y116.742 E14.36861
G1 X88.311 Y116.55 E14.3824
G1 X88.187 Y116.519 E14.38855
G1 X88.187 Y116.519 F7800
G1 X88.042 Y116.869
;TYPE:External perimeter
G1 F1800
G1 X78.85 Y116.869 E14.83065
G1 X78.753 Y116.896 E14.83549
G1 X77.054 Y117.887 E14.93009
G1 X76.559 Y118.2 E14.95826
G1 X75.403 Y120.017 E15.06184
G1 X71.937 Y119.356 E15.23155
G1 X70.55 Y117.562 E15.34062
G1 X71.13 Y113.917 E15.51814
G1 X74.152 Y112.91 E15.67134
G1 X83.479 Y111.735 E16.12348
G1 X83.557 Y111.707 E16.12747
G1 X86.106 Y110.115 E16.27201
G1 X86.166 Y109.975 E16.27934
G1 X86.166 Y87.316 E17.36916
G1 X88.265 Y85.341 E17.50778
G1 X139.845 Y85.341 E19.9886
G1 X139.993 Y85.271 E19.99647
G1 X142.49 Y82.248 E20.18505
G1 X143.98 Y80.883 E20.28224
G1 X147.221 Y81.257 E20.43916
G1 X149.419 Y83.333 E20.58458
G1 X149.096 Y84.104 E20.62479
G1 X147.797 Y87.202 E20.78636
G1 X141.104 Y91.8 E21.17691
G1 X141.05 Y91.934 E21.18386
G1 X141.05 Y126.855 E22.86344
G1 X114.342 Y126.855 E24.148
G1 X114.202 Y126.932 E24.15568
G1 X112.896 Y128.681 E24.26067
G1 X112.858 Y128.796 E24.2665
G1 X112.858 Y137.238 E24.67253
G1 X111.565 Y139.128 E24.78267
G1 X108.668 Y139.128 E24.92201
G1 X107.067 Y137.226 E25.04158
G1 X107.067 Y128.686 E25.45232
G1 X107.01 Y128.55 E25.45941
G1 X105.485 Y127.024 E25.56317
G1 X105.348 Y126.968 E25.57029
G1 X88.235 Y126.968 E26.39337
G1 X88.235 Y117.062 E26.86981
G1 X88.191 Y116.939 E26.87609
G1 X88.097 Y116.895 E26.88108
G1 X87.697 Y116.873 F7800
G1 E24.88108 F2400
G92 E0
G1 X142.691 Y83.191 F7800
G1 E2 F2400
;TYPE:Perimeter
;WIDTH:0.417899
G1 F3600
G1 X143.004 Y82.79 E2.02243
;WIDTH:0.414463
G1 X143.51 Y82.336 E2.05211
G1 E.05211 F2400
G92 E0
G1 X143.51 Y82.336 F7800
G1 X108.167 Y137.317
G1 E2 F2400
;WIDTH:0.474337
G1 F3600
G1 X107.844 Y136.942 E2.02531
G1 E.02531 F2400
G92 E0
G1 X107.844 Y136.942 F7800
G1 X76.006 Y117.668
G1 E2 F2400
;WIDTH:0.461009
G1 F3600
G1 X75.775 Y117.986 E2.01944
G1 E.01944 F2400
G92 E0
G1 X75.775 Y117.986 F7800
G1 X76.063 Y113.738
G1 E2 F2400
;TYPE:Internal infill
;WIDTH:0.45
G1 F4800
G1 X75.904 Y114.331 E2.02953
G1 X75.509 Y114.002 E2.05425
G1 X76.879 Y113.635 E2.12247
G1 X76.83 Y113.641 E2.12484
G1 X79.007 Y115.818 E2.27292
G1 X78.487 Y115.863 E2.29802
G1 X79.161 Y113.347 E2.4233
G1 X78.646 Y113.412 E2.44827
G1 X81.05 Y115.816 E2.61179
G1 E.61179 F2400
G92 E0
G1 X81.05 Y115.816 F7800
G1 X78.455 Y113.436
G1 E2 F2400
G1 F4800
G1 X77.612 Y113.543 E2.04087
G1 X76.725 Y116.851 E2.20559
G1 X76.622 Y116.911 E2.21132
G1 X76.666 Y116.686 E2.22235
G1 X77.301 Y116.516 E2.25397
G1 X77.528 Y116.384 E2.2666
G1 X76.575 Y115.431 E2.33142
G1 X76.508 Y115.231 E2.34156
G1 X139.997 Y98.22 E5.50287
G1 X139.997 Y98.62 E5.52211
G1 X132.715 Y125.794 E6.8752
G1 E4.8752 F2400
G92 E0
G1 X132.715 Y125.794 F7800
G1 X130.077 Y125.794
G1 E2 F2400
G1 F4800
G1 X131.218 Y125.794 E2.05488
G1 X139.998 Y93.028 E3.68641
G1 X139.998 Y92.962 E3.68958
G1 X133.438 Y86.402 E4.13578
G1 X133.438 Y86.402 F7800
G1 X132.791 Y86.402
G1 F4800
G1 X122.236 Y125.794 E6.09723
G1 X123.54 Y125.794 E6.15995
G1 X123.54 Y125.794 F7800
G1 X121.704 Y125.794
G1 F4800
G1 X87.227 Y91.317 E8.50504
G1 X87.227 Y91.4 E8.50903
G1 X105.882 Y86.402 E9.43792
G1 X95.232 Y125.907 E11.40581
G1 X89.293 Y119.969 E11.80974
G1 X89.293 Y120.232 E11.82239
G1 X98.358 Y86.402 E13.5069
G1 X98.672 Y86.402 E13.522
G1 X138.064 Y125.794 E16.2014
G1 X138.064 Y125.794 F7800
G1 X138.704 Y125.794
G1 F4800
G1 X139.991 Y120.99 E16.4406
G1 X139.991 Y120.677 E16.45565
G1 X120.895 Y125.794 E17.4065
G1 X120.739 Y125.794 E17.414
G1 X131.294 Y86.402 E19.37545
G1 X131.393 Y86.402 E19.38021
G1 X139.998 Y95.006 E19.96548
G1 X139.998 Y95.225 E19.97601
G1 X87.227 Y109.365 E22.60365
G1 X87.227 Y109.723 E22.62087
G1 X103.412 Y125.907 E23.72172
G1 X103.711 Y125.907 E23.7361
G1 X139.992 Y116.186 E25.54264
G1 E23.54264 F2400
G92 E0
G1 X139.992 Y116.186 F7800
G1 X139.993 Y113.6
G1 E2 F2400
G1 F4800
G1 X139.993 Y114.689 E2.05238
G1 X98.124 Y125.907 E4.13716
G1 X98.252 Y125.907 E4.14332
G1 X108.838 Y86.402 E6.11041
G1 X108.897 Y86.402 E6.11325
G1 X139.992 Y117.496 E8.22826
G1 X139.992 Y117.683 E8.23725
G1 X106.593 Y126.632 E9.90029
G1 X106.946 Y126.986 E9.92433
G1 X117.82 Y86.402 E11.94513
G1 X118.93 Y86.402 E11.99852
G1 E9.99852 F2400
G92 E0
G1 X118.93 Y86.402 F7800
G1 X116.323 Y86.402
G1 E2 F2400
G1 F4800
G1 X105.721 Y125.969 E3.97017
G1 X105.472 Y125.923 E3.98235
G1 X87.227 Y107.677 E5.22339
G1 X87.227 Y107.868 E5.23258
G1 X139.998 Y93.728 E7.86022
G1 E5.86022 F2400
G92 E0
G1 X139.998 Y93.728 F7800
G1 X140.576 Y90.872
G1 E2 F2400
G1 F4800
G1 X142.092 Y85.212 E2.28182
G1 X142.027 Y84.766 E2.3035
G1 X141.894 Y84.632 E2.31258
G1 X141.088 Y85.6 E2.37316
G1 X139.766 Y86.402 F7800
G1 F4800
G1 X140.301 Y86.312 E2.39925
G1 X129.721 Y125.794 E4.3652
G1 X129.884 Y125.794 E4.37304
G1 X90.492 Y86.402 E7.05244
G1 X90.873 Y86.402 E7.07076
G1 X87.227 Y100.008 E7.74825
G1 X87.227 Y100.383 E7.76629
G1 X139.405 Y86.402 E10.3644
G1 X139.573 Y86.402 E10.37248
G1 X142.636 Y89.464 E10.58079
G1 X142.408 Y89.619 E10.59405
G1 X143.14 Y86.89 E10.72995
G1 X87.227 Y101.88 E13.51414
G1 X87.227 Y101.542 E13.5304
G1 X112.767 Y127.082 E15.2676
G1 X112.987 Y126.786 E15.28534
G1 X123.809 Y86.402 E17.2962
G1 X123.213 Y86.402 E17.32487
G1 X139.996 Y103.185 E18.46643
G1 X139.996 Y102.711 E18.48923
G1 X89.072 Y116.356 E21.0249
G1 X88.892 Y116.142 E21.03835
G1 X96.861 Y86.402 E22.5192
G1 X96.627 Y86.402 E22.53045
G1 X136.019 Y125.794 E25.20985
G1 X135.71 Y125.794 E25.22471
G1 X139.994 Y109.805 E26.02085
G1 X139.994 Y109.318 E26.04427
G1 X117.077 Y86.402 E27.60302
G1 X87.227 Y94.394 E29.08927
G1 X89.376 Y86.402 E29.48731
G1 X88.686 Y86.402 E29.5205
G1 X88.563 Y86.517 E29.5286
G1 X127.839 Y125.794 E32.20014
G1 X128.224 Y125.794 E32.21866
G1 X138.779 Y86.402 E34.18011
G1 E32.18011 F2400
G92 E0
G1 X138.779 Y86.402 F7800
G1 X142.993 Y86.765
G1 E2 F2400
G1 F4800
G1 X142.599 Y86.345 E2.0277
G1 X142.216 Y85.648 E2.06595
G1 X140.712 Y86.051 E2.14084
G1 X140.965 Y85.748 E2.15983
G1 X143.85 Y88.634 E2.3561
G1 X142.795 Y89.355 E2.41756
G1 X142.795 Y89.355 F7800
G1 X144.241 Y88.367
G1 F4800
G1 X144.473 Y87.502 E2.46063
G1 X144.8 Y87.539 E2.47646
G1 X145.065 Y87.804 E2.49448
G1 X144.884 Y87.928 E2.50503
G1 X87.227 Y103.377 E5.37596
G1 X87.227 Y103.587 E5.38606
G1 X111.917 Y128.278 E7.06548
G1 X111.968 Y128.186 E7.07054
G1 X108.127 Y129.215 E7.26179
G1 X108.127 Y130.43 E7.32023
G1 X108.127 Y130.43 F7800
G1 X108.127 Y130.905
G1 F4800
G1 X108.127 Y132.21 E7.383
G1 X111.798 Y131.226 E7.5658
G1 X111.228 Y133.354 E7.67176
G1 X111.798 Y133.828 E7.70742
G1 X111.798 Y132.723 E7.76057
G1 X110.536 Y133.032 E7.82306
G1 X108.127 Y130.623 E7.98692
G1 X108.127 Y130.712 E7.9912
G1 X111.798 Y129.729 E8.17398
G1 X111.798 Y130.203 E8.19678
G1 X87.227 Y105.632 E9.86807
G1 X92.37 Y86.402 E10.82547
G1 X92.537 Y86.402 E10.8335
G1 X131.929 Y125.794 E13.5129
G1 X139.99 Y123.672 E13.91381
G1 X102.762 Y86.402 E16.44744
G1 X102.849 Y86.402 E16.45162
G1 X92.264 Y125.907 E18.4187
G1 X92.537 Y125.907 E18.43183
G1 X139.993 Y113.192 E20.79481
G1 X139.993 Y113.407 E20.80515
G1 X112.987 Y86.402 E22.64203
G1 X113.329 Y86.402 E22.65848
G1 X102.743 Y125.907 E24.62557
G1 X101.559 Y125.907 E24.68252
G1 E22.68252 F2400
G92 E0
G1 X101.559 Y125.907 F7800
G1 X104.241 Y125.907
G1 E2 F2400
G1 F4800
G1 X114.826 Y86.402 E3.96708
G1 X115.032 Y86.402 E3.97699
G1 X139.993 Y111.363 E5.67481
G1 X139.993 Y111.694 E5.69073
G1 X89.295 Y125.279 E8.21515
G1 X89.295 Y125.279 F7800
G1 X90.574 Y125.907
G1 F4800
G1 X89.295 Y125.907 E8.27667
G1 X89.295 Y125.811 E8.28129
G1 X99.855 Y86.402 E10.2436
G1 E8.2436 F2400
G92 E0
G1 X99.855 Y86.402 F7800
G1 X104.807 Y86.402
G1 E2 F2400
G1 F4800
G1 X139.991 Y121.585 E4.39314
G1 X139.991 Y121.585 F7800
G1 X139.991 Y122.175
G1 F4800
G1 X126.482 Y125.794 E5.06579
G1 X126.727 Y125.794 E5.07757
G1 X137.282 Y86.402 E7.03902
G1 X137.528 Y86.402 E7.05085
G1 X141.421 Y90.294 E7.31561
G1 X141.28 Y90.39 E7.32381
G1 X87.227 Y104.874 E10.01529
G1 E8.01529 F2400
G92 E0
G1 X87.227 Y107.485 F7800
G1 E2 F2400
G1 F4800
G1 X87.227 Y106.371 E2.05358
G1 X139.998 Y92.231 E4.68122
G1 X139.998 Y91.78 E4.70291
G1 X140.092 Y91.436 E4.72006
G1 X140.254 Y91.172 E4.73496
G1 X135.483 Y86.402 E5.05944
G1 X135.785 Y86.402 E5.07397
G1 X125.23 Y125.794 E7.03542
G1 X125.794 Y125.794 E7.06255
G1 X87.509 Y87.509 E9.66665
G1 X87.606 Y87.417 E9.67308
G1 X87.227 Y88.834 E9.74363
G1 X87.227 Y89.272 E9.7647
G1 X123.749 Y125.794 E12.24888
G1 X134.288 Y86.402 E14.21014
G1 X133.818 Y86.402 E14.23275
G1 X87.227 Y98.886 E16.55267
G1 X87.227 Y98.886 F7800
G1 X87.227 Y99.497
G1 F4800
G1 X113.709 Y125.979 E18.35394
G1 X114.066 Y125.828 E18.37258
G1 X114.75 Y125.794 E18.40552
G1 X125.306 Y86.402 E20.36699
G1 X125.258 Y86.402 E20.3693
G1 X139.996 Y101.14 E21.37176
G1 X139.996 Y101.214 E21.37532
G1 X85.518 Y115.811 E24.08795
G1 X85.136 Y115.812 E24.10632
G1 X82.26 Y112.957 E24.30123
G1 X81.494 Y115.815 E24.44354
G1 X82.799 Y115.814 E24.50631
G1 X83.286 Y115.814 F7800
G1 F4800
G1 X84.489 Y115.812 E24.56417
G1 X85.594 Y111.688 E24.76952
G1 X85.291 Y111.877 E24.7867
G1 X99.322 Y125.907 E25.74104
G1 X99.749 Y125.907 E25.76158
G1 X110.335 Y86.402 E27.72867
G1 X110.335 Y86.402 F7800
G1 X110.942 Y86.402
G1 F4800
G1 X139.992 Y115.452 E29.70462
G1 X139.992 Y115.398 E29.70722
G1 X137.207 Y125.794 E30.22486
G1 X137.657 Y125.794 E30.2465
G1 X139.99 Y125.169 E30.36267
G1 X139.99 Y125.674 E30.38696
G1 X100.717 Y86.402 E33.05823
G1 X100.295 Y86.402 E33.07853
G1 X87.227 Y89.903 E33.72922
G1 X87.227 Y91.124 E33.78795
G1 X87.227 Y91.124 F7800
G1 X87.227 Y91.593
G1 F4800
G1 X87.227 Y92.897 E33.85067
G1 X111.469 Y86.402 E35.05775
G1 X111.832 Y86.402 E35.07521
G1 X101.246 Y125.907 E37.0423
G1 X101.367 Y125.907 E37.04812
G1 X86.551 Y111.092 E38.05585
G1 X86.676 Y111.01 E38.06304
G1 X139.997 Y96.722 E40.71807
G1 X139.997 Y97.051 E40.73389
G1 X129.348 Y86.402 E41.45822
G1 X129.797 Y86.402 E41.47982
G1 X119.242 Y125.794 E43.44127
G1 X119.659 Y125.794 E43.46133
G1 X87.227 Y93.362 E45.66732
G1 E43.66732 F2400
G92 E0
G1 X87.227 Y88.406 F7800
G1 E2 F2400
G1 F4800
G1 X94.707 Y86.402 E2.37245
G1 X94.582 Y86.402 E2.37846
G1 X133.974 Y125.794 E5.05786
G1 X134.213 Y125.794 E5.06936
G1 X139.995 Y104.208 E6.14417
G1 X89.292 Y117.794 E8.66884
G1 X89.292 Y117.923 E8.67504
G1 X97.277 Y125.907 E9.21814
G1 X96.755 Y125.907 E9.24325
G1 X107.341 Y86.402 E11.21034
G1 X106.852 Y86.402 E11.23386
G1 X139.991 Y119.541 E13.48794
G1 X139.991 Y119.18 E13.5053
G1 X115.308 Y125.794 E14.73435
G1 X115.569 Y125.794 E14.7469
G1 X87.227 Y97.452 E16.67469
G1 X87.227 Y97.388 E16.67777
G1 X128.3 Y86.402 E18.72269
G1 X117.745 Y125.794 E20.68414
G1 X117.614 Y125.794 E20.69044
G1 X87.227 Y95.407 E22.75733
G1 X87.227 Y95.891 E22.78061
G1 X122.643 Y86.402 E24.54408
G1 X122.312 Y86.402 E24.56
G1 X109.848 Y132.918 E26.87618
G1 X109.298 Y132.958 E26.9027
G1 X108.822 Y133.11 E26.92673
G1 X108.822 Y133.11 F7800
G1 X108.127 Y132.668
G1 F4800
G1 X108.644 Y133.185 E26.9619
G1 X108.215 Y133.423 E26.9855
G1 X120.814 Y86.402 E29.32683
G1 X121.168 Y86.402 E29.34386
G1 X139.995 Y105.229 E30.62445
G1 E28.62445 F2400
G92 E0
G1 X139.994 Y110.197 F7800
G1 E2 F2400
G1 F4800
G1 X89.295 Y123.782 E4.52447
G1 X89.295 Y124.061 E4.53789
G1 X91.141 Y125.907 E4.66345
G1 X90.767 Y125.907 E4.68144
G1 X101.352 Y86.402 E6.64852
G1 X102.569 Y86.402 E6.70705
G1 X102.569 Y86.402 F7800
G1 X103.042 Y86.402
G1 F4800
G1 X104.347 Y86.402 E6.76982
G1 X93.761 Y125.907 E8.73691
G1 X95.039 Y125.907 E8.79838
G1 X95.039 Y125.907 F7800
G1 X93.186 Y125.907
G1 F4800
G1 X89.294 Y122.015 E9.06311
G1 X89.294 Y122.285 E9.0761
G1 X139.994 Y108.7 E11.60062
G1 X139.994 Y107.466 E11.65997
G1 X139.994 Y107.466 F7800
G1 X139.995 Y107.01
G1 F4800
G1 X139.995 Y105.706 E11.72269
G1 X89.293 Y119.291 E14.2473
G1 E12.2473 F2400
G92 E0
G1 X89.293 Y119.291 F7800
G1 X89.294 Y121.822
G1 E2 F2400
G1 F4800
G1 X89.294 Y120.788 E2.04973
G1 X139.995 Y107.203 E4.57429
G1 X139.994 Y107.274 E4.57771
G1 X119.122 Y86.402 E5.9974
G1 X119.317 Y86.402 E6.00678
G1 X108.077 Y128.35 E8.09551
G1 X108.117 Y128.568 E8.10617
G1 X111.798 Y132.248 E8.35651
G1 E6.35651 F2400
G92 E0
G1 X111.798 Y132.248 F7800
G1 X107.082 Y127.122
G1 E2 F2400
G1 F4800
G1 X107.772 Y127.813 E2.04697
G1 X113.333 Y126.323 E2.32387
G1 E.32387 F2400
G92 E0
G1 X113.333 Y126.323 F7800
G1 X116.248 Y125.794
G1 E2 F2400
G1 F4800
G1 X126.803 Y86.402 E3.96145
G1 X125.498 Y86.402 E4.02422
G1 X125.498 Y86.402 F7800
G1 X127.303 Y86.402
G1 F4800
G1 X139.997 Y99.095 E4.88762
G1 X139.997 Y99.095 F7800
G1 X139.996 Y99.717
G1 F4800
G1 X79.91 Y115.817 E7.8795
G1 X79.997 Y115.817 E7.88368
G1 X80.711 Y113.152 E8.01638
G1 X80.463 Y113.184 E8.02841
G1 X83.093 Y115.814 E8.2073
G1 X82.992 Y115.814 E8.21216
G1 X83.816 Y112.739 E8.36527
G1 X84.023 Y112.654 E8.37603
G1 X87.179 Y115.81 E8.5907
G1 X87.484 Y115.81 E8.60537
G1 X95.364 Y86.402 E10.06969
G1 X96.434 Y86.402 E10.12115
G1 E8.12115 F2400
G92 E0
G1 X96.434 Y86.402 F7800
G1 X93.867 Y86.402
G1 E2 F2400
G1 F4800
G1 X85.987 Y115.811 E3.46437
G1 E1.46437 F2400
G92 E0
G1 X85.987 Y115.811 F7800
G1 X147.625 Y83.174
G1 E2 F2400
;TYPE:Solid infill
;WIDTH:0.405386
G1 F1200
G1 X147.813 Y83.687 E2.02324
G1 X147.912 Y84.075 E2.04027
G1 X147.979 Y84.082 E2.04314
G1 X148.182 Y83.598 E2.06546
G1 X147.784 Y83.245 E2.08809
;LAYER_CHANGE
;Z:2.45
;HEIGHT:0.3
 ; After First Layer

G1 Z2.45 F7800
G1 E.08809 F2400
G1 Z2.45 F7800
G1 X144.893 Y81.816
G1 E2.08809 F2400
;TYPE:Perimeter
;WIDTH:0.552623
G1 F900
G1 X144.793 Y81.849 E2.0945
;WIDTH:0.511552
G1 X144.694 Y81.881 E2.1003
;WIDTH:0.470482
G1 X144.594 Y81.914 E2.10563
;WIDTH:0.429412
G1 X144.494 Y81.947 E2.11042
;WIDTH:0.388342
G1 X143.985 Y82.098 E2.13187
;WIDTH:0.414465
G1 X143.51 Y82.336 E2.15507
G1 X143.757 Y82.094 E2.17017
;WIDTH:0.391756
G1 X144.231 Y81.657 E2.19649
;WIDTH:0.388342
G1 X144.493 Y81.687 E2.20715
;WIDTH:0.429412
G1 X144.593 Y81.719 E2.21193
;WIDTH:0.470482
G1 X144.693 Y81.752 E2.21726
;WIDTH:0.511552
G1 X144.793 Y81.784 E2.22312
;WIDTH:0.552623
G1 X144.836 Y81.798 E2.22587
G1 E.22587 F2400
G92 E0
G1 X144.836 Y81.798 F7800
G1 X147.359 Y86.036
G1 E2 F2400
;WIDTH:0.617155
G1 F3600
G1 X147.339 Y86.143 E2.0075
;WIDTH:0.569886
G1 X147.32 Y86.251 E2.01441
;WIDTH:0.522618
G1 X147.3 Y86.359 E2.02069
;WIDTH:0.475349
G1 X147.281 Y86.466 E2.02626
;WIDTH:0.428081
G1 X147.203 Y86.653 E2.03545
G1 X146.842 Y86.949 E2.05663
;WIDTH:0.416725
G1 X146.371 Y87.265 E2.08156
;WIDTH:0.45
G1 X145.891 Y87.575 E2.10904
G1 X141.28 Y90.739 E2.378
G1 X140.549 Y91.265 E2.42131
G1 X140.359 Y91.549 E2.43774
G1 X140.279 Y91.934 E2.45665
G1 X140.279 Y126.083 E4.0991
G1 X114.211 Y126.094 E5.35288
G1 X113.858 Y126.223 E5.37096
G1 X113.584 Y126.471 E5.38873
G1 X112.278 Y128.219 E5.49368
G1 X112.152 Y128.447 E5.50621
G1 X112.087 Y128.796 E5.52328
G1 X112.095 Y135.194 E5.831
;WIDTH:0.441176
G1 X112.062 Y135.006 E5.83997
;WIDTH:0.45
G1 X111.909 Y134.561 E5.8626
G1 X111.667 Y134.158 E5.88521
G1 X111.351 Y133.81 E5.90782
G1 X110.972 Y133.532 E5.93043
G1 X110.545 Y133.335 E5.95305
G1 X110.087 Y133.226 E5.97569
G1 X109.533 Y133.224 E6.00234
G1 X109.023 Y133.335 E6.02744
G1 X108.694 Y133.473 E6.0446
G1 X108.262 Y133.76 E6.06955
G1 X108.056 Y133.944 E6.08283
G1 X107.838 Y134.214 E6.09952
G1 X107.838 Y128.796 E6.36011
G1 X107.823 Y128.52 E6.3734
G1 X107.729 Y128.241 E6.38756
G1 X107.556 Y128.004 E6.40167
G1 X105.97 Y126.423 E6.50938
G1 X105.705 Y126.265 E6.52422
G1 X105.348 Y126.197 E6.5417
G1 X89.006 Y126.197 E7.32769
G1 X89.003 Y116.988 E7.77061
G1 X88.899 Y116.621 E7.78896
G1 X88.691 Y116.349 E7.80543
G1 X88.375 Y116.158 E7.82319
G1 X88.042 Y116.098 E7.83946
G1 X78.73 Y116.106 E8.28734
G1 X78.364 Y116.23 E8.30593
G1 X76.236 Y117.472 E8.42444
;WIDTH:0.447283
G1 X76.006 Y117.668 E8.43887
;WIDTH:0.44338
G1 X76.108 Y117.506 E8.44792
;WIDTH:0.45
G1 X76.324 Y116.982 E8.47518
G1 X76.416 Y116.459 E8.50072
G1 X76.396 Y115.893 E8.52796
G1 X76.268 Y115.414 E8.55181
G1 X76.048 Y114.97 E8.57564
G1 X75.744 Y114.578 E8.5995
G1 X75.369 Y114.254 E8.62334
G1 X74.936 Y114.011 E8.64722
G1 X74.465 Y113.859 E8.67102
G1 X73.972 Y113.803 E8.69488
G1 X74.323 Y113.665 E8.71302
G1 X83.576 Y112.5 E9.16157
G1 X83.965 Y112.362 E9.18142
G1 X86.483 Y110.793 E9.32411
G1 X86.741 Y110.558 E9.34089
G1 X86.885 Y110.29 E9.35552
G1 X86.938 Y109.975 E9.37088
G1 X86.938 Y87.65 E10.44463
G1 X88.571 Y86.112 E10.55252
G1 X139.139 Y86.112 E12.98467
G1 X140.082 Y86.083 E13.03005
G1 X140.314 Y85.991 E13.04205
G1 X140.588 Y85.762 E13.05923
G1 X142.313 Y83.674 E13.18949
G1 X142.691 Y83.191 E13.21899
G1 X142.497 Y83.553 E13.23874
G1 X142.346 Y84.068 E13.26455
G1 X142.299 Y84.552 E13.28794
G1 X142.337 Y85.016 E13.31033
G1 X142.476 Y85.523 E13.33561
G1 X142.715 Y86.004 E13.36144
G1 X143.067 Y86.451 E13.3888
G1 X143.453 Y86.777 E13.4131
G1 X143.922 Y87.038 E13.43891
G1 X144.434 Y87.202 E13.46477
G1 X144.967 Y87.261 E13.49056
G1 X145.502 Y87.214 E13.51639
G1 X146.015 Y87.054 E13.54224
;WIDTH:0.435578
G1 X146.48 Y86.789 E13.56702
;WIDTH:0.428081
G1 X146.912 Y86.448 E13.59199
;WIDTH:0.475349
G1 X147.024 Y86.345 E13.59979
;WIDTH:0.522618
G1 X147.135 Y86.242 E13.60844
;WIDTH:0.569886
G1 X147.247 Y86.139 E13.61803
;WIDTH:0.617155
G1 X147.315 Y86.077 E13.62437
G1 E11.62437 F2400
G92 E0
G1 X147.315 Y86.077 F7800
G1 X146.923 Y82.66
G1 E2 F2400
;WIDTH:0.512262
G1 F900
G1 X146.822 Y82.553 E2.00822
;WIDTH:0.500528
G1 X146.389 Y82.226 E2.03774
;WIDTH:0.546003
G1 X146.15 Y82.09 E2.05426
;WIDTH:0.591479
G1 X145.911 Y81.953 E2.07237
G1 X146.121 Y81.953 E2.08618
;WIDTH:0.543609
G1 X146.867 Y82.018 E2.13094
;WIDTH:0.500528
G1 X147.174 Y82.299 E2.15358
;WIDTH:0.517384
G1 X147.568 Y82.691 E2.18498
G1 X147.768 Y82.857 E2.19967
;WIDTH:0.483692
G1 X147.969 Y83.024 E2.21334
;WIDTH:0.45
G1 X148.502 Y83.527 E2.24859
G1 X148.385 Y83.805 E2.2631
G1 X147.994 Y84.738 E2.31176
;WIDTH:0.493336
G1 X147.923 Y84.851 E2.3189
;WIDTH:0.536672
G1 X147.851 Y84.965 E2.32684
;WIDTH:0.580008
G1 X147.78 Y85.079 E2.33548
;WIDTH:0.623345
G1 X147.709 Y85.193 E2.34484
G1 X147.706 Y85.101 E2.35126
;WIDTH:0.583069
G1 X147.703 Y85.009 E2.35721
;WIDTH:0.542794
G1 X147.697 Y84.739 E2.37332
;WIDTH:0.496397
G1 X147.691 Y84.469 E2.38787
;WIDTH:0.45
G1 X147.619 Y83.937 E2.41369
G1 X147.442 Y83.43 E2.43952
;WIDTH:0.481131
G1 X147.317 Y83.188 E2.45368
;WIDTH:0.512262
G1 X147.193 Y82.947 E2.46882
G1 X146.964 Y82.704 E2.48747
G1 X146.964 Y82.704 F7800
G1 X146.605 Y82.911
;WIDTH:0.45
G1 F900
G1 X146.651 Y82.95 E2.49037
G1 X146.938 Y83.31 E2.51251
G1 X147.148 Y83.72 E2.53467
G1 X147.273 Y84.163 E2.55681
G1 X147.307 Y84.622 E2.57895
G1 X147.254 Y85.065 E2.60041
G1 X147.148 Y85.41 E2.61777
G1 X146.938 Y85.819 E2.63988
G1 X146.651 Y86.179 E2.66202
G1 X146.299 Y86.475 E2.68414
G1 X145.894 Y86.695 E2.70631
G1 X145.454 Y86.831 E2.72846
G1 X144.996 Y86.877 E2.7506
G1 X144.538 Y86.831 E2.77274
G1 X144.098 Y86.695 E2.79489
G1 X143.694 Y86.475 E2.81702
G1 X143.341 Y86.179 E2.83918
G1 X143.033 Y85.78 E2.86342
G1 X142.889 Y85.516 E2.87788
G1 X142.72 Y84.973 E2.90523
G1 X142.684 Y84.575 E2.92445
G1 X142.719 Y84.163 E2.94434
G1 X142.844 Y83.72 E2.96648
G1 X143.054 Y83.31 E2.98864
G1 X143.341 Y82.951 E3.01075
G1 X143.694 Y82.655 E3.03291
G1 X144.098 Y82.434 E3.05506
G1 X144.538 Y82.299 E3.0772
G1 X144.996 Y82.253 E3.09934
G1 X145.454 Y82.299 E3.12148
G1 X145.894 Y82.434 E3.14362
G1 X146.378 Y82.718 E3.17061
G1 X146.56 Y82.873 E3.18211
G1 X146.56 Y82.873 F7800
G1 X146.356 Y83.198
;TYPE:External perimeter
G1 F900
G1 X146.6 Y83.495 E3.2006
G1 X146.829 Y83.992 E3.22692
G1 X146.889 Y84.202 E3.23742
G1 X146.924 Y84.584 E3.25587
G1 X146.883 Y84.961 E3.27411
G1 X146.801 Y85.242 E3.28819
G1 X146.631 Y85.586 E3.30665
G1 X146.396 Y85.89 E3.32513
G1 X146.106 Y86.141 E3.34358
G1 X145.771 Y86.33 E3.36208
G1 X145.406 Y86.448 E3.38053
G1 X145.025 Y86.492 E3.39898
G1 X144.643 Y86.46 E3.41742
G1 X144.274 Y86.352 E3.43591
G1 X143.934 Y86.174 E3.45437
G1 X143.637 Y85.931 E3.47283
G1 X143.372 Y85.596 E3.49337
G1 X143.227 Y85.331 E3.5079
G1 X143.103 Y84.93 E3.52809
G1 X143.069 Y84.598 E3.54414
G1 X143.093 Y84.258 E3.56053
G1 X143.191 Y83.887 E3.57899
G1 X143.361 Y83.543 E3.59745
G1 X143.596 Y83.24 E3.61589
G1 X143.887 Y82.989 E3.63437
G1 X144.221 Y82.8 E3.65283
G1 X144.586 Y82.681 E3.67129
G1 X144.967 Y82.637 E3.68974
G1 X145.35 Y82.67 E3.70823
G1 X145.718 Y82.777 E3.72666
G1 X146.137 Y83.019 E3.74993
G1 X146.309 Y83.16 E3.76063
G1 X146.569 Y83.465 F7800
G1 E1.76063 F2400
G92 E0
G1 X144.893 Y81.816 F7800
G1 E2 F2400
;TYPE:Perimeter
;WIDTH:0.552623
G1 F3600
G1 X145.412 Y81.861 E2.03172
;WIDTH:0.557489
G1 X145.661 Y81.907 E2.04729
;WIDTH:0.591479
G1 X145.911 Y81.953 E2.064
G1 E.064 F2400
G92 E0
G1 X145.911 Y81.953 F7800
G1 X147.709 Y85.193
G1 E2 F2400
;WIDTH:0.623345
G1 F3600
G1 X147.415 Y85.921 E2.05474
;WIDTH:0.617155
G1 X147.359 Y86.036 E2.06356
G1 E.06356 F2400
G92 E0
G1 X147.359 Y86.036 F7800
G1 X112.09 Y136.01
G1 E2 F2400
;WIDTH:0.442635
G1 F900
G1 X112.094 Y136.41 E2.01887
;WIDTH:0.435979
G1 X112.094 Y136.945 E2.04367
G1 X112.025 Y137.104 E2.0517
;WIDTH:0.460415
G1 X111.82 Y137.38 E2.06868
;WIDTH:0.485802
G1 X111.616 Y137.656 E2.08672
;WIDTH:0.52744
G1 X111.45 Y137.862 E2.102
;WIDTH:0.569079
G1 X111.283 Y138.069 E2.11874
;WIDTH:0.610718
G1 X111.116 Y138.276 E2.13686
G1 X110.753 Y138.299 E2.16165
;WIDTH:0.56522
G1 X110.493 Y138.317 E2.17793
;WIDTH:0.528785
G1 X110.233 Y138.335 E2.19303
;WIDTH:0.492351
G1 X109.719 Y138.345 E2.22047
;WIDTH:0.511135
G1 X109.041 Y138.326 E2.25826
G1 X108.167 Y137.317 E2.33264
;WIDTH:0.502285
G1 X108.395 Y137.517 E2.3492
;WIDTH:0.511135
G1 X108.807 Y137.755 E2.37571
G1 X109.206 Y137.887 E2.39913
G1 X109.734 Y137.938 E2.42869
;WIDTH:0.49675
G1 X110.254 Y137.904 E2.45679
;WIDTH:0.534739
G1 X110.45 Y137.857 E2.46861
;WIDTH:0.572728
G1 X110.647 Y137.809 E2.48147
;WIDTH:0.610718
G1 X110.843 Y137.762 E2.4952
G1 X110.968 Y137.669 E2.50582
;WIDTH:0.574373
G1 X111.093 Y137.576 E2.51573
;WIDTH:0.538028
G1 X111.355 Y137.301 E2.53817
;WIDTH:0.490804
G1 X111.617 Y137.025 E2.55841
;WIDTH:0.443581
G1 X111.903 Y136.568 E2.58391
;WIDTH:0.442635
G1 X112.071 Y136.066 E2.60888
G1 E.60888 F2400
G92 E0
G1 X112.071 Y136.066 F7800
G1 X110.163 Y133.64
G1 E2 F2400
;WIDTH:0.45
G1 F900
G1 X110.547 Y133.748 E2.01919
G1 X110.892 Y133.938 E2.03813
G1 X111.193 Y134.192 E2.05707
G1 X111.437 Y134.501 E2.07601
G1 X111.615 Y134.852 E2.09494
G1 X111.72 Y135.231 E2.11386
G1 X111.748 Y135.624 E2.13281
G1 X111.697 Y136.014 E2.15173
G1 X111.57 Y136.387 E2.17068
G1 X111.343 Y136.758 E2.1916
G1 X110.879 Y137.204 E2.22255
G1 X110.532 Y137.391 E2.24151
G1 X110.156 Y137.505 E2.26041
G1 X109.764 Y137.543 E2.27935
G1 X109.318 Y137.487 E2.30097
G1 X108.997 Y137.384 E2.31718
G1 X108.652 Y137.195 E2.3361
G1 X108.351 Y136.94 E2.35507
G1 X108.107 Y136.632 E2.37397
G1 X107.929 Y136.281 E2.3929
;WIDTH:0.449868
G1 X107.827 Y135.901 E2.41182
;WIDTH:0.443507
G1 X107.827 Y135.231 E2.4435
;WIDTH:0.45
G1 X107.974 Y134.746 E2.46787
G1 X108.172 Y134.406 E2.48679
G1 X108.475 Y134.082 E2.50813
G1 X108.907 Y133.795 E2.53308
G1 X109.105 Y133.712 E2.54341
G1 X109.615 Y133.601 E2.56851
G1 X110.058 Y133.61 E2.58982
G1 X110.105 Y133.624 E2.59218
G1 X110.105 Y133.624 F7800
G1 X110.067 Y134.002
;TYPE:External perimeter
G1 F900
G1 X110.372 Y134.091 E2.60746
G1 X110.652 Y134.239 E2.62269
G1 X110.897 Y134.44 E2.63793
G1 X111.098 Y134.685 E2.65317
G1 X111.247 Y134.965 E2.66843
G1 X111.336 Y135.27 E2.68371
G1 X111.364 Y135.585 E2.69892
G1 X111.329 Y135.9 E2.71416
G1 X111.232 Y136.202 E2.72942
G1 X111.067 Y136.489 E2.74534
G1 X110.686 Y136.87 E2.77126
G1 X110.409 Y137.025 E2.78653
G1 X110.108 Y137.123 E2.80176
G1 X109.793 Y137.158 E2.817
G1 X109.423 Y137.116 E2.83491
G1 X109.172 Y137.041 E2.84751
G1 X108.892 Y136.893 E2.86274
G1 X108.647 Y136.693 E2.87795
G1 X108.446 Y136.447 E2.89323
G1 X108.297 Y136.167 E2.90849
G1 X108.208 Y135.863 E2.92373
G1 X108.18 Y135.547 E2.93899
G1 X108.215 Y135.232 E2.95423
G1 X108.312 Y134.93 E2.96949
G1 X108.467 Y134.653 E2.98476
G1 X108.688 Y134.403 E3.00081
G1 X109.12 Y134.116 E3.02576
G1 X109.696 Y133.978 E3.05425
G1 X110.008 Y133.998 E3.06929
G1 X110.39 Y134.113 F7800
G1 E1.06929 F2400
G92 E0
G1 X112.095 Y135.194 F7800
G1 E2 F2400
;TYPE:Perimeter
;WIDTH:0.432941
G1 F3600
G1 X112.095 Y135.939 E2.03425
;WIDTH:0.442635
G1 X112.09 Y136.01 E2.03761
G1 E.03761 F2400
G92 E0
G1 X112.09 Y136.01 F7800
G1 X75.708 Y118.068
G1 E2 F2400
;WIDTH:0.521655
G1 F900
G1 X75.529 Y118.315 E2.0174
G1 X75.016 Y119.121 E2.07189
G1 X74.618 Y119.045 E2.095
;WIDTH:0.571154
G1 X74.29 Y118.958 E2.11645
;WIDTH:0.620652
G1 X73.961 Y118.87 E2.14008
G1 X74.182 Y118.822 E2.15577
;WIDTH:0.571154
G1 X74.403 Y118.775 E2.17005
;WIDTH:0.521655
G1 X74.885 Y118.634 E2.19869
G1 X75.33 Y118.399 E2.22739
G1 X75.663 Y118.108 E2.25261
G1 E.25261 F2400
G92 E0
G1 X75.663 Y118.108 F7800
G1 X73.098 Y118.716
G1 E2 F2400
;WIDTH:0.600423
G1 F900
G1 X72.991 Y118.719 E2.00716
;WIDTH:0.553891
G1 X72.884 Y118.722 E2.0137
;WIDTH:0.507359
G1 X72.622 Y118.694 E2.02826
;WIDTH:0.465183
G1 X72.361 Y118.666 E2.04138
;WIDTH:0.423008
G1 X72.072 Y118.329 E2.06124
;WIDTH:0.376748
G1 X71.72 Y117.892 E2.0831
;WIDTH:0.397455
G1 X71.337 Y117.362 E2.11026
G1 X71.496 Y116.361 E2.15237
G1 X71.502 Y116.619 E2.16309
G1 X71.633 Y117.163 E2.18634
G1 X71.867 Y117.593 E2.20668
;WIDTH:0.369348
G1 X72.248 Y118.069 E2.22987
;WIDTH:0.396178
G1 X72.462 Y118.246 E2.24136
;WIDTH:0.423008
G1 X72.675 Y118.422 E2.25372
;WIDTH:0.467361
G1 X72.781 Y118.496 E2.26022
;WIDTH:0.511715
G1 X72.887 Y118.569 E2.2674
;WIDTH:0.556069
G1 X72.992 Y118.642 E2.27524
;WIDTH:0.600423
G1 X73.049 Y118.682 E2.2799
G1 E.2799 F2400
G92 E0
G1 X73.049 Y118.682 F7800
G1 X72.692 Y114.177
G1 E2 F2400
;WIDTH:0.38929
G1 F900
G1 X72.579 Y114.242 E2.00528
G1 X72.2 Y114.552 E2.02512
G1 X71.889 Y114.931 E2.04499
G1 X71.643 Y115.413 E2.06692
G1 X71.791 Y114.477 E2.10532
G1 X72.635 Y114.196 E2.14137
G1 E.14137 F2400
G92 E0
G1 X72.635 Y114.196 F7800
G1 X75.996 Y115.873
G1 E2 F2400
;WIDTH:0.45
G1 F900
G1 X76.012 Y115.932 E2.00294
G1 X76.037 Y116.392 E2.0251
G1 X75.944 Y116.916 E2.0507
G1 X75.704 Y117.439 E2.07838
G1 X75.442 Y117.766 E2.09853
G1 X75.12 Y118.035 E2.11871
G1 X74.7 Y118.251 E2.14143
G1 X74.35 Y118.357 E2.15902
G1 X73.933 Y118.397 E2.17917
G1 X73.516 Y118.355 E2.19933
G1 X73.116 Y118.23 E2.21949
G1 X72.748 Y118.029 E2.23966
G1 X72.428 Y117.759 E2.2598
G1 X72.167 Y117.43 E2.28
G1 X71.977 Y117.057 E2.30013
G1 X71.861 Y116.61 E2.32234
;WIDTH:0.495935
G1 X71.834 Y116.433 E2.33198
;WIDTH:0.54187
G1 X71.807 Y116.257 E2.34258
;WIDTH:0.587806
G1 X71.779 Y116.08 E2.35428
;WIDTH:0.599699
G1 X71.868 Y115.608 E2.38635
G1 X71.906 Y115.578 E2.38958
;WIDTH:0.549799
G1 X71.943 Y115.548 E2.39246
;WIDTH:0.499899
G1 X71.98 Y115.518 E2.39505
;WIDTH:0.45
G1 X72.173 Y115.146 E2.41521
G1 X72.435 Y114.819 E2.43536
;WIDTH:0.493762
G1 X72.619 Y114.66 E2.44838
;WIDTH:0.537524
G1 X72.803 Y114.5 E2.46277
;WIDTH:0.581286
G1 X72.987 Y114.341 E2.47845
;WIDTH:0.585168
G1 X73.394 Y114.189 E2.50667
;WIDTH:0.594025
G1 X73.517 Y114.156 E2.51508
G1 X73.76 Y114.174 E2.53118
;WIDTH:0.546016
G1 X74.004 Y114.192 E2.54588
;WIDTH:0.498008
G1 X74.247 Y114.21 E2.55906
;WIDTH:0.45
G1 X74.761 Y114.355 E2.58475
G1 X75.128 Y114.556 E2.60488
G1 X75.449 Y114.826 E2.62505
G1 X75.709 Y115.154 E2.64518
G1 X75.9 Y115.528 E2.66538
G1 X75.98 Y115.815 E2.67971
G1 X75.98 Y115.815 F7800
G1 X75.628 Y115.97
;TYPE:External perimeter
G1 F900
G1 X75.657 Y116.325 E2.69684
G1 X75.565 Y116.849 E2.72243
G1 X75.351 Y117.266 E2.74497
G1 X75.186 Y117.477 E2.75785
G1 X74.927 Y117.701 E2.77432
G1 X74.577 Y117.886 E2.79336
G1 X74.302 Y117.974 E2.80725
G1 X73.962 Y118.013 E2.82371
G1 X73.62 Y117.983 E2.84022
G1 X73.292 Y117.887 E2.85666
G1 X72.988 Y117.727 E2.87318
G1 X72.723 Y117.511 E2.88962
G1 X72.506 Y117.246 E2.90609
G1 X72.345 Y116.943 E2.92259
G1 X72.247 Y116.6 E2.93975
G1 X72.234 Y116.067 E2.96539
G1 X72.328 Y115.686 E2.98426
G1 X72.48 Y115.379 E3.00074
G1 X72.69 Y115.108 E3.01723
G1 X72.949 Y114.884 E3.0337
G1 X73.248 Y114.716 E3.0502
G1 X73.537 Y114.619 E3.06486
G1 X73.914 Y114.572 E3.08313
G1 X74.256 Y114.601 E3.09964
G1 X74.585 Y114.698 E3.11614
G1 X74.888 Y114.857 E3.1326
G1 X75.153 Y115.074 E3.14907
G1 X75.371 Y115.339 E3.16557
G1 X75.531 Y115.642 E3.18205
G1 X75.611 Y115.913 E3.19564
G1 X75.644 Y116.311 F7800
G1 E1.19564 F2400
G92 E0
G1 X73.961 Y118.87 F7800
G1 E2 F2400
;TYPE:Perimeter
;WIDTH:0.620652
G1 F3600
G1 X73.395 Y118.786 E2.0397
;WIDTH:0.600423
G1 X73.098 Y118.716 E2.0601
G1 E.0601 F2400
G92 E0
G1 X73.098 Y118.716 F7800
G1 X88.128 Y116.505
G1 E2 F2400
;WIDTH:0.45
G1 F3600
G1 X88.042 Y116.484 E2.00426
G1 X78.85 Y116.484 E2.44636
G1 X78.559 Y116.563 E2.46086
G1 X76.43 Y117.804 E2.57938
G1 X76.234 Y117.993 E2.59248
G1 X75.218 Y119.589 E2.68348
G1 X72.152 Y119.005 E2.8336
G1 X70.957 Y117.458 E2.92762
G1 X71.1 Y116.559 E2.9714
;WIDTH:0.496907
G1 X71.152 Y116.385 E2.9812
;WIDTH:0.543814
G1 X71.203 Y116.211 E2.99204
;WIDTH:0.590722
G1 X71.255 Y116.037 E3.00396
;WIDTH:0.599699
G1 X71.345 Y115.5 E3.04031
G1 X71.33 Y115.435 E3.04476
;WIDTH:0.549799
G1 X71.315 Y115.37 E3.0488
;WIDTH:0.499899
G1 X71.3 Y115.306 E3.05237
;WIDTH:0.45
G1 X71.474 Y114.209 E3.10579
G1 X72.456 Y113.881 E3.15559
;WIDTH:0.493762
G1 X72.559 Y113.87 E3.16114
;WIDTH:0.537524
G1 X72.662 Y113.859 E3.16725
;WIDTH:0.581286
G1 X72.765 Y113.847 E3.17394
;WIDTH:0.585169
G1 X73.227 Y113.696 E3.20551
G1 X73.375 Y113.628 E3.21609
;WIDTH:0.551405
G1 X73.524 Y113.561 E3.22601
;WIDTH:0.517642
G1 X73.672 Y113.494 E3.23519
;WIDTH:0.483879
G1 X74.237 Y113.288 E3.26666
;WIDTH:0.45
G1 X83.528 Y112.117 E3.71706
G1 X83.761 Y112.034 E3.72896
G1 X86.279 Y110.466 E3.87163
G1 X86.372 Y110.394 E3.87729
G1 X86.503 Y110.209 E3.88819
G1 X86.552 Y109.975 E3.89969
G1 X86.552 Y87.483 E4.98148
G1 X88.418 Y85.727 E5.10472
G1 X139.845 Y85.727 E7.57818
G1 X140.085 Y85.675 E7.58999
G1 X140.291 Y85.517 E7.60248
G1 X142.771 Y82.515 E7.78976
G1 X144.111 Y81.286 E7.87721
G1 X147.05 Y81.625 E8.0195
G1 X148.96 Y83.43 E8.1459
G1 X148.74 Y83.954 E8.17323
G1 X147.485 Y86.949 E8.32941
G1 X140.827 Y91.532 E8.71817
G1 X140.713 Y91.703 E8.72805
G1 X140.665 Y91.934 E8.7394
G1 X140.665 Y126.469 E10.40041
G1 X114.357 Y126.469 E11.66573
G1 X114.115 Y126.522 E11.67765
G1 X113.893 Y126.701 E11.69137
G1 X112.548 Y128.511 E11.79983
G1 X112.472 Y128.796 E11.81402
G1 X112.472 Y137.119 E12.21433
G1 X111.362 Y138.742 E12.3089
G1 X108.847 Y138.742 E12.42986
G1 X107.452 Y137.085 E12.53404
G1 X107.451 Y136.074 E12.58267
;WIDTH:0.448026
G1 X107.442 Y135.491 E12.61057
;WIDTH:0.45
G1 X107.452 Y128.796 E12.93258
G1 X107.42 Y128.496 E12.94709
G1 X107.283 Y128.277 E12.95951
G1 X106.258 Y127.252 E13.02923
G1 X105.613 Y126.646 E13.0718
G1 X105.348 Y126.582 E13.08491
G1 X88.621 Y126.582 E13.88942
G1 X88.621 Y117.062 E14.3473
G1 X88.524 Y116.742 E14.36338
G1 X88.311 Y116.55 E14.37717
G1 X88.187 Y116.519 E14.38332
G1 X88.187 Y116.519 F7800
G1 X88.042 Y116.869
;TYPE:External perimeter
G1 F1800
G1 X78.85 Y116.869 E14.82542
G1 X78.753 Y116.896 E14.83026
G1 X77.054 Y117.887 E14.92486
G1 X76.559 Y118.2 E14.95303
G1 X75.403 Y120.017 E15.05661
G1 X71.937 Y119.356 E15.22632
G1 X70.55 Y117.562 E15.33539
G1 X71.13 Y113.917 E15.51291
G1 X74.152 Y112.91 E15.66611
G1 X83.479 Y111.735 E16.11825
G1 X83.557 Y111.707 E16.12224
G1 X86.106 Y110.115 E16.26678
G1 X86.166 Y109.975 E16.27411
G1 X86.166 Y87.316 E17.36393
G1 X88.265 Y85.341 E17.50255
G1 X139.845 Y85.341 E19.98337
G1 X139.993 Y85.271 E19.99124
G1 X142.49 Y82.248 E20.17982
G1 X143.98 Y80.883 E20.27701
G1 X147.221 Y81.257 E20.43393
G1 X149.419 Y83.333 E20.57935
G1 X149.096 Y84.104 E20.61956
G1 X147.797 Y87.202 E20.78113
G1 X141.104 Y91.8 E21.17168
G1 X141.05 Y91.934 E21.17863
G1 X141.05 Y126.855 E22.85821
G1 X114.342 Y126.855 E24.14277
G1 X114.202 Y126.932 E24.15045
G1 X112.896 Y128.681 E24.25544
G1 X112.858 Y128.796 E24.26127
G1 X112.858 Y137.238 E24.6673
G1 X111.565 Y139.128 E24.77744
G1 X108.668 Y139.128 E24.91678
G1 X107.067 Y137.226 E25.03635
G1 X107.067 Y128.686 E25.44709
G1 X107.01 Y128.55 E25.45418
G1 X105.485 Y127.024 E25.55794
G1 X105.348 Y126.968 E25.56506
G1 X88.235 Y126.968 E26.38814
G1 X88.235 Y117.062 E26.86458
G1 X88.191 Y116.939 E26.87086
G1 X88.097 Y116.895 E26.87585
G1 X87.697 Y116.873 F7800
G1 E24.87585 F2400
G92 E0
G1 X142.691 Y83.191 F7800
G1 E2 F2400
;TYPE:Perimeter
;WIDTH:0.417901
G1 F3600
G1 X143.004 Y82.79 E2.02243
;WIDTH:0.414465
G1 X143.51 Y82.336 E2.05211
G1 E.05211 F2400
G92 E0
G1 X143.51 Y82.336 F7800
G1 X108.167 Y137.317
G1 E2 F2400
;WIDTH:0.474337
G1 F3600
G1 X107.844 Y136.942 E2.02531
G1 E.02531 F2400
G92 E0
G1 X107.844 Y136.942 F7800
G1 X76.006 Y117.668
G1 E2 F2400
;WIDTH:0.461003
G1 F3600
G1 X75.775 Y117.986 E2.01944
G1 E.01944 F2400
G92 E0
G1 X75.775 Y117.986 F7800
G1 X76.063 Y113.738
G1 E2 F2400
;TYPE:Internal infill
;WIDTH:0.45
G1 F4800
G1 X75.904 Y114.331 E2.02953
G1 X75.509 Y114.002 E2.05425
G1 X76.879 Y113.635 E2.12247
G1 X76.83 Y113.641 E2.12484
G1 X79.007 Y115.818 E2.27292
G1 X78.487 Y115.863 E2.29802
G1 X79.161 Y113.347 E2.4233
G1 X78.646 Y113.412 E2.44827
G1 X81.05 Y115.816 E2.61179
G1 E.61179 F2400
G92 E0
G1 X81.05 Y115.816 F7800
G1 X78.455 Y113.436
G1 E2 F2400
G1 F4800
G1 X77.612 Y113.543 E2.04087
G1 X76.725 Y116.851 E2.20559
G1 X76.622 Y116.911 E2.21132
G1 X76.666 Y116.686 E2.22235
G1 X77.301 Y116.516 E2.25397
G1 X77.528 Y116.384 E2.2666
G1 X76.575 Y115.431 E2.33142
G1 X76.508 Y115.231 E2.34156
G1 X139.997 Y98.22 E5.50287
G1 X139.997 Y98.62 E5.52211
G1 X132.715 Y125.794 E6.8752
G1 E4.8752 F2400
G92 E0
G1 X132.715 Y125.794 F7800
G1 X130.077 Y125.794
G1 E2 F2400
G1 F4800
G1 X131.218 Y125.794 E2.05488
G1 X139.998 Y93.028 E3.68641
G1 X139.998 Y92.962 E3.68958
G1 X133.438 Y86.402 E4.13578
G1 X133.438 Y86.402 F7800
G1 X132.791 Y86.402
G1 F4800
G1 X122.236 Y125.794 E6.09723
G1 X123.54 Y125.794 E6.15995
G1 X123.54 Y125.794 F7800
G1 X121.704 Y125.794
G1 F4800
G1 X87.227 Y91.317 E8.50504
G1 X87.227 Y91.4 E8.50903
G1 X105.882 Y86.402 E9.43792
G1 X95.232 Y125.907 E11.40581
G1 X89.293 Y119.969 E11.80974
G1 X89.293 Y120.232 E11.82239
G1 X98.358 Y86.402 E13.5069
G1 X98.672 Y86.402 E13.522
G1 X138.064 Y125.794 E16.2014
G1 X138.064 Y125.794 F7800
G1 X138.704 Y125.794
G1 F4800
G1 X139.991 Y120.99 E16.4406
G1 X139.991 Y120.677 E16.45565
G1 X120.895 Y125.794 E17.4065
G1 X120.739 Y125.794 E17.414
G1 X131.294 Y86.402 E19.37545
G1 X131.393 Y86.402 E19.38021
G1 X139.998 Y95.006 E19.96548
G1 X139.998 Y95.225 E19.97601
G1 X87.227 Y109.365 E22.60365
G1 X87.227 Y109.723 E22.62087
G1 X103.412 Y125.907 E23.72172
G1 X103.711 Y125.907 E23.7361
G1 X139.992 Y116.186 E25.54264
G1 E23.54264 F2400
G92 E0
G1 X139.992 Y116.186 F7800
G1 X139.993 Y113.6
G1 E2 F2400
G1 F4800
G1 X139.993 Y114.689 E2.05238
G1 X98.124 Y125.907 E4.13716
G1 X98.252 Y125.907 E4.14332
G1 X108.838 Y86.402 E6.11041
G1 X108.897 Y86.402 E6.11325
G1 X139.992 Y117.496 E8.22826
G1 X139.992 Y117.683 E8.23725
G1 X106.593 Y126.632 E9.90029
G1 X106.946 Y126.986 E9.92433
G1 X117.82 Y86.402 E11.94513
G1 X118.93 Y86.402 E11.99852
G1 E9.99852 F2400
G92 E0
G1 X118.93 Y86.402 F7800
G1 X116.323 Y86.402
G1 E2 F2400
G1 F4800
G1 X105.721 Y125.969 E3.97017
G1 X105.472 Y125.923 E3.98235
G1 X87.227 Y107.677 E5.22339
G1 X87.227 Y107.868 E5.23258
G1 X139.998 Y93.728 E7.86022
G1 E5.86022 F2400
G92 E0
G1 X139.998 Y93.728 F7800
G1 X140.576 Y90.872
G1 E2 F2400
G1 F4800
G1 X142.087 Y85.231 E2.28088
G1 X142.216 Y85.648 E2.30187
G1 X140.712 Y86.051 E2.37676
G1 X140.965 Y85.748 E2.39575
G1 X143.85 Y88.634 E2.59202
G1 X142.795 Y89.355 E2.65348
G1 X142.795 Y89.355 F7800
G1 X144.241 Y88.367
G1 F4800
G1 X144.473 Y87.502 E2.69655
G1 X144.8 Y87.539 E2.71238
G1 X145.065 Y87.804 E2.7304
G1 X144.884 Y87.928 E2.74095
G1 X87.227 Y103.377 E5.61188
G1 X87.227 Y103.587 E5.62198
G1 X111.917 Y128.278 E7.3014
G1 X111.968 Y128.186 E7.30646
G1 X108.127 Y129.215 E7.49771
G1 X108.127 Y130.43 E7.55615
G1 X108.127 Y130.43 F7800
G1 X108.127 Y130.905
G1 F4800
G1 X108.127 Y132.21 E7.61892
G1 X111.798 Y131.226 E7.80172
G1 X111.228 Y133.354 E7.90768
G1 X111.798 Y133.828 E7.94334
G1 X111.798 Y132.723 E7.99649
G1 X110.536 Y133.032 E8.05898
G1 X108.127 Y130.623 E8.22284
G1 X108.127 Y130.712 E8.22712
G1 X111.798 Y129.729 E8.4099
G1 X111.798 Y130.203 E8.4327
G1 X87.227 Y105.632 E10.10399
G1 X92.37 Y86.402 E11.06139
G1 X92.537 Y86.402 E11.06942
G1 X131.929 Y125.794 E13.74882
G1 X139.99 Y123.672 E14.14973
G1 X102.762 Y86.402 E16.68336
G1 X102.849 Y86.402 E16.68754
G1 X92.264 Y125.907 E18.65462
G1 X92.537 Y125.907 E18.66775
G1 X139.993 Y113.192 E21.03073
G1 X139.993 Y113.407 E21.04107
G1 X112.987 Y86.402 E22.87795
G1 X113.329 Y86.402 E22.8944
G1 X102.743 Y125.907 E24.86149
G1 X101.559 Y125.907 E24.91844
G1 E22.91844 F2400
G92 E0
G1 X101.559 Y125.907 F7800
G1 X104.241 Y125.907
G1 E2 F2400
G1 F4800
G1 X114.826 Y86.402 E3.96708
G1 X115.032 Y86.402 E3.97699
G1 X139.993 Y111.363 E5.67481
G1 X139.993 Y111.694 E5.69073
G1 X89.295 Y125.279 E8.21515
G1 X89.295 Y125.279 F7800
G1 X90.574 Y125.907
G1 F4800
G1 X89.295 Y125.907 E8.27667
G1 X89.295 Y125.811 E8.28129
G1 X99.855 Y86.402 E10.2436
G1 E8.2436 F2400
G92 E0
G1 X99.855 Y86.402 F7800
G1 X104.807 Y86.402
G1 E2 F2400
G1 F4800
G1 X139.991 Y121.585 E4.39314
G1 X139.991 Y121.585 F7800
G1 X139.991 Y122.175
G1 F4800
G1 X126.482 Y125.794 E5.06579
G1 X126.727 Y125.794 E5.07757
G1 X137.282 Y86.402 E7.03902
G1 X137.528 Y86.402 E7.05085
G1 X141.421 Y90.294 E7.31561
G1 X141.28 Y90.39 E7.32381
G1 X87.227 Y104.874 E10.01529
G1 E8.01529 F2400
G92 E0
G1 X87.227 Y107.485 F7800
G1 E2 F2400
G1 F4800
G1 X87.227 Y106.371 E2.05358
G1 X139.998 Y92.231 E4.68122
G1 X139.998 Y91.78 E4.70291
G1 X140.092 Y91.436 E4.72006
G1 X140.254 Y91.172 E4.73496
G1 X135.483 Y86.402 E5.05944
G1 X135.785 Y86.402 E5.07397
G1 X125.23 Y125.794 E7.03542
G1 X125.794 Y125.794 E7.06255
G1 X87.509 Y87.509 E9.66665
G1 X87.606 Y87.417 E9.67308
G1 X87.227 Y88.834 E9.74363
G1 X87.227 Y89.272 E9.7647
G1 X123.749 Y125.794 E12.24888
G1 X134.288 Y86.402 E14.21014
G1 X133.818 Y86.402 E14.23275
G1 X87.227 Y98.886 E16.55267
G1 X87.227 Y98.886 F7800
G1 X87.227 Y99.497
G1 F4800
G1 X113.709 Y125.979 E18.35394
G1 X114.066 Y125.828 E18.37258
G1 X114.75 Y125.794 E18.40552
G1 X125.306 Y86.402 E20.36699
G1 X125.258 Y86.402 E20.3693
G1 X139.996 Y101.14 E21.37176
G1 X139.996 Y101.214 E21.37532
G1 X85.518 Y115.811 E24.08795
G1 X85.136 Y115.812 E24.10632
G1 X82.26 Y112.957 E24.30123
G1 X81.494 Y115.815 E24.44354
G1 X82.799 Y115.814 E24.50631
G1 X83.286 Y115.814 F7800
G1 F4800
G1 X84.489 Y115.812 E24.56417
G1 X85.594 Y111.688 E24.76952
G1 X85.291 Y111.877 E24.7867
G1 X99.322 Y125.907 E25.74104
G1 X99.749 Y125.907 E25.76158
G1 X110.335 Y86.402 E27.72867
G1 X110.335 Y86.402 F7800
G1 X110.942 Y86.402
G1 F4800
G1 X139.992 Y115.452 E29.70462
G1 X139.992 Y115.398 E29.70722
G1 X137.207 Y125.794 E30.22486
G1 X137.657 Y125.794 E30.2465
G1 X139.99 Y125.169 E30.36267
G1 X139.99 Y125.674 E30.38696
G1 X100.717 Y86.402 E33.05823
G1 X100.295 Y86.402 E33.07853
G1 X87.227 Y89.903 E33.72922
G1 X87.227 Y91.124 E33.78795
G1 X87.227 Y91.124 F7800
G1 X87.227 Y91.593
G1 F4800
G1 X87.227 Y92.897 E33.85067
G1 X111.469 Y86.402 E35.05775
G1 X111.832 Y86.402 E35.07521
G1 X101.246 Y125.907 E37.0423
G1 X101.367 Y125.907 E37.04812
G1 X86.551 Y111.092 E38.05585
G1 X86.676 Y111.01 E38.06304
G1 X139.997 Y96.722 E40.71807
G1 X139.997 Y97.051 E40.73389
G1 X129.348 Y86.402 E41.45822
G1 X129.797 Y86.402 E41.47982
G1 X119.242 Y125.794 E43.44127
G1 X119.659 Y125.794 E43.46133
G1 X87.227 Y93.362 E45.66732
G1 E43.66732 F2400
G92 E0
G1 X87.227 Y88.406 F7800
G1 E2 F2400
G1 F4800
G1 X94.707 Y86.402 E2.37245
G1 X94.582 Y86.402 E2.37846
G1 X133.974 Y125.794 E5.05786
G1 X134.213 Y125.794 E5.06936
G1 X139.995 Y104.208 E6.14417
G1 X89.292 Y117.794 E8.66884
G1 X89.292 Y117.923 E8.67504
G1 X97.277 Y125.907 E9.21814
G1 X96.755 Y125.907 E9.24325
G1 X107.341 Y86.402 E11.21034
G1 X106.852 Y86.402 E11.23386
G1 X139.991 Y119.541 E13.48794
G1 X139.991 Y119.18 E13.5053
G1 X115.308 Y125.794 E14.73435
G1 X115.569 Y125.794 E14.7469
G1 X87.227 Y97.452 E16.67469
G1 X87.227 Y97.388 E16.67777
G1 X128.3 Y86.402 E18.72269
G1 X117.745 Y125.794 E20.68414
G1 X117.614 Y125.794 E20.69044
G1 X87.227 Y95.407 E22.75733
G1 X87.227 Y95.891 E22.78061
G1 X122.643 Y86.402 E24.54408
G1 X122.312 Y86.402 E24.56
G1 X109.848 Y132.918 E26.87618
G1 X109.479 Y132.94 E26.89396
G1 X108.821 Y133.109 E26.92663
G1 X108.821 Y133.109 F7800
G1 X108.127 Y132.668
G1 F4800
G1 X108.644 Y133.184 E26.96176
G1 X108.208 Y133.449 E26.9863
G1 X120.814 Y86.402 E29.32892
G1 X121.168 Y86.402 E29.34595
G1 X139.995 Y105.229 E30.62654
G1 E28.62654 F2400
G92 E0
G1 X139.994 Y110.197 F7800
G1 E2 F2400
G1 F4800
G1 X89.295 Y123.782 E4.52447
G1 X89.295 Y124.061 E4.53789
G1 X91.141 Y125.907 E4.66345
G1 X90.767 Y125.907 E4.68144
G1 X101.352 Y86.402 E6.64852
G1 X102.569 Y86.402 E6.70705
G1 X102.569 Y86.402 F7800
G1 X103.042 Y86.402
G1 F4800
G1 X104.347 Y86.402 E6.76982
G1 X93.761 Y125.907 E8.73691
G1 X95.039 Y125.907 E8.79838
G1 X95.039 Y125.907 F7800
G1 X93.186 Y125.907
G1 F4800
G1 X89.294 Y122.015 E9.06311
G1 X89.294 Y122.285 E9.0761
G1 X139.994 Y108.7 E11.60062
G1 X139.994 Y107.466 E11.65997
G1 X139.994 Y107.466 F7800
G1 X139.995 Y107.01
G1 F4800
G1 X139.995 Y105.706 E11.72269
G1 X89.293 Y119.291 E14.2473
G1 E12.2473 F2400
G92 E0
G1 X89.293 Y119.291 F7800
G1 X89.294 Y121.822
G1 E2 F2400
G1 F4800
G1 X89.294 Y120.788 E2.04973
G1 X139.995 Y107.203 E4.57429
G1 X139.994 Y107.274 E4.57771
G1 X119.122 Y86.402 E5.9974
G1 X119.317 Y86.402 E6.00678
G1 X108.077 Y128.35 E8.09551
G1 X108.117 Y128.568 E8.10617
G1 X111.798 Y132.248 E8.35651
G1 E6.35651 F2400
G92 E0
G1 X111.798 Y132.248 F7800
G1 X107.082 Y127.122
G1 E2 F2400
G1 F4800
G1 X107.772 Y127.813 E2.04697
G1 X113.333 Y126.323 E2.32387
G1 E.32387 F2400
G92 E0
G1 X113.333 Y126.323 F7800
G1 X116.248 Y125.794
G1 E2 F2400
G1 F4800
G1 X126.803 Y86.402 E3.96145
G1 X125.498 Y86.402 E4.02422
G1 X125.498 Y86.402 F7800
G1 X127.303 Y86.402
G1 F4800
G1 X139.997 Y99.095 E4.88762
G1 X139.997 Y99.095 F7800
G1 X139.996 Y99.717
G1 F4800
G1 X79.91 Y115.817 E7.8795
G1 X79.997 Y115.817 E7.88368
G1 X80.711 Y113.152 E8.01638
G1 X80.463 Y113.184 E8.02841
G1 X83.093 Y115.814 E8.2073
G1 X82.992 Y115.814 E8.21216
G1 X83.816 Y112.739 E8.36527
G1 X84.023 Y112.654 E8.37603
G1 X87.179 Y115.81 E8.5907
G1 X87.484 Y115.81 E8.60537
G1 X95.364 Y86.402 E10.06969
G1 X96.434 Y86.402 E10.12115
G1 E8.12115 F2400
G92 E0
G1 X96.434 Y86.402 F7800
G1 X93.867 Y86.402
G1 E2 F2400
G1 F4800
G1 X85.987 Y115.811 E3.46437
G1 E1.46437 F2400
G92 E0
G1 X85.987 Y115.811 F7800
G1 X138.779 Y86.402
G1 E2 F2400
G1 F4800
G1 X128.224 Y125.794 E3.96145
G1 X127.839 Y125.794 E3.97997
G1 X88.563 Y86.517 E6.65151
G1 X88.686 Y86.402 E6.65961
G1 X89.376 Y86.402 E6.6928
G1 X87.227 Y94.394 E7.09084
G1 X117.077 Y86.402 E8.57709
G1 X139.994 Y109.318 E10.13584
G1 X139.994 Y109.805 E10.15926
G1 X135.71 Y125.794 E10.9554
G1 X136.019 Y125.794 E10.97026
G1 X96.627 Y86.402 E13.64966
G1 X96.861 Y86.402 E13.66091
G1 X88.892 Y116.142 E15.14176
G1 X89.072 Y116.356 E15.15521
G1 X139.996 Y102.711 E17.69088
G1 X139.996 Y103.185 E17.71368
G1 X123.213 Y86.402 E18.85524
G1 X123.809 Y86.402 E18.88391
G1 X112.987 Y126.786 E20.89477
G1 X112.767 Y127.082 E20.91251
G1 X87.227 Y101.542 E22.64971
G1 X87.227 Y101.88 E22.66597
G1 X143.14 Y86.89 E25.45016
G1 X142.408 Y89.619 E25.58606
G1 X142.636 Y89.464 E25.59932
G1 X139.573 Y86.402 E25.80763
G1 X139.405 Y86.402 E25.81571
G1 X87.227 Y100.383 E28.41382
G1 X87.227 Y100.008 E28.43186
G1 X90.873 Y86.402 E29.10935
G1 X90.492 Y86.402 E29.12767
G1 X129.884 Y125.794 E31.80707
G1 X129.721 Y125.794 E31.81491
G1 X140.301 Y86.312 E33.78086
G1 X139.766 Y86.402 E33.80695
G1 X139.766 Y86.402 F7800
G1 X141.088 Y85.6
G1 F4800
G1 X141.894 Y84.632 E33.86753
G1 X142.028 Y84.766 E33.87664
G1 X142.049 Y85.042 E33.88995
G1 E31.88995 F2400
G92 E0
G1 X142.049 Y85.042 F7800
G1 X147.667 Y83.141
G1 E2 F2400
;TYPE:Solid infill
;WIDTH:0.405386
G1 F1200
G1 X147.634 Y83.197 E2.00276
G1 X147.813 Y83.687 E2.02495
G1 X147.912 Y84.075 E2.04198
G1 X147.945 Y84.079 E2.04339
G1 X147.993 Y84.05 E2.04578
G1 X148.182 Y83.598 E2.06662
G1 X147.811 Y83.269 E2.08771
;LAYER_CHANGE
;Z:2.75
;HEIGHT:0.3
 ; After First Layer

G1 Z2.75 F7800
G1 E.08771 F2400
G1 Z2.75 F7800
G1 X144.893 Y81.816
G1 E2.08771 F2400
;TYPE:Perimeter
;WIDTH:0.552623
G1 F900
G1 X144.793 Y81.849 E2.09412
;WIDTH:0.511552
G1 X144.694 Y81.881 E2.09992
;WIDTH:0.470482
G1 X144.594 Y81.914 E2.10525
;WIDTH:0.429411
G1 X144.494 Y81.947 E2.11004
;WIDTH:0.388341
G1 X143.985 Y82.098 E2.13149
;WIDTH:0.414461
G1 X143.51 Y82.336 E2.15469
G1 X143.757 Y82.094 E2.16979
;WIDTH:0.391756
G1 X144.231 Y81.657 E2.19611
;WIDTH:0.388341
G1 X144.493 Y81.687 E2.20677
;WIDTH:0.429411
G1 X144.593 Y81.719 E2.21155
;WIDTH:0.470482
G1 X144.693 Y81.752 E2.21688
;WIDTH:0.511552
G1 X144.793 Y81.784 E2.22274
;WIDTH:0.552623
G1 X144.836 Y81.798 E2.22549
G1 E.22549 F2400
G92 E0
G1 X144.836 Y81.798 F7800
G1 X147.359 Y86.036
G1 E2 F2400
;WIDTH:0.617155
G1 F3600
G1 X147.339 Y86.143 E2.0075
;WIDTH:0.569886
G1 X147.32 Y86.251 E2.01441
;WIDTH:0.522618
G1 X147.3 Y86.359 E2.02069
;WIDTH:0.475349
G1 X147.281 Y86.466 E2.02626
;WIDTH:0.428081
G1 X147.203 Y86.653 E2.03545
G1 X146.842 Y86.949 E2.05663
;WIDTH:0.416725
G1 X146.371 Y87.265 E2.08156
;WIDTH:0.45
G1 X145.891 Y87.575 E2.10904
G1 X141.28 Y90.739 E2.378
G1 X140.549 Y91.265 E2.42131
G1 X140.359 Y91.549 E2.43774
G1 X140.279 Y91.934 E2.45665
G1 X140.279 Y126.083 E4.0991
G1 X114.211 Y126.094 E5.35288
G1 X113.858 Y126.223 E5.37096
G1 X113.584 Y126.471 E5.38873
G1 X112.278 Y128.219 E5.49368
G1 X112.152 Y128.447 E5.50621
G1 X112.087 Y128.796 E5.52328
G1 X112.095 Y135.194 E5.831
;WIDTH:0.441177
G1 X112.062 Y135.006 E5.83997
;WIDTH:0.45
G1 X111.909 Y134.561 E5.8626
G1 X111.667 Y134.158 E5.88521
G1 X111.351 Y133.81 E5.90782
G1 X110.972 Y133.532 E5.93043
G1 X110.545 Y133.335 E5.95305
G1 X110.087 Y133.226 E5.97569
G1 X109.534 Y133.224 E6.00229
G1 X109.028 Y133.333 E6.02719
G1 X108.699 Y133.471 E6.04435
G1 X108.263 Y133.76 E6.06951
G1 X108.056 Y133.944 E6.08283
G1 X107.838 Y134.214 E6.09952
G1 X107.838 Y128.796 E6.36011
G1 X107.823 Y128.52 E6.3734
G1 X107.729 Y128.241 E6.38756
G1 X107.556 Y128.004 E6.40167
G1 X105.97 Y126.423 E6.50938
G1 X105.705 Y126.265 E6.52422
G1 X105.348 Y126.197 E6.5417
G1 X89.006 Y126.197 E7.32769
G1 X89.003 Y116.988 E7.77061
G1 X88.899 Y116.621 E7.78896
G1 X88.691 Y116.349 E7.80543
G1 X88.375 Y116.158 E7.82319
G1 X88.042 Y116.098 E7.83946
G1 X78.73 Y116.106 E8.28734
G1 X78.364 Y116.23 E8.30593
G1 X76.473 Y117.333 E8.41122
G1 X76.048 Y117.614 E8.43572
G1 X76.164 Y117.402 E8.44734
G1 X76.358 Y116.879 E8.47417
G1 X76.426 Y116.388 E8.49801
G1 X76.396 Y115.893 E8.52186
G1 X76.268 Y115.414 E8.54571
G1 X76.048 Y114.97 E8.56954
G1 X75.744 Y114.578 E8.5934
G1 X75.369 Y114.254 E8.61724
G1 X74.936 Y114.011 E8.64112
G1 X74.465 Y113.859 E8.66492
G1 X73.972 Y113.803 E8.68878
G1 X74.323 Y113.665 E8.70692
G1 X83.576 Y112.5 E9.15547
G1 X83.965 Y112.362 E9.17532
G1 X86.483 Y110.793 E9.31801
G1 X86.741 Y110.558 E9.33479
G1 X86.885 Y110.29 E9.34942
G1 X86.938 Y109.975 E9.36478
G1 X86.938 Y87.65 E10.43853
G1 X88.571 Y86.112 E10.54642
G1 X139.139 Y86.112 E12.97857
G1 X140.082 Y86.083 E13.02395
G1 X140.314 Y85.991 E13.03595
G1 X140.588 Y85.762 E13.05313
G1 X142.313 Y83.674 E13.18339
G1 X142.691 Y83.191 E13.21289
G1 X142.497 Y83.553 E13.23264
G1 X142.346 Y84.068 E13.25845
G1 X142.299 Y84.545 E13.2815
G1 X142.337 Y85.014 E13.30413
G1 X142.476 Y85.523 E13.32951
G1 X142.715 Y86.004 E13.35534
G1 X143.067 Y86.451 E13.3827
G1 X143.453 Y86.777 E13.407
G1 X143.922 Y87.038 E13.43281
G1 X144.434 Y87.202 E13.45867
G1 X144.967 Y87.261 E13.48446
G1 X145.502 Y87.214 E13.51029
G1 X146.015 Y87.054 E13.53614
;WIDTH:0.435578
G1 X146.48 Y86.789 E13.56092
;WIDTH:0.428081
G1 X146.912 Y86.448 E13.58589
;WIDTH:0.475349
G1 X147.024 Y86.345 E13.59369
;WIDTH:0.522618
G1 X147.135 Y86.242 E13.60234
;WIDTH:0.569886
G1 X147.247 Y86.139 E13.61193
;WIDTH:0.617155
G1 X147.315 Y86.077 E13.61827
G1 E11.61827 F2400
G92 E0
G1 X147.315 Y86.077 F7800
G1 X146.923 Y82.66
G1 E2 F2400
;WIDTH:0.512261
G1 F900
G1 X146.822 Y82.553 E2.00822
;WIDTH:0.500527
G1 X146.389 Y82.226 E2.03774
;WIDTH:0.546
G1 X146.15 Y82.09 E2.05426
;WIDTH:0.591473
G1 X145.911 Y81.953 E2.07237
G1 X146.121 Y81.953 E2.08618
;WIDTH:0.543604
G1 X146.867 Y82.018 E2.13094
;WIDTH:0.500527
G1 X147.174 Y82.299 E2.15358
;WIDTH:0.517384
G1 X147.568 Y82.691 E2.18498
G1 X147.768 Y82.857 E2.19967
;WIDTH:0.483692
G1 X147.969 Y83.024 E2.21334
;WIDTH:0.45
G1 X148.502 Y83.527 E2.24859
G1 X148.385 Y83.805 E2.2631
G1 X147.994 Y84.738 E2.31176
;WIDTH:0.493336
G1 X147.923 Y84.851 E2.3189
;WIDTH:0.536672
G1 X147.851 Y84.965 E2.32684
;WIDTH:0.580008
G1 X147.78 Y85.079 E2.33548
;WIDTH:0.623345
G1 X147.709 Y85.193 E2.34484
G1 X147.706 Y85.101 E2.35126
;WIDTH:0.583069
G1 X147.703 Y85.009 E2.35721
;WIDTH:0.542794
G1 X147.697 Y84.739 E2.37332
;WIDTH:0.496397
G1 X147.691 Y84.469 E2.38787
;WIDTH:0.45
G1 X147.619 Y83.937 E2.41369
G1 X147.442 Y83.43 E2.43952
;WIDTH:0.48113
G1 X147.317 Y83.188 E2.45368
;WIDTH:0.512261
G1 X147.193 Y82.947 E2.46882
G1 X146.964 Y82.704 E2.48747
G1 X146.964 Y82.704 F7800
G1 X146.605 Y82.912
;WIDTH:0.45
G1 F900
G1 X146.651 Y82.95 E2.49034
G1 X146.938 Y83.31 E2.51248
G1 X147.148 Y83.72 E2.53464
G1 X147.273 Y84.163 E2.55678
G1 X147.307 Y84.622 E2.57892
G1 X147.254 Y85.065 E2.60038
G1 X147.148 Y85.41 E2.61774
G1 X146.938 Y85.819 E2.63985
G1 X146.651 Y86.179 E2.66199
G1 X146.299 Y86.475 E2.68411
G1 X145.894 Y86.695 E2.70628
G1 X145.454 Y86.831 E2.72843
G1 X144.996 Y86.877 E2.75057
G1 X144.538 Y86.831 E2.77271
G1 X144.098 Y86.695 E2.79486
G1 X143.694 Y86.475 E2.81699
G1 X143.341 Y86.179 E2.83915
G1 X143.033 Y85.78 E2.86339
G1 X142.844 Y85.409 E2.88342
G1 X142.72 Y84.972 E2.90527
G1 X142.684 Y84.569 E2.92473
G1 X142.719 Y84.163 E2.94433
G1 X142.844 Y83.72 E2.96647
G1 X143.012 Y83.374 E2.98497
G1 X143.333 Y82.958 E3.01024
G1 X143.694 Y82.655 E3.03291
G1 X144.098 Y82.434 E3.05506
G1 X144.538 Y82.299 E3.0772
G1 X144.996 Y82.253 E3.09934
G1 X145.454 Y82.299 E3.12148
G1 X145.894 Y82.434 E3.14362
G1 X146.378 Y82.718 E3.17061
G1 X146.56 Y82.873 E3.18211
G1 X146.56 Y82.873 F7800
G1 X146.356 Y83.198
;TYPE:External perimeter
G1 F900
G1 X146.6 Y83.495 E3.2006
G1 X146.829 Y83.992 E3.22692
G1 X146.889 Y84.202 E3.23742
G1 X146.924 Y84.584 E3.25587
G1 X146.883 Y84.961 E3.27411
G1 X146.801 Y85.242 E3.28819
G1 X146.631 Y85.586 E3.30665
G1 X146.396 Y85.89 E3.32513
G1 X146.106 Y86.141 E3.34358
G1 X145.771 Y86.33 E3.36208
G1 X145.406 Y86.448 E3.38053
G1 X145.025 Y86.492 E3.39898
G1 X144.643 Y86.46 E3.41742
G1 X144.274 Y86.352 E3.43591
G1 X143.934 Y86.174 E3.45437
G1 X143.637 Y85.931 E3.47283
G1 X143.372 Y85.596 E3.49337
G1 X143.213 Y85.296 E3.5097
G1 X143.103 Y84.93 E3.52808
G1 X143.069 Y84.593 E3.54437
G1 X143.093 Y84.258 E3.56052
G1 X143.191 Y83.887 E3.57898
G1 X143.347 Y83.564 E3.59623
G1 X143.596 Y83.24 E3.61588
G1 X143.887 Y82.989 E3.63436
G1 X144.221 Y82.8 E3.65282
G1 X144.586 Y82.681 E3.67128
G1 X144.967 Y82.637 E3.68973
G1 X145.35 Y82.67 E3.70822
G1 X145.718 Y82.777 E3.72665
G1 X146.137 Y83.019 E3.74992
G1 X146.309 Y83.16 E3.76062
G1 X146.569 Y83.465 F7800
G1 E1.76062 F2400
G92 E0
G1 X144.893 Y81.816 F7800
G1 E2 F2400
;TYPE:Perimeter
;WIDTH:0.552623
G1 F3600
G1 X145.412 Y81.861 E2.03172
;WIDTH:0.557487
G1 X145.661 Y81.907 E2.04729
;WIDTH:0.591473
G1 X145.911 Y81.953 E2.064
G1 E.064 F2400
G92 E0
G1 X145.911 Y81.953 F7800
G1 X147.709 Y85.193
G1 E2 F2400
;WIDTH:0.623345
G1 F3600
G1 X147.415 Y85.921 E2.05474
;WIDTH:0.617155
G1 X147.359 Y86.036 E2.06356
G1 E.06356 F2400
G92 E0
G1 X147.359 Y86.036 F7800
G1 X112.09 Y136.01
G1 E2 F2400
;WIDTH:0.442633
G1 F900
G1 X112.094 Y136.41 E2.01887
;WIDTH:0.435978
G1 X112.094 Y136.945 E2.04367
G1 X112.025 Y137.104 E2.0517
;WIDTH:0.460415
G1 X111.82 Y137.38 E2.06868
;WIDTH:0.485802
G1 X111.616 Y137.656 E2.08672
;WIDTH:0.527441
G1 X111.45 Y137.862 E2.102
;WIDTH:0.56908
G1 X111.283 Y138.069 E2.11874
;WIDTH:0.610719
G1 X111.116 Y138.276 E2.13686
G1 X110.753 Y138.299 E2.16165
;WIDTH:0.565223
G1 X110.493 Y138.317 E2.17793
;WIDTH:0.528787
G1 X110.233 Y138.335 E2.19303
;WIDTH:0.492351
G1 X109.719 Y138.345 E2.22047
;WIDTH:0.511135
G1 X109.041 Y138.326 E2.25826
G1 X108.167 Y137.317 E2.33264
;WIDTH:0.502284
G1 X108.395 Y137.517 E2.3492
;WIDTH:0.511135
G1 X108.807 Y137.755 E2.37571
G1 X109.206 Y137.887 E2.39913
G1 X109.734 Y137.938 E2.42869
;WIDTH:0.49675
G1 X110.254 Y137.904 E2.45679
;WIDTH:0.534739
G1 X110.45 Y137.857 E2.46861
;WIDTH:0.572729
G1 X110.647 Y137.809 E2.48147
;WIDTH:0.610719
G1 X110.843 Y137.762 E2.4952
G1 X110.968 Y137.669 E2.50582
;WIDTH:0.574373
G1 X111.093 Y137.576 E2.51573
;WIDTH:0.538028
G1 X111.355 Y137.301 E2.53817
;WIDTH:0.490804
G1 X111.617 Y137.025 E2.55841
;WIDTH:0.443581
G1 X111.903 Y136.568 E2.58391
;WIDTH:0.442633
G1 X112.071 Y136.066 E2.60888
G1 E.60888 F2400
G92 E0
G1 X112.071 Y136.066 F7800
G1 X110.163 Y133.64
G1 E2 F2400
;WIDTH:0.45
G1 F900
G1 X110.547 Y133.748 E2.01919
G1 X110.892 Y133.938 E2.03813
G1 X111.193 Y134.192 E2.05707
G1 X111.437 Y134.501 E2.07601
G1 X111.615 Y134.852 E2.09494
G1 X111.72 Y135.231 E2.11386
G1 X111.748 Y135.624 E2.13281
G1 X111.697 Y136.014 E2.15173
G1 X111.57 Y136.387 E2.17068
G1 X111.343 Y136.758 E2.1916
G1 X110.879 Y137.204 E2.22255
G1 X110.532 Y137.391 E2.24151
G1 X110.156 Y137.505 E2.26041
G1 X109.764 Y137.543 E2.27935
G1 X109.318 Y137.487 E2.30097
G1 X108.997 Y137.384 E2.31718
G1 X108.652 Y137.195 E2.3361
G1 X108.351 Y136.94 E2.35507
G1 X108.107 Y136.632 E2.37397
G1 X107.929 Y136.281 E2.3929
;WIDTH:0.449868
G1 X107.827 Y135.901 E2.41182
;WIDTH:0.443507
G1 X107.827 Y135.231 E2.4435
;WIDTH:0.45
G1 X107.974 Y134.746 E2.46787
G1 X108.172 Y134.406 E2.48679
G1 X108.351 Y134.192 E2.50021
G1 X108.912 Y133.793 E2.53332
G1 X109.109 Y133.71 E2.5436
G1 X109.616 Y133.601 E2.56854
G1 X110.058 Y133.61 E2.5898
G1 X110.105 Y133.624 E2.59216
G1 X110.105 Y133.624 F7800
G1 X110.067 Y134.002
;TYPE:External perimeter
G1 F900
G1 X110.372 Y134.091 E2.60744
G1 X110.652 Y134.239 E2.62267
G1 X110.897 Y134.44 E2.63791
G1 X111.098 Y134.685 E2.65315
G1 X111.247 Y134.965 E2.66841
G1 X111.336 Y135.27 E2.68369
G1 X111.364 Y135.585 E2.6989
G1 X111.329 Y135.9 E2.71414
G1 X111.232 Y136.202 E2.7294
G1 X111.067 Y136.489 E2.74532
G1 X110.686 Y136.87 E2.77124
G1 X110.409 Y137.025 E2.78651
G1 X110.108 Y137.123 E2.80174
G1 X109.793 Y137.158 E2.81698
G1 X109.423 Y137.116 E2.83489
G1 X109.172 Y137.041 E2.84749
G1 X108.892 Y136.893 E2.86272
G1 X108.647 Y136.693 E2.87793
G1 X108.446 Y136.447 E2.89321
G1 X108.297 Y136.167 E2.90847
G1 X108.208 Y135.863 E2.92371
G1 X108.18 Y135.547 E2.93897
G1 X108.215 Y135.232 E2.95421
G1 X108.312 Y134.93 E2.96947
G1 X108.467 Y134.653 E2.98474
G1 X108.647 Y134.44 E2.99815
G1 X109.125 Y134.114 E3.02598
G1 X109.697 Y133.978 E3.05426
G1 X110.008 Y133.998 E3.06925
G1 X110.39 Y134.113 F7800
G1 E1.06925 F2400
G92 E0
G1 X112.095 Y135.194 F7800
G1 E2 F2400
;TYPE:Perimeter
;WIDTH:0.432939
G1 F3600
G1 X112.095 Y135.939 E2.03425
;WIDTH:0.442633
G1 X112.09 Y136.01 E2.03761
G1 E.03761 F2400
G92 E0
G1 X112.09 Y136.01 F7800
G1 X75.65 Y118.125
G1 E2 F2400
;WIDTH:0.521656
G1 F900
G1 X75.016 Y119.121 E2.06734
G1 X74.618 Y119.045 E2.09045
;WIDTH:0.571155
G1 X74.29 Y118.958 E2.1119
;WIDTH:0.620655
G1 X73.961 Y118.87 E2.13553
G1 X74.182 Y118.822 E2.15122
;WIDTH:0.571155
G1 X74.403 Y118.775 E2.1655
;WIDTH:0.521656
G1 X74.885 Y118.634 E2.19414
G1 X75.33 Y118.399 E2.22284
G1 X75.604 Y118.164 E2.24343
G1 E.24343 F2400
G92 E0
G1 X75.604 Y118.164 F7800
G1 X73.098 Y118.716
G1 E2 F2400
;WIDTH:0.600419
G1 F900
G1 X72.991 Y118.719 E2.00716
;WIDTH:0.553888
G1 X72.884 Y118.722 E2.0137
;WIDTH:0.507358
G1 X72.622 Y118.694 E2.02826
;WIDTH:0.465183
G1 X72.361 Y118.666 E2.04138
;WIDTH:0.423008
G1 X72.072 Y118.329 E2.06124
;WIDTH:0.376748
G1 X71.72 Y117.892 E2.0831
;WIDTH:0.397455
G1 X71.337 Y117.362 E2.11026
G1 X71.365 Y117.182 E2.11783
;WIDTH:0.405049
G1 X71.48 Y116.52 E2.14638
G1 X71.497 Y116.69 E2.15364
G1 X71.633 Y117.163 E2.17455
;WIDTH:0.397455
G1 X71.867 Y117.593 E2.19489
;WIDTH:0.369348
G1 X72.248 Y118.069 E2.21808
;WIDTH:0.396178
G1 X72.462 Y118.246 E2.22957
;WIDTH:0.423008
G1 X72.675 Y118.422 E2.24193
;WIDTH:0.46736
G1 X72.781 Y118.496 E2.24843
;WIDTH:0.511713
G1 X72.887 Y118.569 E2.25561
;WIDTH:0.556066
G1 X72.992 Y118.642 E2.26345
;WIDTH:0.600419
G1 X73.049 Y118.682 E2.26811
G1 E.26811 F2400
G92 E0
G1 X73.049 Y118.682 F7800
G1 X72.665 Y114.189
G1 E2 F2400
;WIDTH:0.395185
G1 F900
G1 X72.375 Y114.397 E2.01472
G1 X71.852 Y114.983 E2.04713
G1 X71.65 Y115.386 E2.06573
G1 X71.794 Y114.48 E2.10358
G1 X72.608 Y114.208 E2.13899
G1 E.13899 F2400
G92 E0
G1 X72.608 Y114.208 F7800
G1 X75.996 Y115.873
G1 E2 F2400
;WIDTH:0.45
G1 F900
G1 X76.012 Y115.932 E2.00294
G1 X76.042 Y116.35 E2.0231
G1 X75.989 Y116.766 E2.04327
G1 X75.825 Y117.217 E2.06635
G1 X75.616 Y117.557 E2.08555
G1 X75.245 Y117.937 E2.11109
G1 X74.751 Y118.234 E2.13881
G1 X74.35 Y118.357 E2.15898
G1 X73.933 Y118.397 E2.17913
G1 X73.564 Y118.366 E2.19694
G1 X73.116 Y118.23 E2.21946
G1 X72.748 Y118.029 E2.23963
G1 X72.428 Y117.759 E2.25977
G1 X72.167 Y117.43 E2.27997
G1 X71.977 Y117.057 E2.3001
;WIDTH:0.490312
G1 X71.909 Y116.823 E2.31305
;WIDTH:0.530625
G1 X71.841 Y116.589 E2.32722
;WIDTH:0.570938
G1 X71.774 Y116.356 E2.34254
;WIDTH:0.584493
G1 X71.802 Y115.888 E2.37295
;WIDTH:0.6106
G1 X71.9 Y115.504 E2.39995
G1 X71.93 Y115.484 E2.40241
;WIDTH:0.57045
G1 X71.961 Y115.463 E2.40477
;WIDTH:0.5303
G1 X71.991 Y115.442 E2.4069
;WIDTH:0.49015
G1 X72.021 Y115.422 E2.40881
;WIDTH:0.45
G1 X72.261 Y115.027 E2.43104
G1 X72.632 Y114.647 E2.45658
;WIDTH:0.495176
G1 X72.789 Y114.527 E2.4672
;WIDTH:0.540353
G1 X72.946 Y114.407 E2.47893
;WIDTH:0.58553
G1 X73.104 Y114.286 E2.49187
;WIDTH:0.594026
G1 X73.517 Y114.156 E2.52047
G1 X73.76 Y114.174 E2.53657
;WIDTH:0.546017
G1 X74.004 Y114.192 E2.55127
;WIDTH:0.498008
G1 X74.247 Y114.21 E2.56445
;WIDTH:0.45
G1 X74.761 Y114.355 E2.59014
G1 X75.128 Y114.556 E2.61027
G1 X75.449 Y114.826 E2.63044
G1 X75.709 Y115.154 E2.65057
G1 X75.9 Y115.528 E2.67077
G1 X75.98 Y115.815 E2.6851
G1 X75.98 Y115.815 F7800
G1 X75.628 Y115.97
;TYPE:External perimeter
G1 F900
G1 X75.659 Y116.312 E2.70162
G1 X75.621 Y116.652 E2.71807
G1 X75.487 Y117.033 E2.7375
G1 X75.34 Y117.288 E2.75166
G1 X74.969 Y117.668 E2.7772
G1 X74.577 Y117.886 E2.79877
G1 X74.302 Y117.974 E2.81266
G1 X73.962 Y118.013 E2.82912
G1 X73.637 Y117.987 E2.8448
G1 X73.292 Y117.887 E2.86208
G1 X72.988 Y117.727 E2.8786
G1 X72.723 Y117.511 E2.89504
G1 X72.506 Y117.246 E2.91151
G1 X72.345 Y116.943 E2.92801
G1 X72.248 Y116.614 E2.94451
G1 X72.218 Y116.273 E2.96097
G1 X72.255 Y115.933 E2.97742
G1 X72.36 Y115.606 E2.99394
G1 X72.593 Y115.24 E3.01481
G1 X72.949 Y114.884 E3.03902
G1 X73.248 Y114.716 E3.05552
G1 X73.574 Y114.611 E3.07199
G1 X73.914 Y114.572 E3.08845
G1 X74.256 Y114.601 E3.10496
G1 X74.585 Y114.698 E3.12146
G1 X74.888 Y114.857 E3.13792
G1 X75.153 Y115.074 E3.15439
G1 X75.371 Y115.339 E3.17089
G1 X75.531 Y115.642 E3.18737
G1 X75.611 Y115.913 E3.20096
G1 X75.647 Y116.311 F7800
G1 E1.20096 F2400
G92 E0
G1 X73.961 Y118.87 F7800
G1 E2 F2400
;TYPE:Perimeter
;WIDTH:0.620655
G1 F3600
G1 X73.395 Y118.786 E2.0397
;WIDTH:0.600419
G1 X73.098 Y118.716 E2.0601
G1 E.0601 F2400
G92 E0
G1 X73.098 Y118.716 F7800
G1 X88.128 Y116.505
G1 E2 F2400
;WIDTH:0.45
G1 F3600
G1 X88.042 Y116.484 E2.00426
G1 X78.85 Y116.484 E2.44636
G1 X78.559 Y116.563 E2.46086
G1 X76.43 Y117.804 E2.57938
G1 X76.234 Y117.993 E2.59248
G1 X75.218 Y119.589 E2.68348
G1 X72.152 Y119.005 E2.8336
G1 X70.957 Y117.458 E2.92762
G1 X71.058 Y116.824 E2.9585
;WIDTH:0.498031
G1 X71.118 Y116.603 E2.97089
;WIDTH:0.546062
G1 X71.177 Y116.381 E2.98469
;WIDTH:0.594093
G1 X71.237 Y116.16 E2.99982
;WIDTH:0.6106
G1 X71.369 Y115.381 E3.05365
G1 X71.357 Y115.331 E3.05715
;WIDTH:0.57045
G1 X71.344 Y115.282 E3.06035
;WIDTH:0.5303
G1 X71.332 Y115.232 E3.06334
;WIDTH:0.49015
G1 X71.319 Y115.183 E3.06603
;WIDTH:0.45
G1 X71.474 Y114.209 E3.11347
G1 X72.456 Y113.881 E3.16327
;WIDTH:0.49376
G1 X72.559 Y113.87 E3.16882
;WIDTH:0.537521
G1 X72.662 Y113.859 E3.17493
;WIDTH:0.581282
G1 X72.765 Y113.847 E3.18162
;WIDTH:0.585169
G1 X73.227 Y113.696 E3.21319
G1 X73.375 Y113.628 E3.22377
;WIDTH:0.551405
G1 X73.524 Y113.561 E3.23369
;WIDTH:0.517641
G1 X73.672 Y113.494 E3.24287
;WIDTH:0.483878
G1 X74.237 Y113.288 E3.27434
;WIDTH:0.45
G1 X83.528 Y112.117 E3.72474
G1 X83.761 Y112.034 E3.73664
G1 X86.279 Y110.466 E3.87931
G1 X86.372 Y110.394 E3.88497
G1 X86.503 Y110.209 E3.89587
G1 X86.552 Y109.975 E3.90737
G1 X86.552 Y87.483 E4.98916
G1 X88.418 Y85.727 E5.1124
G1 X139.845 Y85.727 E7.58586
G1 X140.085 Y85.675 E7.59767
G1 X140.291 Y85.517 E7.61016
G1 X142.771 Y82.515 E7.79744
G1 X144.111 Y81.286 E7.88489
G1 X147.05 Y81.625 E8.02718
G1 X148.96 Y83.43 E8.15358
G1 X148.74 Y83.954 E8.18091
G1 X147.485 Y86.949 E8.33709
G1 X140.827 Y91.532 E8.72585
G1 X140.713 Y91.703 E8.73573
G1 X140.665 Y91.934 E8.74708
G1 X140.665 Y126.469 E10.40809
G1 X114.357 Y126.469 E11.67341
G1 X114.115 Y126.522 E11.68533
G1 X113.893 Y126.701 E11.69905
G1 X112.548 Y128.511 E11.80751
G1 X112.472 Y128.796 E11.8217
G1 X112.472 Y137.119 E12.22201
G1 X111.362 Y138.742 E12.31658
G1 X108.847 Y138.742 E12.43754
G1 X107.452 Y137.085 E12.54172
G1 X107.451 Y136.074 E12.59035
;WIDTH:0.448026
G1 X107.442 Y135.491 E12.61825
;WIDTH:0.45
G1 X107.452 Y128.796 E12.94026
G1 X107.42 Y128.496 E12.95477
G1 X107.283 Y128.277 E12.96719
G1 X106.258 Y127.252 E13.03691
G1 X105.613 Y126.646 E13.07948
G1 X105.348 Y126.582 E13.09259
G1 X88.621 Y126.582 E13.8971
G1 X88.621 Y117.062 E14.35498
G1 X88.524 Y116.742 E14.37106
G1 X88.311 Y116.55 E14.38485
G1 X88.187 Y116.519 E14.391
G1 X88.187 Y116.519 F7800
G1 X88.042 Y116.869
;TYPE:External perimeter
G1 F1800
G1 X78.85 Y116.869 E14.8331
G1 X78.753 Y116.896 E14.83794
G1 X77.125 Y117.846 E14.9286
G1 X76.559 Y118.2 E14.96071
G1 X75.403 Y120.017 E15.06429
G1 X71.937 Y119.356 E15.234
G1 X70.55 Y117.562 E15.34307
G1 X71.13 Y113.917 E15.52059
G1 X74.152 Y112.91 E15.67379
G1 X83.479 Y111.735 E16.12593
G1 X83.557 Y111.707 E16.12992
G1 X86.106 Y110.115 E16.27446
G1 X86.166 Y109.975 E16.28179
G1 X86.166 Y87.316 E17.37161
G1 X88.265 Y85.341 E17.51023
G1 X139.845 Y85.341 E19.99105
G1 X139.993 Y85.271 E19.99892
G1 X142.49 Y82.248 E20.1875
G1 X143.98 Y80.883 E20.28469
G1 X147.221 Y81.257 E20.44161
G1 X149.419 Y83.333 E20.58703
G1 X149.096 Y84.104 E20.62724
G1 X147.797 Y87.202 E20.78881
G1 X141.104 Y91.8 E21.17936
G1 X141.05 Y91.934 E21.18631
G1 X141.05 Y126.855 E22.86589
G1 X114.342 Y126.855 E24.15045
G1 X114.202 Y126.932 E24.15813
G1 X112.896 Y128.681 E24.26312
G1 X112.858 Y128.796 E24.26895
G1 X112.858 Y137.238 E24.67498
G1 X111.565 Y139.128 E24.78512
G1 X108.668 Y139.128 E24.92446
G1 X107.067 Y137.226 E25.04403
G1 X107.067 Y128.686 E25.45477
G1 X107.01 Y128.55 E25.46186
G1 X105.485 Y127.024 E25.56562
G1 X105.348 Y126.968 E25.57274
G1 X88.235 Y126.968 E26.39582
G1 X88.235 Y117.062 E26.87226
G1 X88.191 Y116.939 E26.87854
G1 X88.097 Y116.895 E26.88353
G1 X87.697 Y116.873 F7800
G1 E24.88353 F2400
G92 E0
G1 X142.691 Y83.191 F7800
G1 E2 F2400
;TYPE:Perimeter
;WIDTH:0.417899
G1 F3600
G1 X143.004 Y82.79 E2.02243
;WIDTH:0.414461
G1 X143.51 Y82.336 E2.05211
G1 E.05211 F2400
G92 E0
G1 X143.51 Y82.336 F7800
G1 X108.167 Y137.317
G1 E2 F2400
;WIDTH:0.474337
G1 F3600
G1 X107.844 Y136.942 E2.02531
G1 E.02531 F2400
G92 E0
G1 X107.844 Y136.942 F7800
G1 X76.048 Y117.614
G1 E2 F2400
;WIDTH:0.449947
G1 F3600
G1 X75.908 Y117.799 E2.01116
G1 E.01116 F2400
G92 E0
G1 X75.908 Y117.799 F7800
G1 X76.063 Y113.738
G1 E2 F2400
;TYPE:Internal infill
;WIDTH:0.45
G1 F4800
G1 X75.904 Y114.331 E2.02953
G1 X75.509 Y114.002 E2.05425
G1 X76.879 Y113.635 E2.12247
G1 X76.83 Y113.641 E2.12484
G1 X79.007 Y115.818 E2.27292
G1 X78.487 Y115.863 E2.29802
G1 X79.161 Y113.347 E2.4233
G1 X78.646 Y113.412 E2.44827
G1 X81.05 Y115.816 E2.61179
G1 E.61179 F2400
G92 E0
G1 X81.05 Y115.816 F7800
G1 X78.455 Y113.436
G1 E2 F2400
G1 F4800
G1 X77.612 Y113.543 E2.04087
G1 X76.725 Y116.851 E2.20559
G1 X76.64 Y116.901 E2.21033
G1 X76.688 Y116.68 E2.22121
G1 X77.301 Y116.516 E2.25173
G1 X77.528 Y116.384 E2.26436
G1 X76.575 Y115.431 E2.32918
G1 X76.508 Y115.231 E2.33932
G1 X139.997 Y98.22 E5.50063
G1 X139.997 Y98.62 E5.51987
G1 X132.715 Y125.794 E6.87296
G1 E4.87296 F2400
G92 E0
G1 X132.715 Y125.794 F7800
G1 X130.077 Y125.794
G1 E2 F2400
G1 F4800
G1 X131.218 Y125.794 E2.05488
G1 X139.998 Y93.028 E3.68641
G1 X139.998 Y92.962 E3.68958
G1 X133.438 Y86.402 E4.13578
G1 X133.438 Y86.402 F7800
G1 X132.791 Y86.402
G1 F4800
G1 X122.236 Y125.794 E6.09723
G1 X123.54 Y125.794 E6.15995
G1 X123.54 Y125.794 F7800
G1 X121.704 Y125.794
G1 F4800
G1 X87.227 Y91.317 E8.50504
G1 X87.227 Y91.4 E8.50903
G1 X105.882 Y86.402 E9.43792
G1 X95.232 Y125.907 E11.40581
G1 X89.293 Y119.969 E11.80974
G1 X89.293 Y120.232 E11.82239
G1 X98.358 Y86.402 E13.5069
G1 X98.672 Y86.402 E13.522
G1 X138.064 Y125.794 E16.2014
G1 X138.064 Y125.794 F7800
G1 X138.704 Y125.794
G1 F4800
G1 X139.991 Y120.99 E16.4406
G1 X139.991 Y120.677 E16.45565
G1 X120.895 Y125.794 E17.4065
G1 X120.739 Y125.794 E17.414
G1 X131.294 Y86.402 E19.37545
G1 X131.393 Y86.402 E19.38021
G1 X139.998 Y95.006 E19.96548
G1 X139.998 Y95.225 E19.97601
G1 X87.227 Y109.365 E22.60365
G1 X87.227 Y109.723 E22.62087
G1 X103.412 Y125.907 E23.72172
G1 X103.711 Y125.907 E23.7361
G1 X139.992 Y116.186 E25.54264
G1 E23.54264 F2400
G92 E0
G1 X139.992 Y116.186 F7800
G1 X139.993 Y113.6
G1 E2 F2400
G1 F4800
G1 X139.993 Y114.689 E2.05238
G1 X98.124 Y125.907 E4.13716
G1 X98.252 Y125.907 E4.14332
G1 X108.838 Y86.402 E6.11041
G1 X108.897 Y86.402 E6.11325
G1 X139.992 Y117.496 E8.22826
G1 X139.992 Y117.683 E8.23725
G1 X106.593 Y126.632 E9.90029
G1 X106.946 Y126.986 E9.92433
G1 X117.82 Y86.402 E11.94513
G1 X118.93 Y86.402 E11.99852
G1 E9.99852 F2400
G92 E0
G1 X118.93 Y86.402 F7800
G1 X116.323 Y86.402
G1 E2 F2400
G1 F4800
G1 X105.721 Y125.969 E3.97017
G1 X105.472 Y125.923 E3.98235
G1 X87.227 Y107.677 E5.22339
G1 X87.227 Y107.868 E5.23258
G1 X139.998 Y93.728 E7.86022
G1 E5.86022 F2400
G92 E0
G1 X139.998 Y93.728 F7800
G1 X140.576 Y90.872
G1 E2 F2400
G1 F4800
G1 X142.087 Y85.231 E2.28088
G1 X142.216 Y85.648 E2.30187
G1 X140.712 Y86.051 E2.37676
G1 X140.965 Y85.748 E2.39575
G1 X143.85 Y88.634 E2.59202
G1 X142.795 Y89.355 E2.65348
G1 X142.795 Y89.355 F7800
G1 X144.241 Y88.367
G1 F4800
G1 X144.473 Y87.502 E2.69655
G1 X144.8 Y87.539 E2.71238
G1 X145.065 Y87.804 E2.7304
G1 X144.884 Y87.928 E2.74095
G1 X87.227 Y103.377 E5.61188
G1 X87.227 Y103.587 E5.62198
G1 X111.917 Y128.278 E7.3014
G1 X111.968 Y128.186 E7.30646
G1 X108.127 Y129.215 E7.49771
G1 X108.127 Y130.43 E7.55615
G1 X108.127 Y130.43 F7800
G1 X108.127 Y130.905
G1 F4800
G1 X108.127 Y132.21 E7.61892
G1 X111.798 Y131.226 E7.80172
G1 X111.228 Y133.354 E7.90768
G1 X111.798 Y133.828 E7.94334
G1 X111.798 Y132.723 E7.99649
G1 X110.536 Y133.032 E8.05898
G1 X108.127 Y130.623 E8.22284
G1 X108.127 Y130.712 E8.22712
G1 X111.798 Y129.729 E8.4099
G1 X111.798 Y130.203 E8.4327
G1 X87.227 Y105.632 E10.10399
G1 X92.37 Y86.402 E11.06139
G1 X92.537 Y86.402 E11.06942
G1 X131.929 Y125.794 E13.74882
G1 X139.99 Y123.672 E14.14973
G1 X102.762 Y86.402 E16.68336
G1 X102.849 Y86.402 E16.68754
G1 X92.264 Y125.907 E18.65462
G1 X92.537 Y125.907 E18.66775
G1 X139.993 Y113.192 E21.03073
G1 X139.993 Y113.407 E21.04107
G1 X112.987 Y86.402 E22.87795
G1 X113.329 Y86.402 E22.8944
G1 X102.743 Y125.907 E24.86149
G1 X101.559 Y125.907 E24.91844
G1 E22.91844 F2400
G92 E0
G1 X101.559 Y125.907 F7800
G1 X104.241 Y125.907
G1 E2 F2400
G1 F4800
G1 X114.826 Y86.402 E3.96708
G1 X115.032 Y86.402 E3.97699
G1 X139.993 Y111.363 E5.67481
G1 X139.993 Y111.694 E5.69073
G1 X89.295 Y125.279 E8.21515
G1 X89.295 Y125.279 F7800
G1 X90.574 Y125.907
G1 F4800
G1 X89.295 Y125.907 E8.27667
G1 X89.295 Y125.811 E8.28129
G1 X99.855 Y86.402 E10.2436
G1 E8.2436 F2400
G92 E0
G1 X99.855 Y86.402 F7800
G1 X104.807 Y86.402
G1 E2 F2400
G1 F4800
G1 X139.991 Y121.585 E4.39314
G1 X139.991 Y121.585 F7800
G1 X139.991 Y122.175
G1 F4800
G1 X126.482 Y125.794 E5.06579
G1 X126.727 Y125.794 E5.07757
G1 X137.282 Y86.402 E7.03902
G1 X137.528 Y86.402 E7.05085
G1 X141.421 Y90.294 E7.31561
G1 X141.28 Y90.39 E7.32381
G1 X87.227 Y104.874 E10.01529
G1 E8.01529 F2400
G92 E0
G1 X87.227 Y107.485 F7800
G1 E2 F2400
G1 F4800
G1 X87.227 Y106.371 E2.05358
G1 X139.998 Y92.231 E4.68122
G1 X139.998 Y91.78 E4.70291
G1 X140.092 Y91.436 E4.72006
G1 X140.254 Y91.172 E4.73496
G1 X135.483 Y86.402 E5.05944
G1 X135.785 Y86.402 E5.07397
G1 X125.23 Y125.794 E7.03542
G1 X125.794 Y125.794 E7.06255
G1 X87.509 Y87.509 E9.66665
G1 X87.606 Y87.417 E9.67308
G1 X87.227 Y88.834 E9.74363
G1 X87.227 Y89.272 E9.7647
G1 X123.749 Y125.794 E12.24888
G1 X134.288 Y86.402 E14.21014
G1 X133.818 Y86.402 E14.23275
G1 X87.227 Y98.886 E16.55267
G1 X87.227 Y98.886 F7800
G1 X87.227 Y99.497
G1 F4800
G1 X113.709 Y125.979 E18.35394
G1 X114.066 Y125.828 E18.37258
G1 X114.75 Y125.794 E18.40552
G1 X125.306 Y86.402 E20.36699
G1 X125.258 Y86.402 E20.3693
G1 X139.996 Y101.14 E21.37176
G1 X139.996 Y101.214 E21.37532
G1 X85.518 Y115.811 E24.08795
G1 X85.136 Y115.812 E24.10632
G1 X82.26 Y112.957 E24.30123
G1 X81.494 Y115.815 E24.44354
G1 X82.799 Y115.814 E24.50631
G1 X83.286 Y115.814 F7800
G1 F4800
G1 X84.489 Y115.812 E24.56417
G1 X85.594 Y111.688 E24.76952
G1 X85.291 Y111.877 E24.7867
G1 X99.322 Y125.907 E25.74104
G1 X99.749 Y125.907 E25.76158
G1 X110.335 Y86.402 E27.72867
G1 X110.335 Y86.402 F7800
G1 X110.942 Y86.402
G1 F4800
G1 X139.992 Y115.452 E29.70462
G1 X139.992 Y115.398 E29.70722
G1 X137.207 Y125.794 E30.22486
G1 X137.657 Y125.794 E30.2465
G1 X139.99 Y125.169 E30.36267
G1 X139.99 Y125.674 E30.38696
G1 X100.717 Y86.402 E33.05823
G1 X100.295 Y86.402 E33.07853
G1 X87.227 Y89.903 E33.72922
G1 X87.227 Y91.124 E33.78795
G1 X87.227 Y91.124 F7800
G1 X87.227 Y91.593
G1 F4800
G1 X87.227 Y92.897 E33.85067
G1 X111.469 Y86.402 E35.05775
G1 X111.832 Y86.402 E35.07521
G1 X101.246 Y125.907 E37.0423
G1 X101.367 Y125.907 E37.04812
G1 X86.551 Y111.092 E38.05585
G1 X86.676 Y111.01 E38.06304
G1 X139.997 Y96.722 E40.71807
G1 X139.997 Y97.051 E40.73389
G1 X129.348 Y86.402 E41.45822
G1 X129.797 Y86.402 E41.47982
G1 X119.242 Y125.794 E43.44127
G1 X119.659 Y125.794 E43.46133
G1 X87.227 Y93.362 E45.66732
G1 E43.66732 F2400
G92 E0
G1 X87.227 Y88.406 F7800
G1 E2 F2400
G1 F4800
G1 X94.707 Y86.402 E2.37245
G1 X94.582 Y86.402 E2.37846
G1 X133.974 Y125.794 E5.05786
G1 X134.213 Y125.794 E5.06936
G1 X139.995 Y104.208 E6.14417
G1 X89.292 Y117.794 E8.66884
G1 X89.292 Y117.923 E8.67504
G1 X97.277 Y125.907 E9.21814
G1 X96.755 Y125.907 E9.24325
G1 X107.341 Y86.402 E11.21034
G1 X106.852 Y86.402 E11.23386
G1 X139.991 Y119.541 E13.48794
G1 X139.991 Y119.18 E13.5053
G1 X115.308 Y125.794 E14.73435
G1 X115.569 Y125.794 E14.7469
G1 X87.227 Y97.452 E16.67469
G1 X87.227 Y97.388 E16.67777
G1 X128.3 Y86.402 E18.72269
G1 X117.745 Y125.794 E20.68414
G1 X117.614 Y125.794 E20.69044
G1 X87.227 Y95.407 E22.75733
G1 X87.227 Y95.891 E22.78061
G1 X122.643 Y86.402 E24.54408
G1 X122.312 Y86.402 E24.56
G1 X109.848 Y132.918 E26.87618
G1 X109.48 Y132.94 E26.89391
G1 X108.821 Y133.11 E26.92664
G1 X108.821 Y133.11 F7800
G1 X108.127 Y132.668
G1 F4800
G1 X108.644 Y133.184 E26.96177
G1 X108.208 Y133.449 E26.98631
G1 X120.814 Y86.402 E29.32893
G1 X121.168 Y86.402 E29.34596
G1 X139.995 Y105.229 E30.62655
G1 E28.62655 F2400
G92 E0
G1 X139.994 Y110.197 F7800
G1 E2 F2400
G1 F4800
G1 X89.295 Y123.782 E4.52447
G1 X89.295 Y124.061 E4.53789
G1 X91.141 Y125.907 E4.66345
G1 X90.767 Y125.907 E4.68144
G1 X101.352 Y86.402 E6.64852
G1 X102.569 Y86.402 E6.70705
G1 X102.569 Y86.402 F7800
G1 X103.042 Y86.402
G1 F4800
G1 X104.347 Y86.402 E6.76982
G1 X93.761 Y125.907 E8.73691
G1 X95.039 Y125.907 E8.79838
G1 X95.039 Y125.907 F7800
G1 X93.186 Y125.907
G1 F4800
G1 X89.294 Y122.015 E9.06311
G1 X89.294 Y122.285 E9.0761
G1 X139.994 Y108.7 E11.60062
G1 X139.994 Y107.466 E11.65997
G1 X139.994 Y107.466 F7800
G1 X139.995 Y107.01
G1 F4800
G1 X139.995 Y105.706 E11.72269
G1 X89.293 Y119.291 E14.2473
G1 E12.2473 F2400
G92 E0
G1 X89.293 Y119.291 F7800
G1 X89.294 Y121.822
G1 E2 F2400
G1 F4800
G1 X89.294 Y120.788 E2.04973
G1 X139.995 Y107.203 E4.57429
G1 X139.994 Y107.274 E4.57771
G1 X119.122 Y86.402 E5.9974
G1 X119.317 Y86.402 E6.00678
G1 X108.077 Y128.35 E8.09551
G1 X108.117 Y128.568 E8.10617
G1 X111.798 Y132.248 E8.35651
G1 E6.35651 F2400
G92 E0
G1 X111.798 Y132.248 F7800
G1 X107.082 Y127.122
G1 E2 F2400
G1 F4800
G1 X107.772 Y127.813 E2.04697
G1 X113.333 Y126.323 E2.32387
G1 E.32387 F2400
G92 E0
G1 X113.333 Y126.323 F7800
G1 X116.248 Y125.794
G1 E2 F2400
G1 F4800
G1 X126.803 Y86.402 E3.96145
G1 X125.498 Y86.402 E4.02422
G1 X125.498 Y86.402 F7800
G1 X127.303 Y86.402
G1 F4800
G1 X139.997 Y99.095 E4.88762
G1 X139.997 Y99.095 F7800
G1 X139.996 Y99.717
G1 F4800
G1 X79.91 Y115.817 E7.8795
G1 X79.997 Y115.817 E7.88368
G1 X80.711 Y113.152 E8.01638
G1 X80.463 Y113.184 E8.02841
G1 X83.093 Y115.814 E8.2073
G1 X82.992 Y115.814 E8.21216
G1 X83.816 Y112.739 E8.36527
G1 X84.023 Y112.654 E8.37603
G1 X87.179 Y115.81 E8.5907
G1 X87.484 Y115.81 E8.60537
G1 X95.364 Y86.402 E10.06969
G1 X96.434 Y86.402 E10.12115
G1 E8.12115 F2400
G92 E0
G1 X96.434 Y86.402 F7800
G1 X93.867 Y86.402
G1 E2 F2400
G1 F4800
G1 X85.987 Y115.811 E3.46437
G1 E1.46437 F2400
G92 E0
G1 X85.987 Y115.811 F7800
G1 X138.779 Y86.402
G1 E2 F2400
G1 F4800
G1 X128.224 Y125.794 E3.96145
G1 X127.839 Y125.794 E3.97997
G1 X88.563 Y86.517 E6.65151
G1 X88.686 Y86.402 E6.65961
G1 X89.376 Y86.402 E6.6928
G1 X87.227 Y94.394 E7.09084
G1 X117.077 Y86.402 E8.57709
G1 X139.994 Y109.318 E10.13584
G1 X139.994 Y109.805 E10.15926
G1 X135.71 Y125.794 E10.9554
G1 X136.019 Y125.794 E10.97026
G1 X96.627 Y86.402 E13.64966
G1 X96.861 Y86.402 E13.66091
G1 X88.892 Y116.142 E15.14176
G1 X89.072 Y116.356 E15.15521
G1 X139.996 Y102.711 E17.69088
G1 X139.996 Y103.185 E17.71368
G1 X123.213 Y86.402 E18.85524
G1 X123.809 Y86.402 E18.88391
G1 X112.987 Y126.786 E20.89477
G1 X112.767 Y127.082 E20.91251
G1 X87.227 Y101.542 E22.64971
G1 X87.227 Y101.88 E22.66597
G1 X143.14 Y86.89 E25.45016
G1 X142.408 Y89.619 E25.58606
G1 X142.636 Y89.464 E25.59932
G1 X139.573 Y86.402 E25.80763
G1 X139.405 Y86.402 E25.81571
G1 X87.227 Y100.383 E28.41382
G1 X87.227 Y100.008 E28.43186
G1 X90.873 Y86.402 E29.10935
G1 X90.492 Y86.402 E29.12767
G1 X129.884 Y125.794 E31.80707
G1 X129.721 Y125.794 E31.81491
G1 X140.301 Y86.312 E33.78086
G1 X139.766 Y86.402 E33.80695
G1 X139.766 Y86.402 F7800
G1 X141.088 Y85.6
G1 F4800
G1 X141.894 Y84.632 E33.86753
G1 X142.017 Y84.756 E33.87593
G1 X142.049 Y85.042 E33.88977
G1 E31.88977 F2400
G92 E0
G1 X142.049 Y85.042 F7800
G1 X147.625 Y83.174
G1 E2 F2400
;TYPE:Solid infill
;WIDTH:0.405386
G1 F1200
G1 X147.813 Y83.687 E2.02324
G1 X147.912 Y84.075 E2.04027
G1 X147.979 Y84.082 E2.04314
G1 X148.182 Y83.598 E2.06546
G1 X147.784 Y83.245 E2.08809
;LAYER_CHANGE
;Z:3.05
;HEIGHT:0.3
 ; After First Layer

G1 Z3.05 F7800
G1 E.08809 F2400
G1 Z3.05 F7800
G1 X144.893 Y81.816
G1 E2.08809 F2400
;TYPE:Perimeter
;WIDTH:0.552623
G1 F900
G1 X144.793 Y81.849 E2.0945
;WIDTH:0.511552
G1 X144.694 Y81.881 E2.1003
;WIDTH:0.470482
G1 X144.594 Y81.914 E2.10563
;WIDTH:0.429412
G1 X144.494 Y81.947 E2.11042
;WIDTH:0.388342
G1 X143.985 Y82.098 E2.13187
;WIDTH:0.414463
G1 X143.51 Y82.336 E2.15507
G1 X143.757 Y82.094 E2.17017
;WIDTH:0.391757
G1 X144.231 Y81.657 E2.19649
;WIDTH:0.388342
G1 X144.493 Y81.687 E2.20715
;WIDTH:0.429412
G1 X144.593 Y81.719 E2.21193
;WIDTH:0.470482
G1 X144.693 Y81.752 E2.21726
;WIDTH:0.511552
G1 X144.793 Y81.784 E2.22312
;WIDTH:0.552623
G1 X144.836 Y81.798 E2.22587
G1 E.22587 F2400
G92 E0
G1 X144.836 Y81.798 F7800
G1 X147.359 Y86.036
G1 E2 F2400
;WIDTH:0.617153
G1 F3600
G1 X147.339 Y86.143 E2.0075
;WIDTH:0.569885
G1 X147.32 Y86.251 E2.01441
;WIDTH:0.522617
G1 X147.3 Y86.359 E2.02069
;WIDTH:0.475349
G1 X147.281 Y86.466 E2.02626
;WIDTH:0.428081
G1 X147.203 Y86.653 E2.03545
G1 X146.842 Y86.949 E2.05663
;WIDTH:0.416724
G1 X146.372 Y87.265 E2.08152
;WIDTH:0.45
G1 X145.891 Y87.575 E2.10904
G1 X141.28 Y90.739 E2.378
G1 X140.549 Y91.265 E2.42131
G1 X140.359 Y91.549 E2.43774
G1 X140.279 Y91.934 E2.45665
G1 X140.279 Y126.083 E4.0991
G1 X114.211 Y126.094 E5.35288
G1 X113.858 Y126.223 E5.37096
G1 X113.584 Y126.471 E5.38873
G1 X112.278 Y128.219 E5.49368
G1 X112.152 Y128.447 E5.50621
G1 X112.087 Y128.796 E5.52328
G1 X112.095 Y135.194 E5.831
;WIDTH:0.441177
G1 X112.062 Y135.006 E5.83997
;WIDTH:0.45
G1 X111.909 Y134.561 E5.8626
G1 X111.667 Y134.158 E5.88521
G1 X111.351 Y133.81 E5.90782
G1 X110.972 Y133.532 E5.93043
G1 X110.545 Y133.335 E5.95305
G1 X110.087 Y133.226 E5.97569
G1 X109.617 Y133.21 E5.99831
G1 X109.153 Y133.287 E6.02093
G1 X108.645 Y133.499 E6.04741
G1 X108.223 Y133.793 E6.07215
G1 X107.838 Y134.214 E6.09959
G1 X107.838 Y128.796 E6.36018
G1 X107.823 Y128.52 E6.37347
G1 X107.729 Y128.241 E6.38763
G1 X107.556 Y128.004 E6.40174
G1 X105.97 Y126.423 E6.50945
G1 X105.705 Y126.265 E6.52429
G1 X105.348 Y126.197 E6.54177
G1 X89.006 Y126.197 E7.32776
G1 X89.003 Y116.988 E7.77068
G1 X88.899 Y116.621 E7.78903
G1 X88.691 Y116.349 E7.8055
G1 X88.375 Y116.158 E7.82326
G1 X88.042 Y116.098 E7.83953
G1 X78.73 Y116.106 E8.28741
G1 X78.364 Y116.23 E8.306
G1 X76.236 Y117.472 E8.42451
;WIDTH:0.447283
G1 X76.006 Y117.668 E8.43894
;WIDTH:0.443381
G1 X76.108 Y117.506 E8.44799
;WIDTH:0.45
G1 X76.324 Y116.982 E8.47525
G1 X76.416 Y116.459 E8.50079
G1 X76.396 Y115.893 E8.52803
G1 X76.268 Y115.414 E8.55188
G1 X76.048 Y114.97 E8.57571
G1 X75.744 Y114.578 E8.59957
G1 X75.369 Y114.254 E8.62341
G1 X74.936 Y114.011 E8.64729
G1 X74.465 Y113.859 E8.67109
G1 X73.972 Y113.803 E8.69495
G1 X74.323 Y113.665 E8.71309
G1 X83.576 Y112.5 E9.16164
G1 X83.965 Y112.362 E9.18149
G1 X86.483 Y110.793 E9.32418
G1 X86.741 Y110.558 E9.34096
G1 X86.885 Y110.29 E9.35559
G1 X86.938 Y109.975 E9.37095
G1 X86.938 Y87.65 E10.4447
G1 X88.571 Y86.112 E10.55259
G1 X139.139 Y86.112 E12.98474
G1 X140.083 Y86.083 E13.03016
G1 X140.316 Y85.99 E13.04223
G1 X140.588 Y85.762 E13.0593
G1 X142.313 Y83.674 E13.18956
G1 X142.691 Y83.191 E13.21906
G1 X142.497 Y83.553 E13.23881
G1 X142.346 Y84.068 E13.26462
G1 X142.3 Y84.603 E13.29045
G1 X142.361 Y85.137 E13.3163
G1 X142.526 Y85.648 E13.34213
G1 X142.79 Y86.116 E13.36797
G1 X143.141 Y86.522 E13.39378
G1 X143.566 Y86.851 E13.41963
G1 X144.047 Y87.089 E13.44544
G1 X144.457 Y87.208 E13.46597
G1 X144.967 Y87.261 E13.49063
G1 X145.502 Y87.214 E13.51646
G1 X146.015 Y87.054 E13.54231
;WIDTH:0.435578
G1 X146.48 Y86.789 E13.56709
;WIDTH:0.428081
G1 X146.912 Y86.448 E13.59206
;WIDTH:0.475349
G1 X147.024 Y86.345 E13.59986
;WIDTH:0.522617
G1 X147.135 Y86.242 E13.60851
;WIDTH:0.569885
G1 X147.247 Y86.139 E13.6181
;WIDTH:0.617153
G1 X147.315 Y86.077 E13.62444
G1 E11.62444 F2400
G92 E0
G1 X147.315 Y86.077 F7800
G1 X146.923 Y82.66
G1 E2 F2400
;WIDTH:0.512262
G1 F900
G1 X146.822 Y82.553 E2.00822
;WIDTH:0.500528
G1 X146.389 Y82.226 E2.03774
;WIDTH:0.546003
G1 X146.15 Y82.09 E2.05426
;WIDTH:0.591479
G1 X145.911 Y81.953 E2.07237
G1 X146.121 Y81.953 E2.08618
;WIDTH:0.543608
G1 X146.867 Y82.018 E2.13094
;WIDTH:0.500528
G1 X147.174 Y82.299 E2.15358
;WIDTH:0.517383
G1 X147.568 Y82.691 E2.18498
G1 X147.768 Y82.857 E2.19967
;WIDTH:0.483691
G1 X147.969 Y83.024 E2.21334
;WIDTH:0.45
G1 X148.502 Y83.527 E2.24859
G1 X148.385 Y83.805 E2.2631
G1 X148.005 Y84.711 E2.31035
;WIDTH:0.498979
G1 X147.939 Y84.805 E2.31658
;WIDTH:0.547959
G1 X147.873 Y84.899 E2.32351
;WIDTH:0.596939
G1 X147.807 Y84.992 E2.33108
;WIDTH:0.645919
G1 X147.742 Y85.086 E2.33937
G1 X147.729 Y84.932 E2.35058
;WIDTH:0.596939
G1 X147.716 Y84.777 E2.36091
;WIDTH:0.547959
G1 X147.704 Y84.623 E2.37023
;WIDTH:0.498979
G1 X147.691 Y84.468 E2.37866
;WIDTH:0.45
G1 X147.619 Y83.937 E2.40443
G1 X147.442 Y83.43 E2.43026
;WIDTH:0.481131
G1 X147.317 Y83.188 E2.44442
;WIDTH:0.512262
G1 X147.193 Y82.947 E2.45956
G1 X146.964 Y82.704 E2.47821
G1 X146.964 Y82.704 F7800
G1 X146.605 Y82.912
;WIDTH:0.45
G1 F900
G1 X146.651 Y82.95 E2.48108
G1 X146.938 Y83.31 E2.50322
G1 X147.148 Y83.72 E2.52538
G1 X147.273 Y84.163 E2.54752
G1 X147.309 Y84.608 E2.56899
G1 X147.273 Y84.967 E2.58634
G1 X147.148 Y85.409 E2.60843
G1 X146.938 Y85.819 E2.63059
G1 X146.651 Y86.179 E2.65273
G1 X146.299 Y86.475 E2.67485
G1 X145.894 Y86.695 E2.69702
G1 X145.454 Y86.831 E2.71917
G1 X144.996 Y86.877 E2.74131
G1 X144.552 Y86.835 E2.76276
G1 X144.205 Y86.737 E2.7801
G1 X143.791 Y86.538 E2.80219
G1 X143.51 Y86.336 E2.81883
G1 X143.155 Y85.967 E2.84346
G1 X142.889 Y85.516 E2.86864
G1 X142.742 Y85.079 E2.89082
G1 X142.685 Y84.622 E2.91297
G1 X142.719 Y84.163 E2.93511
G1 X142.844 Y83.72 E2.95725
G1 X143.054 Y83.31 E2.97941
G1 X143.341 Y82.951 E3.00152
G1 X143.694 Y82.655 E3.02368
G1 X144.098 Y82.434 E3.04583
G1 X144.538 Y82.299 E3.06797
G1 X144.996 Y82.253 E3.09011
G1 X145.454 Y82.299 E3.11225
G1 X145.894 Y82.434 E3.13439
G1 X146.378 Y82.718 E3.16138
G1 X146.56 Y82.873 E3.17288
G1 X146.56 Y82.873 F7800
G1 X146.356 Y83.198
;TYPE:External perimeter
G1 F900
G1 X146.6 Y83.495 E3.19137
G1 X146.829 Y83.992 E3.21769
G1 X146.889 Y84.202 E3.22819
G1 X146.924 Y84.579 E3.2464
G1 X146.899 Y84.871 E3.2605
G1 X146.801 Y85.242 E3.27896
G1 X146.631 Y85.586 E3.29742
G1 X146.396 Y85.89 E3.3159
G1 X146.106 Y86.141 E3.33435
G1 X145.771 Y86.33 E3.35285
G1 X145.406 Y86.448 E3.3713
G1 X145.025 Y86.492 E3.38975
G1 X144.648 Y86.461 E3.40794
G1 X144.364 Y86.386 E3.42207
G1 X144.016 Y86.224 E3.44053
G1 X143.735 Y86.023 E3.45715
G1 X143.448 Y85.713 E3.47747
G1 X143.251 Y85.384 E3.49591
G1 X143.123 Y85.022 E3.51438
G1 X143.07 Y84.642 E3.53283
G1 X143.093 Y84.259 E3.55128
G1 X143.191 Y83.887 E3.56978
G1 X143.361 Y83.543 E3.58824
G1 X143.596 Y83.24 E3.60668
G1 X143.887 Y82.989 E3.62516
G1 X144.221 Y82.8 E3.64362
G1 X144.586 Y82.681 E3.66208
G1 X144.967 Y82.637 E3.68053
G1 X145.35 Y82.67 E3.69902
G1 X145.718 Y82.777 E3.71745
G1 X146.137 Y83.019 E3.74072
G1 X146.309 Y83.16 E3.75142
G1 X146.569 Y83.465 F7800
G1 E1.75142 F2400
G92 E0
G1 X147.742 Y85.086 F7800
G1 E2 F2400
;TYPE:Perimeter
;WIDTH:0.645919
G1 F3600
G1 X147.649 Y85.346 E2.02003
;WIDTH:0.615416
G1 X147.557 Y85.606 E2.03899
;WIDTH:0.617153
G1 X147.359 Y86.036 E2.07163
G1 E.07163 F2400
G92 E0
G1 X147.359 Y86.036 F7800
G1 X144.893 Y81.816
G1 E2 F2400
;WIDTH:0.552623
G1 F3600
G1 X145.412 Y81.861 E2.03172
;WIDTH:0.55749
G1 X145.661 Y81.907 E2.04729
;WIDTH:0.591479
G1 X145.911 Y81.953 E2.064
G1 E.064 F2400
G92 E0
G1 X145.911 Y81.953 F7800
G1 X112.09 Y136.01
G1 E2 F2400
;WIDTH:0.442633
G1 F900
G1 X112.094 Y136.41 E2.01887
;WIDTH:0.435979
G1 X112.094 Y136.945 E2.04367
G1 X112.025 Y137.104 E2.0517
;WIDTH:0.460414
G1 X111.82 Y137.38 E2.06868
;WIDTH:0.4858
G1 X111.616 Y137.655 E2.08668
;WIDTH:0.527439
G1 X111.45 Y137.862 E2.102
;WIDTH:0.569079
G1 X111.283 Y138.069 E2.11874
;WIDTH:0.610719
G1 X111.116 Y138.276 E2.13686
G1 X110.753 Y138.299 E2.16165
;WIDTH:0.565223
G1 X110.493 Y138.317 E2.17793
;WIDTH:0.528789
G1 X110.233 Y138.335 E2.19303
;WIDTH:0.492355
G1 X109.719 Y138.345 E2.22047
;WIDTH:0.511136
G1 X109.041 Y138.326 E2.25826
G1 X108.167 Y137.317 E2.33264
;WIDTH:0.502287
G1 X108.395 Y137.517 E2.34921
;WIDTH:0.511136
G1 X108.807 Y137.755 E2.37572
G1 X109.206 Y137.887 E2.39914
G1 X109.734 Y137.938 E2.4287
;WIDTH:0.496753
G1 X110.254 Y137.904 E2.4568
;WIDTH:0.534741
G1 X110.45 Y137.857 E2.46862
;WIDTH:0.57273
G1 X110.647 Y137.809 E2.48148
;WIDTH:0.610719
G1 X110.843 Y137.762 E2.49521
G1 X110.968 Y137.669 E2.50583
;WIDTH:0.574373
G1 X111.093 Y137.576 E2.51574
;WIDTH:0.538027
G1 X111.355 Y137.301 E2.53818
;WIDTH:0.490803
G1 X111.617 Y137.025 E2.55842
;WIDTH:0.44358
G1 X111.903 Y136.568 E2.58392
;WIDTH:0.442633
G1 X112.071 Y136.066 E2.60889
G1 E.60889 F2400
G92 E0
G1 X112.071 Y136.066 F7800
G1 X110.111 Y133.624
G1 E2 F2400
;WIDTH:0.45
G1 F900
G1 X110.172 Y133.63 E2.00295
G1 X110.547 Y133.748 E2.02186
G1 X110.892 Y133.938 E2.0408
G1 X111.193 Y134.192 E2.05974
G1 X111.437 Y134.501 E2.07868
G1 X111.615 Y134.852 E2.09761
G1 X111.72 Y135.231 E2.11653
G1 X111.748 Y135.624 E2.13548
G1 X111.697 Y136.014 E2.1544
G1 X111.57 Y136.387 E2.17335
G1 X111.343 Y136.758 E2.19427
G1 X110.879 Y137.204 E2.22522
G1 X110.532 Y137.391 E2.24418
G1 X110.156 Y137.505 E2.26308
G1 X109.764 Y137.543 E2.28202
G1 X109.318 Y137.487 E2.30364
G1 X108.997 Y137.384 E2.31985
G1 X108.652 Y137.195 E2.33877
G1 X108.351 Y136.94 E2.35774
G1 X108.107 Y136.632 E2.37664
G1 X107.929 Y136.281 E2.39557
;WIDTH:0.449868
G1 X107.827 Y135.901 E2.41449
;WIDTH:0.443507
G1 X107.827 Y135.231 E2.44617
;WIDTH:0.45
G1 X107.974 Y134.746 E2.47054
G1 X108.169 Y134.409 E2.48927
G1 X108.444 Y134.109 E2.50884
G1 X108.865 Y133.815 E2.53354
G1 X109.276 Y133.653 E2.55479
G1 X109.779 Y133.589 E2.57918
G1 X110.052 Y133.618 E2.59238
G1 X110.052 Y133.618 F7800
G1 X110.067 Y134.002
;TYPE:External perimeter
G1 F900
G1 X110.372 Y134.091 E2.60766
G1 X110.652 Y134.239 E2.62289
G1 X110.897 Y134.44 E2.63813
G1 X111.098 Y134.685 E2.65337
G1 X111.247 Y134.965 E2.66863
G1 X111.336 Y135.27 E2.68391
G1 X111.364 Y135.585 E2.69912
G1 X111.329 Y135.9 E2.71436
G1 X111.232 Y136.202 E2.72962
G1 X111.067 Y136.489 E2.74554
G1 X110.686 Y136.87 E2.77146
G1 X110.409 Y137.025 E2.78673
G1 X110.108 Y137.123 E2.80196
G1 X109.793 Y137.158 E2.8172
G1 X109.423 Y137.116 E2.83511
G1 X109.172 Y137.041 E2.84771
G1 X108.892 Y136.893 E2.86294
G1 X108.647 Y136.693 E2.87815
G1 X108.446 Y136.447 E2.89343
G1 X108.297 Y136.167 E2.90869
G1 X108.208 Y135.863 E2.92393
G1 X108.18 Y135.547 E2.93919
G1 X108.215 Y135.232 E2.95443
G1 X108.312 Y134.93 E2.96969
G1 X108.466 Y134.655 E2.98485
G1 X108.665 Y134.426 E2.99944
G1 X109.086 Y134.132 E3.02414
G1 X109.436 Y134.01 E3.04197
G1 X109.752 Y133.974 E3.05727
G1 X110.008 Y133.996 E3.06963
G1 X110.39 Y134.113 F7800
G1 E1.06963 F2400
G92 E0
G1 X112.095 Y135.194 F7800
G1 E2 F2400
;TYPE:Perimeter
;WIDTH:0.432941
G1 F3600
G1 X112.095 Y135.939 E2.03425
;WIDTH:0.442633
G1 X112.09 Y136.01 E2.03761
G1 E.03761 F2400
G92 E0
G1 X112.09 Y136.01 F7800
G1 X75.708 Y118.068
G1 E2 F2400
;WIDTH:0.521655
G1 F900
G1 X75.529 Y118.315 E2.0174
G1 X75.016 Y119.121 E2.07189
G1 X74.618 Y119.045 E2.095
;WIDTH:0.571154
G1 X74.29 Y118.958 E2.11645
;WIDTH:0.620652
G1 X73.961 Y118.87 E2.14008
G1 X74.182 Y118.822 E2.15577
;WIDTH:0.571154
G1 X74.403 Y118.775 E2.17005
;WIDTH:0.521655
G1 X74.885 Y118.634 E2.19869
G1 X75.33 Y118.399 E2.22739
G1 X75.663 Y118.108 E2.25261
G1 E.25261 F2400
G92 E0
G1 X75.663 Y118.108 F7800
G1 X73.098 Y118.716
G1 E2 F2400
;WIDTH:0.600423
G1 F900
G1 X72.991 Y118.719 E2.00716
;WIDTH:0.553892
G1 X72.884 Y118.722 E2.0137
;WIDTH:0.507362
G1 X72.622 Y118.694 E2.02826
;WIDTH:0.465185
G1 X72.361 Y118.666 E2.04138
;WIDTH:0.423008
G1 X72.072 Y118.329 E2.06124
;WIDTH:0.376747
G1 X71.72 Y117.892 E2.0831
;WIDTH:0.397454
G1 X71.337 Y117.362 E2.11026
G1 X71.496 Y116.361 E2.15237
G1 X71.502 Y116.619 E2.16309
G1 X71.633 Y117.163 E2.18634
G1 X71.867 Y117.594 E2.20671
;WIDTH:0.369348
G1 X72.248 Y118.069 E2.22987
;WIDTH:0.396178
G1 X72.462 Y118.246 E2.24136
;WIDTH:0.423008
G1 X72.675 Y118.422 E2.25372
;WIDTH:0.467361
G1 X72.781 Y118.496 E2.26022
;WIDTH:0.511715
G1 X72.887 Y118.569 E2.2674
;WIDTH:0.556069
G1 X72.992 Y118.642 E2.27524
;WIDTH:0.600423
G1 X73.049 Y118.682 E2.2799
G1 E.2799 F2400
G92 E0
G1 X73.049 Y118.682 F7800
G1 X72.692 Y114.177
G1 E2 F2400
;WIDTH:0.389289
G1 F900
G1 X72.579 Y114.242 E2.00528
G1 X72.2 Y114.552 E2.02512
G1 X71.889 Y114.931 E2.04499
G1 X71.643 Y115.413 E2.06692
G1 X71.791 Y114.477 E2.10532
G1 X72.635 Y114.196 E2.14137
G1 E.14137 F2400
G92 E0
G1 X72.635 Y114.196 F7800
G1 X75.996 Y115.873
G1 E2 F2400
;WIDTH:0.45
G1 F900
G1 X76.012 Y115.932 E2.00294
G1 X76.037 Y116.392 E2.0251
G1 X75.944 Y116.916 E2.0507
G1 X75.704 Y117.439 E2.07838
G1 X75.442 Y117.766 E2.09853
G1 X75.12 Y118.035 E2.11871
G1 X74.7 Y118.251 E2.14143
G1 X74.35 Y118.357 E2.15902
G1 X73.933 Y118.397 E2.17917
G1 X73.516 Y118.355 E2.19933
G1 X73.223 Y118.272 E2.21398
G1 X72.748 Y118.029 E2.23964
G1 X72.428 Y117.759 E2.25978
G1 X72.167 Y117.43 E2.27998
G1 X71.977 Y117.057 E2.30011
G1 X71.861 Y116.61 E2.32232
;WIDTH:0.49594
G1 X71.834 Y116.433 E2.33196
;WIDTH:0.541881
G1 X71.807 Y116.257 E2.34256
;WIDTH:0.587822
G1 X71.779 Y116.08 E2.35426
;WIDTH:0.599699
G1 X71.868 Y115.608 E2.38633
G1 X71.906 Y115.578 E2.38956
;WIDTH:0.549799
G1 X71.943 Y115.548 E2.39244
;WIDTH:0.499899
G1 X71.98 Y115.518 E2.39503
;WIDTH:0.45
G1 X72.173 Y115.146 E2.41519
G1 X72.435 Y114.819 E2.43534
;WIDTH:0.493763
G1 X72.619 Y114.66 E2.44836
;WIDTH:0.537527
G1 X72.803 Y114.5 E2.46275
;WIDTH:0.581291
G1 X72.987 Y114.341 E2.47843
;WIDTH:0.594025
G1 X73.517 Y114.156 E2.51551
G1 X73.76 Y114.174 E2.53161
;WIDTH:0.546016
G1 X74.004 Y114.192 E2.54631
;WIDTH:0.498008
G1 X74.247 Y114.21 E2.55949
;WIDTH:0.45
G1 X74.761 Y114.355 E2.58518
G1 X75.128 Y114.556 E2.60531
G1 X75.449 Y114.826 E2.62548
G1 X75.709 Y115.154 E2.64561
G1 X75.9 Y115.528 E2.66581
G1 X75.98 Y115.815 E2.68014
G1 X75.98 Y115.815 F7800
G1 X75.628 Y115.97
;TYPE:External perimeter
G1 F900
G1 X75.657 Y116.325 E2.69727
G1 X75.565 Y116.849 E2.72286
G1 X75.351 Y117.266 E2.7454
G1 X75.186 Y117.477 E2.75828
G1 X74.927 Y117.701 E2.77475
G1 X74.577 Y117.886 E2.79379
G1 X74.302 Y117.974 E2.80768
G1 X73.962 Y118.013 E2.82414
G1 X73.62 Y117.983 E2.84065
G1 X73.327 Y117.901 E2.85528
G1 X72.988 Y117.727 E2.87361
G1 X72.723 Y117.511 E2.89005
G1 X72.506 Y117.246 E2.90652
G1 X72.345 Y116.943 E2.92302
G1 X72.247 Y116.6 E2.94018
G1 X72.234 Y116.067 E2.96582
G1 X72.328 Y115.686 E2.98469
G1 X72.48 Y115.379 E3.00117
G1 X72.69 Y115.108 E3.01766
G1 X72.949 Y114.884 E3.03413
G1 X73.248 Y114.716 E3.05063
G1 X73.574 Y114.611 E3.0671
G1 X73.914 Y114.572 E3.08356
G1 X74.256 Y114.601 E3.10007
G1 X74.585 Y114.698 E3.11657
G1 X74.888 Y114.857 E3.13303
G1 X75.153 Y115.074 E3.1495
G1 X75.371 Y115.339 E3.166
G1 X75.531 Y115.642 E3.18248
G1 X75.611 Y115.913 E3.19607
G1 X75.644 Y116.311 F7800
G1 E1.19607 F2400
G92 E0
G1 X73.961 Y118.87 F7800
G1 E2 F2400
;TYPE:Perimeter
;WIDTH:0.620652
G1 F3600
G1 X73.395 Y118.786 E2.0397
;WIDTH:0.600423
G1 X73.098 Y118.716 E2.0601
G1 E.0601 F2400
G92 E0
G1 X73.098 Y118.716 F7800
G1 X88.128 Y116.505
G1 E2 F2400
;WIDTH:0.45
G1 F3600
G1 X88.042 Y116.484 E2.00426
G1 X78.85 Y116.484 E2.44636
G1 X78.559 Y116.563 E2.46086
G1 X76.43 Y117.804 E2.57938
G1 X76.234 Y117.993 E2.59248
G1 X75.218 Y119.589 E2.68348
G1 X72.152 Y119.005 E2.8336
G1 X70.957 Y117.458 E2.92762
G1 X71.101 Y116.559 E2.97141
;WIDTH:0.496908
G1 X71.152 Y116.385 E2.98119
;WIDTH:0.543816
G1 X71.203 Y116.211 E2.99203
;WIDTH:0.590724
G1 X71.255 Y116.037 E3.00395
;WIDTH:0.599699
G1 X71.345 Y115.5 E3.0403
G1 X71.33 Y115.435 E3.04475
;WIDTH:0.549799
G1 X71.315 Y115.37 E3.04879
;WIDTH:0.499899
G1 X71.3 Y115.306 E3.05236
;WIDTH:0.45
G1 X71.474 Y114.209 E3.10578
G1 X72.456 Y113.881 E3.15558
;WIDTH:0.493763
G1 X72.559 Y113.87 E3.16113
;WIDTH:0.537527
G1 X72.662 Y113.859 E3.16724
;WIDTH:0.581291
G1 X72.765 Y113.847 E3.17393
;WIDTH:0.585168
G1 X73.227 Y113.696 E3.2055
G1 X73.375 Y113.628 E3.21608
;WIDTH:0.551404
G1 X73.524 Y113.561 E3.226
;WIDTH:0.51764
G1 X73.672 Y113.494 E3.23518
;WIDTH:0.483877
G1 X74.237 Y113.288 E3.26665
;WIDTH:0.45
G1 X83.528 Y112.117 E3.71705
G1 X83.761 Y112.034 E3.72895
G1 X86.279 Y110.466 E3.87162
G1 X86.372 Y110.394 E3.87728
G1 X86.503 Y110.209 E3.88818
G1 X86.552 Y109.975 E3.89968
G1 X86.552 Y87.483 E4.98147
G1 X88.418 Y85.727 E5.10471
G1 X139.845 Y85.727 E7.57817
G1 X140.085 Y85.675 E7.58998
G1 X140.291 Y85.517 E7.60247
G1 X142.771 Y82.515 E7.78975
G1 X144.111 Y81.286 E7.8772
G1 X147.05 Y81.625 E8.01949
G1 X148.96 Y83.43 E8.14589
G1 X148.74 Y83.954 E8.17322
G1 X147.485 Y86.949 E8.3294
G1 X140.827 Y91.532 E8.71816
G1 X140.713 Y91.703 E8.72804
G1 X140.665 Y91.934 E8.73939
G1 X140.665 Y126.469 E10.4004
G1 X114.357 Y126.469 E11.66572
G1 X114.115 Y126.522 E11.67764
G1 X113.893 Y126.701 E11.69136
G1 X112.548 Y128.511 E11.79982
G1 X112.472 Y128.796 E11.81401
G1 X112.472 Y137.119 E12.21432
G1 X111.362 Y138.742 E12.30889
G1 X108.847 Y138.742 E12.42985
G1 X107.452 Y137.085 E12.53403
G1 X107.451 Y136.074 E12.58266
;WIDTH:0.448026
G1 X107.442 Y135.491 E12.61056
;WIDTH:0.45
G1 X107.452 Y128.796 E12.93257
G1 X107.42 Y128.496 E12.94708
G1 X107.283 Y128.277 E12.9595
G1 X106.258 Y127.252 E13.02922
G1 X105.613 Y126.646 E13.07179
G1 X105.348 Y126.582 E13.0849
G1 X88.621 Y126.582 E13.88941
G1 X88.621 Y117.062 E14.34729
G1 X88.524 Y116.742 E14.36337
G1 X88.311 Y116.55 E14.37716
G1 X88.187 Y116.519 E14.38331
G1 X88.187 Y116.519 F7800
G1 X88.042 Y116.869
;TYPE:External perimeter
G1 F1800
G1 X78.85 Y116.869 E14.82541
G1 X78.753 Y116.896 E14.83025
G1 X77.054 Y117.887 E14.92485
G1 X76.559 Y118.2 E14.95302
G1 X75.403 Y120.017 E15.0566
G1 X71.937 Y119.356 E15.22631
G1 X70.55 Y117.562 E15.33538
G1 X71.13 Y113.917 E15.5129
G1 X74.152 Y112.91 E15.6661
G1 X83.479 Y111.735 E16.11824
G1 X83.557 Y111.707 E16.12223
G1 X86.106 Y110.115 E16.26677
G1 X86.166 Y109.975 E16.2741
G1 X86.166 Y87.316 E17.36392
G1 X88.265 Y85.341 E17.50254
G1 X139.845 Y85.341 E19.98336
G1 X139.993 Y85.271 E19.99123
G1 X142.49 Y82.248 E20.17981
G1 X143.98 Y80.883 E20.277
G1 X147.221 Y81.257 E20.43392
G1 X149.419 Y83.333 E20.57934
G1 X149.096 Y84.104 E20.61955
G1 X147.797 Y87.202 E20.78112
G1 X141.104 Y91.8 E21.17167
G1 X141.05 Y91.934 E21.17862
G1 X141.05 Y126.855 E22.8582
G1 X114.342 Y126.855 E24.14276
G1 X114.202 Y126.932 E24.15044
G1 X112.896 Y128.681 E24.25543
G1 X112.858 Y128.796 E24.26126
G1 X112.858 Y137.238 E24.66729
G1 X111.565 Y139.128 E24.77743
G1 X108.668 Y139.128 E24.91677
G1 X107.067 Y137.226 E25.03634
G1 X107.067 Y128.686 E25.44708
G1 X107.01 Y128.55 E25.45417
G1 X105.485 Y127.024 E25.55793
G1 X105.348 Y126.968 E25.56505
G1 X88.235 Y126.968 E26.38813
G1 X88.235 Y117.062 E26.86457
G1 X88.191 Y116.939 E26.87085
G1 X88.097 Y116.895 E26.87584
G1 X87.697 Y116.873 F7800
G1 E24.87584 F2400
G92 E0
G1 X142.691 Y83.191 F7800
G1 E2 F2400
;TYPE:Perimeter
;WIDTH:0.417901
G1 F3600
G1 X143.004 Y82.79 E2.02243
;WIDTH:0.414463
G1 X143.51 Y82.336 E2.05211
G1 E.05211 F2400
G92 E0
G1 X143.51 Y82.336 F7800
G1 X108.167 Y137.317
G1 E2 F2400
;WIDTH:0.474337
G1 F3600
G1 X107.844 Y136.942 E2.02531
G1 E.02531 F2400
G92 E0
G1 X107.844 Y136.942 F7800
G1 X76.006 Y117.668
G1 E2 F2400
;WIDTH:0.461005
G1 F3600
G1 X75.775 Y117.986 E2.01944
G1 E.01944 F2400
G92 E0
G1 X75.775 Y117.986 F7800
G1 X76.063 Y113.738
G1 E2 F2400
;TYPE:Internal infill
;WIDTH:0.45
G1 F4800
G1 X75.904 Y114.331 E2.02953
G1 X75.509 Y114.002 E2.05425
G1 X76.879 Y113.635 E2.12247
G1 X76.83 Y113.641 E2.12484
G1 X79.007 Y115.818 E2.27292
G1 X78.487 Y115.863 E2.29802
G1 X79.161 Y113.347 E2.4233
G1 X78.646 Y113.412 E2.44827
G1 X81.05 Y115.816 E2.61179
G1 E.61179 F2400
G92 E0
G1 X81.05 Y115.816 F7800
G1 X78.455 Y113.436
G1 E2 F2400
G1 F4800
G1 X77.612 Y113.543 E2.04087
G1 X76.725 Y116.851 E2.20559
G1 X76.622 Y116.911 E2.21132
G1 X76.666 Y116.686 E2.22235
G1 X77.301 Y116.516 E2.25397
G1 X77.528 Y116.384 E2.2666
G1 X76.575 Y115.431 E2.33142
G1 X76.508 Y115.231 E2.34156
G1 X139.997 Y98.22 E5.50287
G1 X139.997 Y98.62 E5.52211
G1 X132.715 Y125.794 E6.8752
G1 E4.8752 F2400
G92 E0
G1 X132.715 Y125.794 F7800
G1 X130.077 Y125.794
G1 E2 F2400
G1 F4800
G1 X131.218 Y125.794 E2.05488
G1 X139.998 Y93.028 E3.68641
G1 X139.998 Y92.962 E3.68958
G1 X133.438 Y86.402 E4.13578
G1 X133.438 Y86.402 F7800
G1 X132.791 Y86.402
G1 F4800
G1 X122.236 Y125.794 E6.09723
G1 X123.54 Y125.794 E6.15995
G1 X123.54 Y125.794 F7800
G1 X121.704 Y125.794
G1 F4800
G1 X87.227 Y91.317 E8.50504
G1 X87.227 Y91.4 E8.50903
G1 X105.882 Y86.402 E9.43792
G1 X95.232 Y125.907 E11.40581
G1 X89.293 Y119.969 E11.80974
G1 X89.293 Y120.232 E11.82239
G1 X98.358 Y86.402 E13.5069
G1 X98.672 Y86.402 E13.522
G1 X138.064 Y125.794 E16.2014
G1 X138.064 Y125.794 F7800
G1 X138.704 Y125.794
G1 F4800
G1 X139.991 Y120.99 E16.4406
G1 X139.991 Y120.677 E16.45565
G1 X120.895 Y125.794 E17.4065
G1 X120.739 Y125.794 E17.414
G1 X131.294 Y86.402 E19.37545
G1 X131.393 Y86.402 E19.38021
G1 X139.998 Y95.006 E19.96548
G1 X139.998 Y95.225 E19.97601
G1 X87.227 Y109.365 E22.60365
G1 X87.227 Y109.723 E22.62087
G1 X103.412 Y125.907 E23.72172
G1 X103.711 Y125.907 E23.7361
G1 X139.992 Y116.186 E25.54264
G1 E23.54264 F2400
G92 E0
G1 X139.992 Y116.186 F7800
G1 X139.993 Y113.6
G1 E2 F2400
G1 F4800
G1 X139.993 Y114.689 E2.05238
G1 X98.124 Y125.907 E4.13716
G1 X98.252 Y125.907 E4.14332
G1 X108.838 Y86.402 E6.11041
G1 X108.897 Y86.402 E6.11325
G1 X139.992 Y117.496 E8.22826
G1 X139.992 Y117.683 E8.23725
G1 X106.593 Y126.632 E9.90029
G1 X106.946 Y126.986 E9.92433
G1 X117.82 Y86.402 E11.94513
G1 X118.93 Y86.402 E11.99852
G1 E9.99852 F2400
G92 E0
G1 X118.93 Y86.402 F7800
G1 X116.323 Y86.402
G1 E2 F2400
G1 F4800
G1 X105.721 Y125.969 E3.97017
G1 X105.472 Y125.923 E3.98235
G1 X87.227 Y107.677 E5.22339
G1 X87.227 Y107.868 E5.23258
G1 X139.998 Y93.728 E7.86022
G1 E5.86022 F2400
G92 E0
G1 X139.998 Y93.728 F7800
G1 X140.576 Y90.872
G1 E2 F2400
G1 F4800
G1 X142.087 Y85.231 E2.28088
G1 X142.219 Y85.648 E2.30192
G1 X140.713 Y86.051 E2.3769
G1 X140.966 Y85.75 E2.39581
G1 X143.85 Y88.634 E2.59198
G1 X142.795 Y89.355 E2.65344
G1 X142.795 Y89.355 F7800
G1 X144.241 Y88.367
G1 F4800
G1 X144.474 Y87.498 E2.69671
G1 X144.8 Y87.539 E2.71251
G1 X145.065 Y87.804 E2.73053
G1 X144.884 Y87.928 E2.74108
G1 X87.227 Y103.377 E5.61201
G1 X87.227 Y103.587 E5.62211
G1 X111.917 Y128.278 E7.30153
G1 X111.968 Y128.186 E7.30659
G1 X108.127 Y129.215 E7.49784
G1 X108.127 Y130.43 E7.55628
G1 X108.127 Y130.43 F7800
G1 X108.127 Y130.905
G1 F4800
G1 X108.127 Y132.21 E7.61905
G1 X111.798 Y131.226 E7.80185
G1 X111.228 Y133.354 E7.90781
G1 X111.798 Y133.828 E7.94347
G1 X111.798 Y132.723 E7.99662
G1 X110.536 Y133.032 E8.05911
G1 X108.127 Y130.623 E8.22297
G1 X108.127 Y130.712 E8.22725
G1 X111.798 Y129.729 E8.41003
G1 X111.798 Y130.203 E8.43283
G1 X87.227 Y105.632 E10.10412
G1 X92.37 Y86.402 E11.06152
G1 X92.537 Y86.402 E11.06955
G1 X131.929 Y125.794 E13.74895
G1 X139.99 Y123.672 E14.14986
G1 X102.762 Y86.402 E16.68349
G1 X102.849 Y86.402 E16.68767
G1 X92.264 Y125.907 E18.65475
G1 X92.537 Y125.907 E18.66788
G1 X139.993 Y113.192 E21.03086
G1 X139.993 Y113.407 E21.0412
G1 X112.987 Y86.402 E22.87808
G1 X113.329 Y86.402 E22.89453
G1 X102.743 Y125.907 E24.86162
G1 X101.559 Y125.907 E24.91857
G1 E22.91857 F2400
G92 E0
G1 X101.559 Y125.907 F7800
G1 X104.241 Y125.907
G1 E2 F2400
G1 F4800
G1 X114.826 Y86.402 E3.96708
G1 X115.032 Y86.402 E3.97699
G1 X139.993 Y111.363 E5.67481
G1 X139.993 Y111.694 E5.69073
G1 X89.295 Y125.279 E8.21515
G1 X89.295 Y125.279 F7800
G1 X90.574 Y125.907
G1 F4800
G1 X89.295 Y125.907 E8.27667
G1 X89.295 Y125.811 E8.28129
G1 X99.855 Y86.402 E10.2436
G1 E8.2436 F2400
G92 E0
G1 X99.855 Y86.402 F7800
G1 X104.807 Y86.402
G1 E2 F2400
G1 F4800
G1 X139.991 Y121.585 E4.39314
G1 X139.991 Y121.585 F7800
G1 X139.991 Y122.175
G1 F4800
G1 X126.482 Y125.794 E5.06579
G1 X126.727 Y125.794 E5.07757
G1 X137.282 Y86.402 E7.03902
G1 X137.528 Y86.402 E7.05085
G1 X141.421 Y90.294 E7.31561
G1 X141.28 Y90.39 E7.32381
G1 X87.227 Y104.874 E10.01529
G1 E8.01529 F2400
G92 E0
G1 X87.227 Y107.485 F7800
G1 E2 F2400
G1 F4800
G1 X87.227 Y106.371 E2.05358
G1 X139.998 Y92.231 E4.68122
G1 X139.998 Y91.78 E4.70291
G1 X140.092 Y91.436 E4.72006
G1 X140.254 Y91.172 E4.73496
G1 X135.483 Y86.402 E5.05944
G1 X135.785 Y86.402 E5.07397
G1 X125.23 Y125.794 E7.03542
G1 X125.794 Y125.794 E7.06255
G1 X87.509 Y87.509 E9.66665
G1 X87.606 Y87.417 E9.67308
G1 X87.227 Y88.834 E9.74363
G1 X87.227 Y89.272 E9.7647
G1 X123.749 Y125.794 E12.24888
G1 X134.288 Y86.402 E14.21014
G1 X133.818 Y86.402 E14.23275
G1 X87.227 Y98.886 E16.55267
G1 X87.227 Y98.886 F7800
G1 X87.227 Y99.497
G1 F4800
G1 X113.709 Y125.979 E18.35394
G1 X114.066 Y125.828 E18.37258
G1 X114.75 Y125.794 E18.40552
G1 X125.306 Y86.402 E20.36699
G1 X125.258 Y86.402 E20.3693
G1 X139.996 Y101.14 E21.37176
G1 X139.996 Y101.214 E21.37532
G1 X85.518 Y115.811 E24.08795
G1 X85.136 Y115.812 E24.10632
G1 X82.26 Y112.957 E24.30123
G1 X81.494 Y115.815 E24.44354
G1 X82.799 Y115.814 E24.50631
G1 X83.286 Y115.814 F7800
G1 F4800
G1 X84.489 Y115.812 E24.56417
G1 X85.594 Y111.688 E24.76952
G1 X85.291 Y111.877 E24.7867
G1 X99.322 Y125.907 E25.74104
G1 X99.749 Y125.907 E25.76158
G1 X110.335 Y86.402 E27.72867
G1 X110.335 Y86.402 F7800
G1 X110.942 Y86.402
G1 F4800
G1 X139.992 Y115.452 E29.70462
G1 X139.992 Y115.398 E29.70722
G1 X137.207 Y125.794 E30.22486
G1 X137.657 Y125.794 E30.2465
G1 X139.99 Y125.169 E30.36267
G1 X139.99 Y125.674 E30.38696
G1 X100.717 Y86.402 E33.05823
G1 X100.295 Y86.402 E33.07853
G1 X87.227 Y89.903 E33.72922
G1 X87.227 Y91.124 E33.78795
G1 X87.227 Y91.124 F7800
G1 X87.227 Y91.593
G1 F4800
G1 X87.227 Y92.897 E33.85067
G1 X111.469 Y86.402 E35.05775
G1 X111.832 Y86.402 E35.07521
G1 X101.246 Y125.907 E37.0423
G1 X101.367 Y125.907 E37.04812
G1 X86.551 Y111.092 E38.05585
G1 X86.676 Y111.01 E38.06304
G1 X139.997 Y96.722 E40.71807
G1 X139.997 Y97.051 E40.73389
G1 X129.348 Y86.402 E41.45822
G1 X129.797 Y86.402 E41.47982
G1 X119.242 Y125.794 E43.44127
G1 X119.659 Y125.794 E43.46133
G1 X87.227 Y93.362 E45.66732
G1 E43.66732 F2400
G92 E0
G1 X87.227 Y88.406 F7800
G1 E2 F2400
G1 F4800
G1 X94.707 Y86.402 E2.37245
G1 X94.582 Y86.402 E2.37846
G1 X133.974 Y125.794 E5.05786
G1 X134.213 Y125.794 E5.06936
G1 X139.995 Y104.208 E6.14417
G1 X89.292 Y117.794 E8.66884
G1 X89.292 Y117.923 E8.67504
G1 X97.277 Y125.907 E9.21814
G1 X96.755 Y125.907 E9.24325
G1 X107.341 Y86.402 E11.21034
G1 X106.852 Y86.402 E11.23386
G1 X139.991 Y119.541 E13.48794
G1 X139.991 Y119.18 E13.5053
G1 X115.308 Y125.794 E14.73435
G1 X115.569 Y125.794 E14.7469
G1 X87.227 Y97.452 E16.67469
G1 X87.227 Y97.388 E16.67777
G1 X128.3 Y86.402 E18.72269
G1 X117.745 Y125.794 E20.68414
G1 X117.614 Y125.794 E20.69044
G1 X87.227 Y95.407 E22.75733
G1 X87.227 Y95.891 E22.78061
G1 X122.643 Y86.402 E24.54408
G1 X122.312 Y86.402 E24.56
G1 X109.848 Y132.918 E26.87618
G1 X109.3 Y132.958 E26.90261
G1 X108.813 Y133.096 E26.92696
G1 X108.813 Y133.096 F7800
G1 X108.127 Y132.668
G1 F4800
G1 X108.639 Y133.18 E26.96179
G1 X108.204 Y133.464 E26.98678
G1 X120.814 Y86.402 E29.33015
G1 X121.168 Y86.402 E29.34718
G1 X139.995 Y105.229 E30.62777
G1 E28.62777 F2400
G92 E0
G1 X139.994 Y110.197 F7800
G1 E2 F2400
G1 F4800
G1 X89.295 Y123.782 E4.52447
G1 X89.295 Y124.061 E4.53789
G1 X91.141 Y125.907 E4.66345
G1 X90.767 Y125.907 E4.68144
G1 X101.352 Y86.402 E6.64852
G1 X102.569 Y86.402 E6.70705
G1 X102.569 Y86.402 F7800
G1 X103.042 Y86.402
G1 F4800
G1 X104.347 Y86.402 E6.76982
G1 X93.761 Y125.907 E8.73691
G1 X95.039 Y125.907 E8.79838
G1 X95.039 Y125.907 F7800
G1 X93.186 Y125.907
G1 F4800
G1 X89.294 Y122.015 E9.06311
G1 X89.294 Y122.285 E9.0761
G1 X139.994 Y108.7 E11.60062
G1 X139.994 Y107.466 E11.65997
G1 X139.994 Y107.466 F7800
G1 X139.995 Y107.01
G1 F4800
G1 X139.995 Y105.706 E11.72269
G1 X89.293 Y119.291 E14.2473
G1 E12.2473 F2400
G92 E0
G1 X89.293 Y119.291 F7800
G1 X89.294 Y121.822
G1 E2 F2400
G1 F4800
G1 X89.294 Y120.788 E2.04973
G1 X139.995 Y107.203 E4.57429
G1 X139.994 Y107.274 E4.57771
G1 X119.122 Y86.402 E5.9974
G1 X119.317 Y86.402 E6.00678
G1 X108.077 Y128.35 E8.09551
G1 X108.117 Y128.568 E8.10617
G1 X111.798 Y132.248 E8.35651
G1 E6.35651 F2400
G92 E0
G1 X111.798 Y132.248 F7800
G1 X107.082 Y127.122
G1 E2 F2400
G1 F4800
G1 X107.772 Y127.813 E2.04697
G1 X113.333 Y126.323 E2.32387
G1 E.32387 F2400
G92 E0
G1 X113.333 Y126.323 F7800
G1 X116.248 Y125.794
G1 E2 F2400
G1 F4800
G1 X126.803 Y86.402 E3.96145
G1 X125.498 Y86.402 E4.02422
G1 X125.498 Y86.402 F7800
G1 X127.303 Y86.402
G1 F4800
G1 X139.997 Y99.095 E4.88762
G1 X139.997 Y99.095 F7800
G1 X139.996 Y99.717
G1 F4800
G1 X79.91 Y115.817 E7.8795
G1 X79.997 Y115.817 E7.88368
G1 X80.711 Y113.152 E8.01638
G1 X80.463 Y113.184 E8.02841
G1 X83.093 Y115.814 E8.2073
G1 X82.992 Y115.814 E8.21216
G1 X83.816 Y112.739 E8.36527
G1 X84.023 Y112.654 E8.37603
G1 X87.179 Y115.81 E8.5907
G1 X87.484 Y115.81 E8.60537
G1 X95.364 Y86.402 E10.06969
G1 X96.434 Y86.402 E10.12115
G1 E8.12115 F2400
G92 E0
G1 X96.434 Y86.402 F7800
G1 X93.867 Y86.402
G1 E2 F2400
G1 F4800
G1 X85.987 Y115.811 E3.46437
G1 E1.46437 F2400
G92 E0
G1 X85.987 Y115.811 F7800
G1 X138.779 Y86.402
G1 E2 F2400
G1 F4800
G1 X128.224 Y125.794 E3.96145
G1 X127.839 Y125.794 E3.97997
G1 X88.563 Y86.517 E6.65151
G1 X88.686 Y86.402 E6.65961
G1 X89.376 Y86.402 E6.6928
G1 X87.227 Y94.394 E7.09084
G1 X117.077 Y86.402 E8.57709
G1 X139.994 Y109.318 E10.13584
G1 X139.994 Y109.805 E10.15926
G1 X135.71 Y125.794 E10.9554
G1 X136.019 Y125.794 E10.97026
G1 X96.627 Y86.402 E13.64966
G1 X96.861 Y86.402 E13.66091
G1 X88.892 Y116.142 E15.14176
G1 X89.072 Y116.356 E15.15521
G1 X139.996 Y102.711 E17.69088
G1 X139.996 Y103.185 E17.71368
G1 X123.213 Y86.402 E18.85524
G1 X123.809 Y86.402 E18.88391
G1 X112.987 Y126.786 E20.89477
G1 X112.767 Y127.082 E20.91251
G1 X87.227 Y101.542 E22.64971
G1 X87.227 Y101.88 E22.66597
G1 X143.137 Y86.899 E25.44991
G1 X142.408 Y89.619 E25.58535
G1 X142.636 Y89.464 E25.59861
G1 X139.573 Y86.402 E25.80692
G1 X139.405 Y86.402 E25.815
G1 X87.227 Y100.383 E28.41311
G1 X87.227 Y100.008 E28.43115
G1 X90.873 Y86.402 E29.10864
G1 X90.492 Y86.402 E29.12696
G1 X129.884 Y125.794 E31.80636
G1 X129.721 Y125.794 E31.8142
G1 X140.301 Y86.312 E33.78015
G1 X139.766 Y86.402 E33.80624
G1 X139.766 Y86.402 F7800
G1 X141.09 Y85.602
G1 F4800
G1 X141.894 Y84.633 E33.8668
G1 X142.019 Y84.757 E33.87527
G1 X142.054 Y85.041 E33.88903
G1 E31.88903 F2400
G92 E0
G1 X147.667 Y83.141 F7800
G1 E2 F2400
;TYPE:Solid infill
;WIDTH:0.405386
G1 F1200
G1 X147.634 Y83.197 E2.00276
G1 X147.813 Y83.687 E2.02495
G1 X147.912 Y84.075 E2.04198
G1 X147.945 Y84.079 E2.04339
G1 X147.993 Y84.05 E2.04578
G1 X148.182 Y83.598 E2.06662
G1 X147.811 Y83.269 E2.08771
;LAYER_CHANGE
;Z:3.35
;HEIGHT:0.3
 ; After First Layer

G1 Z3.35 F7800
G1 E.08771 F2400
G1 Z3.35 F7800
G1 X144.893 Y81.816
G1 E2.08771 F2400
;TYPE:Perimeter
;WIDTH:0.552623
G1 F900
G1 X144.793 Y81.849 E2.09412
;WIDTH:0.511552
G1 X144.694 Y81.881 E2.09992
;WIDTH:0.470482
G1 X144.594 Y81.914 E2.10525
;WIDTH:0.429412
G1 X144.494 Y81.947 E2.11004
;WIDTH:0.388342
G1 X143.985 Y82.098 E2.13149
;WIDTH:0.414463
G1 X143.51 Y82.336 E2.15469
G1 X143.757 Y82.094 E2.16979
;WIDTH:0.391756
G1 X144.231 Y81.657 E2.19611
;WIDTH:0.388342
G1 X144.493 Y81.687 E2.20677
;WIDTH:0.429412
G1 X144.593 Y81.719 E2.21155
;WIDTH:0.470482
G1 X144.693 Y81.752 E2.21688
;WIDTH:0.511552
G1 X144.793 Y81.784 E2.22274
;WIDTH:0.552623
G1 X144.836 Y81.798 E2.22549
G1 E.22549 F2400
G92 E0
G1 X144.836 Y81.798 F7800
G1 X147.359 Y86.036
G1 E2 F2400
;WIDTH:0.617155
G1 F3600
G1 X147.339 Y86.143 E2.0075
;WIDTH:0.569886
G1 X147.32 Y86.251 E2.01441
;WIDTH:0.522618
G1 X147.3 Y86.359 E2.02069
;WIDTH:0.475349
G1 X147.281 Y86.466 E2.02626
;WIDTH:0.428081
G1 X147.203 Y86.653 E2.03545
G1 X146.842 Y86.949 E2.05663
;WIDTH:0.416724
G1 X146.372 Y87.265 E2.08152
;WIDTH:0.45
G1 X145.891 Y87.575 E2.10904
G1 X141.28 Y90.739 E2.378
G1 X140.549 Y91.265 E2.42131
G1 X140.359 Y91.549 E2.43774
G1 X140.279 Y91.934 E2.45665
G1 X140.279 Y126.083 E4.0991
G1 X114.211 Y126.094 E5.35288
G1 X113.858 Y126.223 E5.37096
G1 X113.584 Y126.471 E5.38873
G1 X112.278 Y128.219 E5.49368
G1 X112.152 Y128.447 E5.50621
G1 X112.087 Y128.796 E5.52328
G1 X112.095 Y135.194 E5.831
;WIDTH:0.44118
G1 X112.062 Y135.006 E5.83997
;WIDTH:0.45
G1 X111.909 Y134.561 E5.8626
G1 X111.667 Y134.158 E5.88521
G1 X111.351 Y133.81 E5.90782
G1 X110.972 Y133.532 E5.93043
G1 X110.545 Y133.335 E5.95305
G1 X110.087 Y133.226 E5.97569
G1 X109.537 Y133.223 E6.00214
G1 X109.039 Y133.329 E6.02663
G1 X108.567 Y133.535 E6.0514
G1 X108.193 Y133.81 E6.07373
G1 X107.838 Y134.214 E6.0996
G1 X107.838 Y128.796 E6.36019
G1 X107.823 Y128.52 E6.37348
G1 X107.729 Y128.241 E6.38764
G1 X107.556 Y128.004 E6.40175
G1 X105.97 Y126.423 E6.50946
G1 X105.705 Y126.265 E6.5243
G1 X105.348 Y126.197 E6.54178
G1 X89.006 Y126.197 E7.32777
G1 X89.003 Y116.988 E7.77069
G1 X88.899 Y116.621 E7.78904
G1 X88.691 Y116.349 E7.80551
G1 X88.375 Y116.158 E7.82327
G1 X88.042 Y116.098 E7.83954
G1 X78.73 Y116.106 E8.28742
G1 X78.364 Y116.23 E8.30601
G1 X76.236 Y117.472 E8.42452
;WIDTH:0.447283
G1 X76.006 Y117.668 E8.43895
;WIDTH:0.44338
G1 X76.108 Y117.506 E8.448
;WIDTH:0.45
G1 X76.324 Y116.982 E8.47526
G1 X76.416 Y116.459 E8.5008
G1 X76.396 Y115.893 E8.52804
G1 X76.268 Y115.414 E8.55189
G1 X76.048 Y114.97 E8.57572
G1 X75.744 Y114.578 E8.59958
G1 X75.369 Y114.254 E8.62342
G1 X74.936 Y114.011 E8.6473
G1 X74.465 Y113.859 E8.6711
G1 X73.972 Y113.803 E8.69496
G1 X74.323 Y113.665 E8.7131
G1 X83.576 Y112.5 E9.16165
G1 X83.965 Y112.362 E9.1815
G1 X86.483 Y110.793 E9.32419
G1 X86.741 Y110.558 E9.34097
G1 X86.885 Y110.29 E9.3556
G1 X86.938 Y109.975 E9.37096
G1 X86.938 Y87.65 E10.44471
G1 X88.571 Y86.112 E10.5526
G1 X139.139 Y86.112 E12.98475
G1 X140.082 Y86.083 E13.03013
G1 X140.314 Y85.991 E13.04213
G1 X140.588 Y85.762 E13.05931
G1 X142.313 Y83.674 E13.18957
G1 X142.691 Y83.191 E13.21907
G1 X142.497 Y83.553 E13.23882
G1 X142.346 Y84.068 E13.26463
G1 X142.299 Y84.531 E13.28701
G1 X142.336 Y85.011 E13.31016
G1 X142.476 Y85.523 E13.33569
G1 X142.715 Y86.004 E13.36152
G1 X143.067 Y86.451 E13.38888
G1 X143.453 Y86.777 E13.41318
G1 X143.922 Y87.038 E13.43899
G1 X144.434 Y87.202 E13.46485
G1 X144.967 Y87.261 E13.49064
G1 X145.502 Y87.214 E13.51647
G1 X146.015 Y87.054 E13.54232
;WIDTH:0.435577
G1 X146.48 Y86.789 E13.5671
;WIDTH:0.428081
G1 X146.912 Y86.448 E13.59207
;WIDTH:0.475349
G1 X147.024 Y86.345 E13.59987
;WIDTH:0.522618
G1 X147.135 Y86.242 E13.60852
;WIDTH:0.569886
G1 X147.247 Y86.139 E13.61811
;WIDTH:0.617155
G1 X147.315 Y86.077 E13.62445
G1 E11.62445 F2400
G92 E0
G1 X147.315 Y86.077 F7800
G1 X146.923 Y82.66
G1 E2 F2400
;WIDTH:0.512263
G1 F900
G1 X146.822 Y82.553 E2.00822
;WIDTH:0.500526
G1 X146.389 Y82.226 E2.03774
;WIDTH:0.546001
G1 X146.15 Y82.09 E2.05426
;WIDTH:0.591477
G1 X145.911 Y81.953 E2.07237
G1 X146.121 Y81.953 E2.08618
;WIDTH:0.543607
G1 X146.867 Y82.018 E2.13094
;WIDTH:0.500526
G1 X147.174 Y82.299 E2.15358
;WIDTH:0.517385
G1 X147.568 Y82.691 E2.18498
G1 X147.768 Y82.857 E2.19967
;WIDTH:0.483692
G1 X147.969 Y83.024 E2.21334
;WIDTH:0.45
G1 X148.502 Y83.527 E2.24859
G1 X148.385 Y83.805 E2.2631
G1 X147.994 Y84.738 E2.31176
;WIDTH:0.493335
G1 X147.923 Y84.851 E2.3189
;WIDTH:0.536671
G1 X147.851 Y84.965 E2.32684
;WIDTH:0.580007
G1 X147.78 Y85.079 E2.33548
;WIDTH:0.623343
G1 X147.709 Y85.193 E2.34484
G1 X147.706 Y85.101 E2.35126
;WIDTH:0.583068
G1 X147.703 Y85.009 E2.35721
;WIDTH:0.542793
G1 X147.697 Y84.739 E2.37332
;WIDTH:0.496396
G1 X147.691 Y84.469 E2.38787
;WIDTH:0.45
G1 X147.619 Y83.937 E2.41369
G1 X147.442 Y83.43 E2.43952
;WIDTH:0.481131
G1 X147.317 Y83.188 E2.45368
;WIDTH:0.512263
G1 X147.193 Y82.947 E2.46882
G1 X146.964 Y82.704 E2.48747
G1 X146.964 Y82.704 F7800
G1 X146.605 Y82.912
;WIDTH:0.45
G1 F900
G1 X146.651 Y82.95 E2.49034
G1 X146.938 Y83.31 E2.51248
G1 X147.148 Y83.72 E2.53464
G1 X147.273 Y84.163 E2.55678
G1 X147.307 Y84.622 E2.57892
G1 X147.254 Y85.065 E2.60038
G1 X147.148 Y85.41 E2.61774
G1 X146.938 Y85.819 E2.63985
G1 X146.651 Y86.179 E2.66199
G1 X146.299 Y86.475 E2.68411
G1 X145.894 Y86.695 E2.70628
G1 X145.454 Y86.831 E2.72843
G1 X144.996 Y86.877 E2.75057
G1 X144.538 Y86.831 E2.77271
G1 X144.098 Y86.695 E2.79486
G1 X143.694 Y86.475 E2.81699
G1 X143.341 Y86.179 E2.83915
G1 X143.033 Y85.78 E2.86339
G1 X142.844 Y85.409 E2.88342
G1 X142.72 Y84.97 E2.90536
G1 X142.684 Y84.556 E2.92535
G1 X142.719 Y84.163 E2.94433
G1 X142.844 Y83.72 E2.96647
G1 X143.054 Y83.31 E2.98863
G1 X143.341 Y82.951 E3.01074
G1 X143.694 Y82.655 E3.0329
G1 X144.098 Y82.434 E3.05505
G1 X144.538 Y82.299 E3.07719
G1 X144.996 Y82.253 E3.09933
G1 X145.454 Y82.299 E3.12147
G1 X145.894 Y82.434 E3.14361
G1 X146.378 Y82.718 E3.1706
G1 X146.56 Y82.873 E3.1821
G1 X146.56 Y82.873 F7800
G1 X146.356 Y83.198
;TYPE:External perimeter
G1 F900
G1 X146.6 Y83.495 E3.20059
G1 X146.829 Y83.992 E3.22691
G1 X146.889 Y84.202 E3.23741
G1 X146.924 Y84.584 E3.25586
G1 X146.883 Y84.961 E3.2741
G1 X146.801 Y85.242 E3.28818
G1 X146.631 Y85.586 E3.30664
G1 X146.396 Y85.89 E3.32512
G1 X146.106 Y86.141 E3.34357
G1 X145.771 Y86.33 E3.36207
G1 X145.406 Y86.448 E3.38052
G1 X145.025 Y86.492 E3.39897
G1 X144.643 Y86.46 E3.41741
G1 X144.274 Y86.352 E3.4359
G1 X143.934 Y86.174 E3.45436
G1 X143.637 Y85.931 E3.47282
G1 X143.372 Y85.596 E3.49336
G1 X143.213 Y85.296 E3.50969
G1 X143.103 Y84.929 E3.52812
G1 X143.069 Y84.581 E3.54494
G1 X143.093 Y84.258 E3.56052
G1 X143.191 Y83.887 E3.57898
G1 X143.361 Y83.543 E3.59744
G1 X143.596 Y83.24 E3.61588
G1 X143.887 Y82.989 E3.63436
G1 X144.221 Y82.8 E3.65282
G1 X144.586 Y82.681 E3.67128
G1 X144.967 Y82.637 E3.68973
G1 X145.35 Y82.67 E3.70822
G1 X145.718 Y82.777 E3.72665
G1 X146.137 Y83.019 E3.74992
G1 X146.309 Y83.16 E3.76062
G1 X146.569 Y83.465 F7800
G1 E1.76062 F2400
G92 E0
G1 X144.893 Y81.816 F7800
G1 E2 F2400
;TYPE:Perimeter
;WIDTH:0.552623
G1 F3600
G1 X145.412 Y81.861 E2.03172
;WIDTH:0.557489
G1 X145.661 Y81.907 E2.04729
;WIDTH:0.591477
G1 X145.911 Y81.953 E2.064
G1 E.064 F2400
G92 E0
G1 X145.911 Y81.953 F7800
G1 X147.709 Y85.193
G1 E2 F2400
;WIDTH:0.623343
G1 F3600
G1 X147.415 Y85.921 E2.05474
;WIDTH:0.617155
G1 X147.359 Y86.036 E2.06356
G1 E.06356 F2400
G92 E0
G1 X147.359 Y86.036 F7800
G1 X112.09 Y136.009
G1 E2 F2400
;WIDTH:0.446849
G1 F900
G1 X112.088 Y136.38 E2.0177
;WIDTH:0.447144
G1 X112.088 Y137 E2.0473
G1 X111.903 Y137.275 E2.06312
;WIDTH:0.468916
G1 X111.733 Y137.5 E2.07735
;WIDTH:0.495177
G1 X111.563 Y137.726 E2.09255
;WIDTH:0.533691
G1 X111.414 Y137.909 E2.10636
;WIDTH:0.572205
G1 X111.265 Y138.093 E2.12136
;WIDTH:0.610719
G1 X111.116 Y138.276 E2.13744
G1 X110.753 Y138.299 E2.16223
;WIDTH:0.565219
G1 X110.493 Y138.317 E2.17851
;WIDTH:0.528785
G1 X110.233 Y138.335 E2.19361
;WIDTH:0.492351
G1 X109.719 Y138.345 E2.22105
;WIDTH:0.511136
G1 X109.041 Y138.326 E2.25884
G1 X108.167 Y137.317 E2.33322
;WIDTH:0.502289
G1 X108.395 Y137.517 E2.34979
;WIDTH:0.511136
G1 X108.807 Y137.755 E2.3763
G1 X109.206 Y137.887 E2.39972
G1 X109.734 Y137.938 E2.42928
;WIDTH:0.49675
G1 X110.254 Y137.904 E2.45738
;WIDTH:0.534739
G1 X110.45 Y137.857 E2.4692
;WIDTH:0.572729
G1 X110.647 Y137.809 E2.48206
;WIDTH:0.610719
G1 X110.843 Y137.762 E2.49579
G1 X110.968 Y137.669 E2.50641
;WIDTH:0.574374
G1 X111.093 Y137.576 E2.51632
;WIDTH:0.53803
G1 X111.267 Y137.411 E2.53049
;WIDTH:0.499249
G1 X111.44 Y137.245 E2.54349
;WIDTH:0.460468
G1 X111.735 Y136.839 E2.56828
;WIDTH:0.447144
G1 X111.992 Y136.366 E2.59398
;WIDTH:0.446849
G1 X112.075 Y136.067 E2.60878
G1 E.60878 F2400
G92 E0
G1 X112.075 Y136.067 F7800
G1 X110.163 Y133.64
G1 E2 F2400
;WIDTH:0.45
G1 F900
G1 X110.547 Y133.748 E2.01919
G1 X110.892 Y133.938 E2.03813
G1 X111.193 Y134.192 E2.05707
G1 X111.437 Y134.501 E2.07601
G1 X111.615 Y134.852 E2.09494
G1 X111.72 Y135.231 E2.11386
G1 X111.748 Y135.624 E2.13281
G1 X111.698 Y136.01 E2.15153
G1 X111.56 Y136.398 E2.17134
G1 X111.287 Y136.828 E2.19584
G1 X110.972 Y137.137 E2.21706
G1 X110.532 Y137.391 E2.2415
G1 X110.156 Y137.505 E2.2604
G1 X109.764 Y137.543 E2.27934
G1 X109.318 Y137.487 E2.30096
G1 X108.997 Y137.384 E2.31717
G1 X108.652 Y137.195 E2.33609
G1 X108.351 Y136.94 E2.35506
G1 X108.107 Y136.632 E2.37396
G1 X107.929 Y136.281 E2.39289
;WIDTH:0.449868
G1 X107.827 Y135.901 E2.41181
;WIDTH:0.443507
G1 X107.827 Y135.231 E2.44349
;WIDTH:0.45
G1 X107.974 Y134.746 E2.46786
G1 X108.172 Y134.406 E2.48678
G1 X108.434 Y134.112 E2.50572
G1 X108.745 Y133.877 E2.52447
G1 X109.119 Y133.706 E2.54425
G1 X109.617 Y133.6 E2.56874
G1 X110.058 Y133.61 E2.58996
G1 X110.105 Y133.624 E2.59232
G1 X110.105 Y133.624 F7800
G1 X110.067 Y134.002
;TYPE:External perimeter
G1 F900
G1 X110.372 Y134.091 E2.6076
G1 X110.652 Y134.239 E2.62283
G1 X110.897 Y134.44 E2.63807
G1 X111.098 Y134.685 E2.65331
G1 X111.247 Y134.965 E2.66857
G1 X111.336 Y135.27 E2.68385
G1 X111.364 Y135.585 E2.69906
G1 X111.329 Y135.899 E2.71426
G1 X111.234 Y136.191 E2.72903
G1 X110.961 Y136.622 E2.75357
G1 X110.686 Y136.87 E2.77138
G1 X110.409 Y137.025 E2.78665
G1 X110.108 Y137.123 E2.80188
G1 X109.793 Y137.158 E2.81712
G1 X109.423 Y137.116 E2.83503
G1 X109.172 Y137.041 E2.84763
G1 X108.892 Y136.893 E2.86286
G1 X108.647 Y136.693 E2.87807
G1 X108.446 Y136.447 E2.89335
G1 X108.297 Y136.167 E2.90861
G1 X108.208 Y135.863 E2.92385
G1 X108.18 Y135.547 E2.93911
G1 X108.215 Y135.232 E2.95435
G1 X108.312 Y134.93 E2.96961
G1 X108.467 Y134.653 E2.98488
G1 X108.674 Y134.413 E3.00012
G1 X108.923 Y134.219 E3.0153
G1 X109.199 Y134.083 E3.0301
G1 X109.697 Y133.978 E3.05458
G1 X110.008 Y133.998 E3.06957
G1 X110.39 Y134.113 F7800
G1 E1.06957 F2400
G92 E0
G1 X112.095 Y135.194 F7800
G1 E2 F2400
;TYPE:Perimeter
;WIDTH:0.432945
G1 F3600
G1 X112.095 Y135.939 E2.03425
;WIDTH:0.442625
G1 X112.09 Y136.009 E2.03756
G1 E.03756 F2400
G92 E0
G1 X112.09 Y136.009 F7800
G1 X75.708 Y118.068
G1 E2 F2400
;WIDTH:0.521655
G1 F900
G1 X75.529 Y118.315 E2.0174
G1 X75.016 Y119.121 E2.07189
G1 X74.618 Y119.045 E2.095
;WIDTH:0.571155
G1 X74.29 Y118.958 E2.11645
;WIDTH:0.620655
G1 X73.961 Y118.87 E2.14008
G1 X74.182 Y118.822 E2.15577
;WIDTH:0.571155
G1 X74.403 Y118.775 E2.17005
;WIDTH:0.521655
G1 X74.885 Y118.634 E2.19869
G1 X75.33 Y118.399 E2.22739
G1 X75.663 Y118.108 E2.25261
G1 E.25261 F2400
G92 E0
G1 X75.663 Y118.108 F7800
G1 X73.098 Y118.716
G1 E2 F2400
;WIDTH:0.600423
G1 F900
G1 X72.991 Y118.719 E2.00716
;WIDTH:0.553895
G1 X72.884 Y118.722 E2.0137
;WIDTH:0.507367
G1 X72.622 Y118.694 E2.02826
;WIDTH:0.465187
G1 X72.361 Y118.666 E2.04138
;WIDTH:0.423008
G1 X72.072 Y118.329 E2.06124
;WIDTH:0.376749
G1 X71.72 Y117.892 E2.0831
;WIDTH:0.397454
G1 X71.337 Y117.362 E2.11026
G1 X71.496 Y116.361 E2.15237
G1 X71.502 Y116.619 E2.16309
G1 X71.633 Y117.163 E2.18634
G1 X71.867 Y117.594 E2.20671
;WIDTH:0.369348
G1 X72.248 Y118.069 E2.22987
;WIDTH:0.396178
G1 X72.462 Y118.246 E2.24136
;WIDTH:0.423008
G1 X72.675 Y118.422 E2.25372
;WIDTH:0.467361
G1 X72.781 Y118.496 E2.26022
;WIDTH:0.511715
G1 X72.887 Y118.569 E2.2674
;WIDTH:0.556069
G1 X72.992 Y118.642 E2.27524
;WIDTH:0.600423
G1 X73.049 Y118.682 E2.2799
G1 E.2799 F2400
G92 E0
G1 X73.049 Y118.682 F7800
G1 X72.692 Y114.177
G1 E2 F2400
;WIDTH:0.38929
G1 F900
G1 X72.579 Y114.242 E2.00528
G1 X72.2 Y114.552 E2.02512
G1 X71.889 Y114.931 E2.04499
G1 X71.643 Y115.413 E2.06692
G1 X71.791 Y114.477 E2.10532
G1 X72.635 Y114.196 E2.14137
G1 E.14137 F2400
G92 E0
G1 X72.635 Y114.196 F7800
G1 X75.996 Y115.873
G1 E2 F2400
;WIDTH:0.45
G1 F900
G1 X76.012 Y115.932 E2.00294
G1 X76.037 Y116.392 E2.0251
G1 X75.944 Y116.916 E2.0507
G1 X75.704 Y117.439 E2.07838
G1 X75.442 Y117.766 E2.09853
G1 X75.12 Y118.035 E2.11871
G1 X74.7 Y118.251 E2.14143
G1 X74.35 Y118.357 E2.15902
G1 X73.933 Y118.397 E2.17917
G1 X73.516 Y118.355 E2.19933
G1 X73.116 Y118.23 E2.21949
G1 X72.748 Y118.029 E2.23966
G1 X72.428 Y117.759 E2.2598
G1 X72.167 Y117.43 E2.28
G1 X71.977 Y117.057 E2.30013
G1 X71.861 Y116.61 E2.32234
;WIDTH:0.495944
G1 X71.834 Y116.433 E2.33198
;WIDTH:0.541888
G1 X71.807 Y116.257 E2.34258
;WIDTH:0.587833
G1 X71.779 Y116.08 E2.35428
;WIDTH:0.599699
G1 X71.868 Y115.608 E2.38635
G1 X71.906 Y115.578 E2.38958
;WIDTH:0.5498
G1 X71.943 Y115.548 E2.39246
;WIDTH:0.4999
G1 X71.98 Y115.518 E2.39505
;WIDTH:0.45
G1 X72.173 Y115.146 E2.41521
G1 X72.435 Y114.819 E2.43536
;WIDTH:0.493762
G1 X72.619 Y114.66 E2.44838
;WIDTH:0.537525
G1 X72.803 Y114.5 E2.46277
;WIDTH:0.581288
G1 X72.987 Y114.341 E2.47845
;WIDTH:0.585168
G1 X73.394 Y114.189 E2.50667
;WIDTH:0.594026
G1 X73.517 Y114.156 E2.51508
G1 X73.76 Y114.174 E2.53118
;WIDTH:0.546017
G1 X74.004 Y114.192 E2.54588
;WIDTH:0.498008
G1 X74.247 Y114.21 E2.55906
;WIDTH:0.45
G1 X74.761 Y114.355 E2.58475
G1 X75.128 Y114.556 E2.60488
G1 X75.449 Y114.826 E2.62505
G1 X75.709 Y115.154 E2.64518
G1 X75.9 Y115.528 E2.66538
G1 X75.98 Y115.815 E2.67971
G1 X75.98 Y115.815 F7800
G1 X75.628 Y115.97
;TYPE:External perimeter
G1 F900
G1 X75.657 Y116.325 E2.69684
G1 X75.565 Y116.849 E2.72243
G1 X75.351 Y117.266 E2.74497
G1 X75.186 Y117.477 E2.75785
G1 X74.927 Y117.701 E2.77432
G1 X74.577 Y117.886 E2.79336
G1 X74.302 Y117.974 E2.80725
G1 X73.962 Y118.013 E2.82371
G1 X73.62 Y117.983 E2.84022
G1 X73.292 Y117.887 E2.85666
G1 X72.989 Y117.727 E2.87314
G1 X72.723 Y117.511 E2.88962
G1 X72.506 Y117.246 E2.90609
G1 X72.345 Y116.943 E2.92259
G1 X72.247 Y116.6 E2.93975
G1 X72.234 Y116.067 E2.96539
G1 X72.328 Y115.686 E2.98426
G1 X72.48 Y115.379 E3.00074
G1 X72.69 Y115.108 E3.01723
G1 X72.949 Y114.884 E3.0337
G1 X73.248 Y114.716 E3.0502
G1 X73.537 Y114.619 E3.06486
G1 X73.914 Y114.572 E3.08313
G1 X74.256 Y114.601 E3.09964
G1 X74.585 Y114.698 E3.11614
G1 X74.888 Y114.857 E3.1326
G1 X75.153 Y115.074 E3.14907
G1 X75.371 Y115.339 E3.16557
G1 X75.531 Y115.642 E3.18205
G1 X75.611 Y115.913 E3.19564
G1 X75.644 Y116.311 F7800
G1 E1.19564 F2400
G92 E0
G1 X73.961 Y118.87 F7800
G1 E2 F2400
;TYPE:Perimeter
;WIDTH:0.620655
G1 F3600
G1 X73.395 Y118.786 E2.0397
;WIDTH:0.600423
G1 X73.098 Y118.716 E2.0601
G1 E.0601 F2400
G92 E0
G1 X73.098 Y118.716 F7800
G1 X88.128 Y116.505
G1 E2 F2400
;WIDTH:0.45
G1 F3600
G1 X88.042 Y116.484 E2.00426
G1 X78.85 Y116.484 E2.44636
G1 X78.559 Y116.563 E2.46086
G1 X76.43 Y117.804 E2.57938
G1 X76.234 Y117.993 E2.59248
G1 X75.218 Y119.589 E2.68348
G1 X72.152 Y119.005 E2.8336
G1 X70.957 Y117.458 E2.92762
G1 X71.101 Y116.559 E2.97141
;WIDTH:0.496908
G1 X71.152 Y116.385 E2.98119
;WIDTH:0.543816
G1 X71.203 Y116.211 E2.99203
;WIDTH:0.590725
G1 X71.255 Y116.037 E3.00395
;WIDTH:0.599699
G1 X71.345 Y115.5 E3.0403
G1 X71.33 Y115.435 E3.04475
;WIDTH:0.5498
G1 X71.315 Y115.37 E3.04879
;WIDTH:0.4999
G1 X71.3 Y115.306 E3.05236
;WIDTH:0.45
G1 X71.474 Y114.209 E3.10578
G1 X72.456 Y113.881 E3.15558
;WIDTH:0.493762
G1 X72.559 Y113.87 E3.16113
;WIDTH:0.537525
G1 X72.662 Y113.859 E3.16724
;WIDTH:0.581288
G1 X72.765 Y113.847 E3.17393
;WIDTH:0.585168
G1 X73.227 Y113.696 E3.2055
G1 X73.375 Y113.628 E3.21608
;WIDTH:0.551404
G1 X73.524 Y113.561 E3.226
;WIDTH:0.517641
G1 X73.672 Y113.494 E3.23518
;WIDTH:0.483878
G1 X74.237 Y113.288 E3.26665
;WIDTH:0.45
G1 X83.528 Y112.117 E3.71705
G1 X83.761 Y112.034 E3.72895
G1 X86.279 Y110.466 E3.87162
G1 X86.372 Y110.394 E3.87728
G1 X86.503 Y110.209 E3.88818
G1 X86.552 Y109.975 E3.89968
G1 X86.552 Y87.483 E4.98147
G1 X88.418 Y85.727 E5.10471
G1 X139.845 Y85.727 E7.57817
G1 X140.085 Y85.675 E7.58998
G1 X140.291 Y85.517 E7.60247
G1 X142.771 Y82.515 E7.78975
G1 X144.111 Y81.286 E7.8772
G1 X147.05 Y81.625 E8.01949
G1 X148.96 Y83.43 E8.14589
G1 X148.74 Y83.954 E8.17322
G1 X147.485 Y86.949 E8.3294
G1 X140.827 Y91.532 E8.71816
G1 X140.713 Y91.703 E8.72804
G1 X140.665 Y91.934 E8.73939
G1 X140.665 Y126.469 E10.4004
G1 X114.357 Y126.469 E11.66572
G1 X114.115 Y126.522 E11.67764
G1 X113.893 Y126.701 E11.69136
G1 X112.548 Y128.511 E11.79982
G1 X112.472 Y128.796 E11.81401
G1 X112.472 Y137.119 E12.21432
G1 X111.362 Y138.742 E12.30889
G1 X108.847 Y138.742 E12.42985
G1 X107.452 Y137.085 E12.53403
G1 X107.451 Y136.074 E12.58266
;WIDTH:0.448026
G1 X107.442 Y135.491 E12.61056
;WIDTH:0.45
G1 X107.452 Y128.796 E12.93257
G1 X107.42 Y128.496 E12.94708
G1 X107.283 Y128.277 E12.9595
G1 X106.258 Y127.252 E13.02922
G1 X105.613 Y126.646 E13.07179
G1 X105.348 Y126.582 E13.0849
G1 X88.621 Y126.582 E13.88941
G1 X88.621 Y117.062 E14.34729
G1 X88.524 Y116.742 E14.36337
G1 X88.311 Y116.55 E14.37716
G1 X88.187 Y116.519 E14.38331
G1 X88.187 Y116.519 F7800
G1 X88.042 Y116.869
;TYPE:External perimeter
G1 F1800
G1 X78.85 Y116.869 E14.82541
G1 X78.753 Y116.896 E14.83025
G1 X77.054 Y117.887 E14.92485
G1 X76.559 Y118.2 E14.95302
G1 X75.403 Y120.017 E15.0566
G1 X71.937 Y119.356 E15.22631
G1 X70.55 Y117.562 E15.33538
G1 X71.13 Y113.917 E15.5129
G1 X74.152 Y112.91 E15.6661
G1 X83.479 Y111.735 E16.11824
G1 X83.557 Y111.707 E16.12223
G1 X86.106 Y110.115 E16.26677
G1 X86.166 Y109.975 E16.2741
G1 X86.166 Y87.316 E17.36392
G1 X88.265 Y85.341 E17.50254
G1 X139.845 Y85.341 E19.98336
G1 X139.993 Y85.271 E19.99123
G1 X142.49 Y82.248 E20.17981
G1 X143.98 Y80.883 E20.277
G1 X147.221 Y81.257 E20.43392
G1 X149.419 Y83.333 E20.57934
G1 X149.096 Y84.104 E20.61955
G1 X147.797 Y87.202 E20.78112
G1 X141.104 Y91.8 E21.17167
G1 X141.05 Y91.934 E21.17862
G1 X141.05 Y126.855 E22.8582
G1 X114.342 Y126.855 E24.14276
G1 X114.202 Y126.932 E24.15044
G1 X112.896 Y128.681 E24.25543
G1 X112.858 Y128.796 E24.26126
G1 X112.858 Y137.238 E24.66729
G1 X111.565 Y139.128 E24.77743
G1 X108.668 Y139.128 E24.91677
G1 X107.067 Y137.226 E25.03634
G1 X107.067 Y128.686 E25.44708
G1 X107.01 Y128.55 E25.45417
G1 X105.485 Y127.024 E25.55793
G1 X105.348 Y126.968 E25.56505
G1 X88.235 Y126.968 E26.38813
G1 X88.235 Y117.062 E26.86457
G1 X88.191 Y116.939 E26.87085
G1 X88.097 Y116.895 E26.87584
G1 X87.697 Y116.873 F7800
G1 E24.87584 F2400
G92 E0
G1 X142.691 Y83.191 F7800
G1 E2 F2400
;TYPE:Perimeter
;WIDTH:0.417901
G1 F3600
G1 X143.004 Y82.79 E2.02243
;WIDTH:0.414463
G1 X143.51 Y82.336 E2.05211
G1 E.05211 F2400
G92 E0
G1 X143.51 Y82.336 F7800
G1 X108.167 Y137.317
G1 E2 F2400
;WIDTH:0.474337
G1 F3600
G1 X107.844 Y136.942 E2.02531
G1 E.02531 F2400
G92 E0
G1 X107.844 Y136.942 F7800
G1 X76.006 Y117.668
G1 E2 F2400
;WIDTH:0.461003
G1 F3600
G1 X75.775 Y117.986 E2.01944
G1 E.01944 F2400
G92 E0
G1 X75.775 Y117.986 F7800
G1 X76.063 Y113.738
G1 E2 F2400
;TYPE:Internal infill
;WIDTH:0.45
G1 F4800
G1 X75.904 Y114.331 E2.02953
G1 X75.509 Y114.002 E2.05425
G1 X76.879 Y113.635 E2.12247
G1 X76.83 Y113.641 E2.12484
G1 X79.007 Y115.818 E2.27292
G1 X78.487 Y115.863 E2.29802
G1 X79.161 Y113.347 E2.4233
G1 X78.646 Y113.412 E2.44827
G1 X81.05 Y115.816 E2.61179
G1 E.61179 F2400
G92 E0
G1 X81.05 Y115.816 F7800
G1 X78.455 Y113.436
G1 E2 F2400
G1 F4800
G1 X77.612 Y113.543 E2.04087
G1 X76.725 Y116.851 E2.20559
G1 X76.622 Y116.911 E2.21132
G1 X76.666 Y116.686 E2.22235
G1 X77.301 Y116.516 E2.25397
G1 X77.528 Y116.384 E2.2666
G1 X76.575 Y115.431 E2.33142
G1 X76.508 Y115.231 E2.34156
G1 X139.997 Y98.22 E5.50287
G1 X139.997 Y98.62 E5.52211
G1 X132.715 Y125.794 E6.8752
G1 E4.8752 F2400
G92 E0
G1 X132.715 Y125.794 F7800
G1 X130.077 Y125.794
G1 E2 F2400
G1 F4800
G1 X131.218 Y125.794 E2.05488
G1 X139.998 Y93.028 E3.68641
G1 X139.998 Y92.962 E3.68958
G1 X133.438 Y86.402 E4.13578
G1 X133.438 Y86.402 F7800
G1 X132.791 Y86.402
G1 F4800
G1 X122.236 Y125.794 E6.09723
G1 X123.54 Y125.794 E6.15995
G1 X123.54 Y125.794 F7800
G1 X121.704 Y125.794
G1 F4800
G1 X87.227 Y91.317 E8.50504
G1 X87.227 Y91.4 E8.50903
G1 X105.882 Y86.402 E9.43792
G1 X95.232 Y125.907 E11.40581
G1 X89.293 Y119.969 E11.80974
G1 X89.293 Y120.232 E11.82239
G1 X98.358 Y86.402 E13.5069
G1 X98.672 Y86.402 E13.522
G1 X138.064 Y125.794 E16.2014
G1 X138.064 Y125.794 F7800
G1 X138.704 Y125.794
G1 F4800
G1 X139.991 Y120.99 E16.4406
G1 X139.991 Y120.677 E16.45565
G1 X120.895 Y125.794 E17.4065
G1 X120.739 Y125.794 E17.414
G1 X131.294 Y86.402 E19.37545
G1 X131.393 Y86.402 E19.38021
G1 X139.998 Y95.006 E19.96548
G1 X139.998 Y95.225 E19.97601
G1 X87.227 Y109.365 E22.60365
G1 X87.227 Y109.723 E22.62087
G1 X103.412 Y125.907 E23.72172
G1 X103.711 Y125.907 E23.7361
G1 X139.992 Y116.186 E25.54264
G1 E23.54264 F2400
G92 E0
G1 X139.992 Y116.186 F7800
G1 X139.993 Y113.6
G1 E2 F2400
G1 F4800
G1 X139.993 Y114.689 E2.05238
G1 X98.124 Y125.907 E4.13716
G1 X98.252 Y125.907 E4.14332
G1 X108.838 Y86.402 E6.11041
G1 X108.897 Y86.402 E6.11325
G1 X139.992 Y117.496 E8.22826
G1 X139.992 Y117.683 E8.23725
G1 X106.593 Y126.632 E9.90029
G1 X106.946 Y126.986 E9.92433
G1 X117.82 Y86.402 E11.94513
G1 X118.93 Y86.402 E11.99852
G1 E9.99852 F2400
G92 E0
G1 X118.93 Y86.402 F7800
G1 X116.323 Y86.402
G1 E2 F2400
G1 F4800
G1 X105.721 Y125.969 E3.97017
G1 X105.472 Y125.923 E3.98235
G1 X87.227 Y107.677 E5.22339
G1 X87.227 Y107.868 E5.23258
G1 X139.998 Y93.728 E7.86022
G1 E5.86022 F2400
G92 E0
G1 X139.998 Y93.728 F7800
G1 X140.576 Y90.872
G1 E2 F2400
G1 F4800
G1 X142.087 Y85.231 E2.28088
G1 X142.216 Y85.648 E2.30187
G1 X140.712 Y86.051 E2.37676
G1 X140.965 Y85.748 E2.39575
G1 X143.85 Y88.634 E2.59202
G1 X142.795 Y89.355 E2.65348
G1 X142.795 Y89.355 F7800
G1 X144.241 Y88.367
G1 F4800
G1 X144.473 Y87.502 E2.69655
G1 X144.8 Y87.539 E2.71238
G1 X145.065 Y87.804 E2.7304
G1 X144.884 Y87.928 E2.74095
G1 X87.227 Y103.377 E5.61188
G1 X87.227 Y103.587 E5.62198
G1 X111.917 Y128.278 E7.3014
G1 X111.968 Y128.186 E7.30646
G1 X108.127 Y129.215 E7.49771
G1 X108.127 Y130.43 E7.55615
G1 X108.127 Y130.43 F7800
G1 X108.127 Y130.905
G1 F4800
G1 X108.127 Y132.21 E7.61892
G1 X111.798 Y131.226 E7.80172
G1 X111.228 Y133.354 E7.90768
G1 X111.798 Y133.828 E7.94334
G1 X111.798 Y132.723 E7.99649
G1 X110.536 Y133.032 E8.05898
G1 X108.127 Y130.623 E8.22284
G1 X108.127 Y130.712 E8.22712
G1 X111.798 Y129.729 E8.4099
G1 X111.798 Y130.203 E8.4327
G1 X87.227 Y105.632 E10.10399
G1 X92.37 Y86.402 E11.06139
G1 X92.537 Y86.402 E11.06942
G1 X131.929 Y125.794 E13.74882
G1 X139.99 Y123.672 E14.14973
G1 X102.762 Y86.402 E16.68336
G1 X102.849 Y86.402 E16.68754
G1 X92.264 Y125.907 E18.65462
G1 X92.537 Y125.907 E18.66775
G1 X139.993 Y113.192 E21.03073
G1 X139.993 Y113.407 E21.04107
G1 X112.987 Y86.402 E22.87795
G1 X113.329 Y86.402 E22.8944
G1 X102.743 Y125.907 E24.86149
G1 X101.559 Y125.907 E24.91844
G1 E22.91844 F2400
G92 E0
G1 X101.559 Y125.907 F7800
G1 X104.241 Y125.907
G1 E2 F2400
G1 F4800
G1 X114.826 Y86.402 E3.96708
G1 X115.032 Y86.402 E3.97699
G1 X139.993 Y111.363 E5.67481
G1 X139.993 Y111.694 E5.69073
G1 X89.295 Y125.279 E8.21515
G1 X89.295 Y125.279 F7800
G1 X90.574 Y125.907
G1 F4800
G1 X89.295 Y125.907 E8.27667
G1 X89.295 Y125.811 E8.28129
G1 X99.855 Y86.402 E10.2436
G1 E8.2436 F2400
G92 E0
G1 X99.855 Y86.402 F7800
G1 X104.807 Y86.402
G1 E2 F2400
G1 F4800
G1 X139.991 Y121.585 E4.39314
G1 X139.991 Y121.585 F7800
G1 X139.991 Y122.175
G1 F4800
G1 X126.482 Y125.794 E5.06579
G1 X126.727 Y125.794 E5.07757
G1 X137.282 Y86.402 E7.03902
G1 X137.528 Y86.402 E7.05085
G1 X141.421 Y90.294 E7.31561
G1 X141.28 Y90.39 E7.32381
G1 X87.227 Y104.874 E10.01529
G1 E8.01529 F2400
G92 E0
G1 X87.227 Y107.485 F7800
G1 E2 F2400
G1 F4800
G1 X87.227 Y106.371 E2.05358
G1 X139.998 Y92.231 E4.68122
G1 X139.998 Y91.78 E4.70291
G1 X140.092 Y91.436 E4.72006
G1 X140.254 Y91.172 E4.73496
G1 X135.483 Y86.402 E5.05944
G1 X135.785 Y86.402 E5.07397
G1 X125.23 Y125.794 E7.03542
G1 X125.794 Y125.794 E7.06255
G1 X87.509 Y87.509 E9.66665
G1 X87.606 Y87.417 E9.67308
G1 X87.227 Y88.834 E9.74363
G1 X87.227 Y89.272 E9.7647
G1 X123.749 Y125.794 E12.24888
G1 X134.288 Y86.402 E14.21014
G1 X133.818 Y86.402 E14.23275
G1 X87.227 Y98.886 E16.55267
G1 X87.227 Y98.886 F7800
G1 X87.227 Y99.497
G1 F4800
G1 X113.709 Y125.979 E18.35394
G1 X114.066 Y125.828 E18.37258
G1 X114.75 Y125.794 E18.40552
G1 X125.306 Y86.402 E20.36699
G1 X125.258 Y86.402 E20.3693
G1 X139.996 Y101.14 E21.37176
G1 X139.996 Y101.214 E21.37532
G1 X85.518 Y115.811 E24.08795
G1 X85.136 Y115.812 E24.10632
G1 X82.26 Y112.957 E24.30123
G1 X81.494 Y115.815 E24.44354
G1 X82.799 Y115.814 E24.50631
G1 X83.286 Y115.814 F7800
G1 F4800
G1 X84.489 Y115.812 E24.56417
G1 X85.594 Y111.688 E24.76952
G1 X85.291 Y111.877 E24.7867
G1 X99.322 Y125.907 E25.74104
G1 X99.749 Y125.907 E25.76158
G1 X110.335 Y86.402 E27.72867
G1 X110.335 Y86.402 F7800
G1 X110.942 Y86.402
G1 F4800
G1 X139.992 Y115.452 E29.70462
G1 X139.992 Y115.398 E29.70722
G1 X137.207 Y125.794 E30.22486
G1 X137.657 Y125.794 E30.2465
G1 X139.99 Y125.169 E30.36267
G1 X139.99 Y125.674 E30.38696
G1 X100.717 Y86.402 E33.05823
G1 X100.295 Y86.402 E33.07853
G1 X87.227 Y89.903 E33.72922
G1 X87.227 Y91.124 E33.78795
G1 X87.227 Y91.124 F7800
G1 X87.227 Y91.593
G1 F4800
G1 X87.227 Y92.897 E33.85067
G1 X111.469 Y86.402 E35.05775
G1 X111.832 Y86.402 E35.07521
G1 X101.246 Y125.907 E37.0423
G1 X101.367 Y125.907 E37.04812
G1 X86.551 Y111.092 E38.05585
G1 X86.676 Y111.01 E38.06304
G1 X139.997 Y96.722 E40.71807
G1 X139.997 Y97.051 E40.73389
G1 X129.348 Y86.402 E41.45822
G1 X129.797 Y86.402 E41.47982
G1 X119.242 Y125.794 E43.44127
G1 X119.659 Y125.794 E43.46133
G1 X87.227 Y93.362 E45.66732
G1 E43.66732 F2400
G92 E0
G1 X87.227 Y88.406 F7800
G1 E2 F2400
G1 F4800
G1 X94.707 Y86.402 E2.37245
G1 X94.582 Y86.402 E2.37846
G1 X133.974 Y125.794 E5.05786
G1 X134.213 Y125.794 E5.06936
G1 X139.995 Y104.208 E6.14417
G1 X89.292 Y117.794 E8.66884
G1 X89.292 Y117.923 E8.67504
G1 X97.277 Y125.907 E9.21814
G1 X96.755 Y125.907 E9.24325
G1 X107.341 Y86.402 E11.21034
G1 X106.852 Y86.402 E11.23386
G1 X139.991 Y119.541 E13.48794
G1 X139.991 Y119.18 E13.5053
G1 X115.308 Y125.794 E14.73435
G1 X115.569 Y125.794 E14.7469
G1 X87.227 Y97.452 E16.67469
G1 X87.227 Y97.388 E16.67777
G1 X128.3 Y86.402 E18.72269
G1 X117.745 Y125.794 E20.68414
G1 X117.614 Y125.794 E20.69044
G1 X87.227 Y95.407 E22.75733
G1 X87.227 Y95.891 E22.78061
G1 X122.643 Y86.402 E24.54408
G1 X122.312 Y86.402 E24.56
G1 X109.848 Y132.918 E26.87618
G1 X109.484 Y132.939 E26.89372
G1 X108.813 Y133.105 E26.92697
G1 X108.813 Y133.105 F7800
G1 X108.127 Y132.668
G1 F4800
G1 X108.633 Y133.174 E26.96139
G1 X108.215 Y133.423 E26.98479
G1 X120.814 Y86.402 E29.32612
G1 X121.168 Y86.402 E29.34315
G1 X139.995 Y105.229 E30.62374
G1 E28.62374 F2400
G92 E0
G1 X139.994 Y110.197 F7800
G1 E2 F2400
G1 F4800
G1 X89.295 Y123.782 E4.52447
G1 X89.295 Y124.061 E4.53789
G1 X91.141 Y125.907 E4.66345
G1 X90.767 Y125.907 E4.68144
G1 X101.352 Y86.402 E6.64852
G1 X102.569 Y86.402 E6.70705
G1 X102.569 Y86.402 F7800
G1 X103.042 Y86.402
G1 F4800
G1 X104.347 Y86.402 E6.76982
G1 X93.761 Y125.907 E8.73691
G1 X95.039 Y125.907 E8.79838
G1 X95.039 Y125.907 F7800
G1 X93.186 Y125.907
G1 F4800
G1 X89.294 Y122.015 E9.06311
G1 X89.294 Y122.285 E9.0761
G1 X139.994 Y108.7 E11.60062
G1 X139.994 Y107.466 E11.65997
G1 X139.994 Y107.466 F7800
G1 X139.995 Y107.01
G1 F4800
G1 X139.995 Y105.706 E11.72269
G1 X89.293 Y119.291 E14.2473
G1 E12.2473 F2400
G92 E0
G1 X89.293 Y119.291 F7800
G1 X89.294 Y121.822
G1 E2 F2400
G1 F4800
G1 X89.294 Y120.788 E2.04973
G1 X139.995 Y107.203 E4.57429
G1 X139.994 Y107.274 E4.57771
G1 X119.122 Y86.402 E5.9974
G1 X119.317 Y86.402 E6.00678
G1 X108.077 Y128.35 E8.09551
G1 X108.117 Y128.568 E8.10617
G1 X111.798 Y132.248 E8.35651
G1 E6.35651 F2400
G92 E0
G1 X111.798 Y132.248 F7800
G1 X107.082 Y127.122
G1 E2 F2400
G1 F4800
G1 X107.772 Y127.813 E2.04697
G1 X113.333 Y126.323 E2.32387
G1 E.32387 F2400
G92 E0
G1 X113.333 Y126.323 F7800
G1 X116.248 Y125.794
G1 E2 F2400
G1 F4800
G1 X126.803 Y86.402 E3.96145
G1 X125.498 Y86.402 E4.02422
G1 X125.498 Y86.402 F7800
G1 X127.303 Y86.402
G1 F4800
G1 X139.997 Y99.095 E4.88762
G1 X139.997 Y99.095 F7800
G1 X139.996 Y99.717
G1 F4800
G1 X79.91 Y115.817 E7.8795
G1 X79.997 Y115.817 E7.88368
G1 X80.711 Y113.152 E8.01638
G1 X80.463 Y113.184 E8.02841
G1 X83.093 Y115.814 E8.2073
G1 X82.992 Y115.814 E8.21216
G1 X83.816 Y112.739 E8.36527
G1 X84.023 Y112.654 E8.37603
G1 X87.179 Y115.81 E8.5907
G1 X87.484 Y115.81 E8.60537
G1 X95.364 Y86.402 E10.06969
G1 X96.434 Y86.402 E10.12115
G1 E8.12115 F2400
G92 E0
G1 X96.434 Y86.402 F7800
G1 X93.867 Y86.402
G1 E2 F2400
G1 F4800
G1 X85.987 Y115.811 E3.46437
G1 E1.46437 F2400
G92 E0
G1 X85.987 Y115.811 F7800
G1 X138.779 Y86.402
G1 E2 F2400
G1 F4800
G1 X128.224 Y125.794 E3.96145
G1 X127.839 Y125.794 E3.97997
G1 X88.563 Y86.517 E6.65151
G1 X88.686 Y86.402 E6.65961
G1 X89.376 Y86.402 E6.6928
G1 X87.227 Y94.394 E7.09084
G1 X117.077 Y86.402 E8.57709
G1 X139.994 Y109.318 E10.13584
G1 X139.994 Y109.805 E10.15926
G1 X135.71 Y125.794 E10.9554
G1 X136.019 Y125.794 E10.97026
G1 X96.627 Y86.402 E13.64966
G1 X96.861 Y86.402 E13.66091
G1 X88.892 Y116.142 E15.14176
G1 X89.072 Y116.356 E15.15521
G1 X139.996 Y102.711 E17.69088
G1 X139.996 Y103.185 E17.71368
G1 X123.213 Y86.402 E18.85524
G1 X123.809 Y86.402 E18.88391
G1 X112.987 Y126.786 E20.89477
G1 X112.767 Y127.082 E20.91251
G1 X87.227 Y101.542 E22.64971
G1 X87.227 Y101.88 E22.66597
G1 X143.14 Y86.89 E25.45016
G1 X142.408 Y89.619 E25.58606
G1 X142.636 Y89.464 E25.59932
G1 X139.573 Y86.402 E25.80763
G1 X139.405 Y86.402 E25.81571
G1 X87.227 Y100.383 E28.41382
G1 X87.227 Y100.008 E28.43186
G1 X90.873 Y86.402 E29.10935
G1 X90.492 Y86.402 E29.12767
G1 X129.884 Y125.794 E31.80707
G1 X129.721 Y125.794 E31.81491
G1 X140.301 Y86.312 E33.78086
G1 X139.766 Y86.402 E33.80695
G1 X139.766 Y86.402 F7800
G1 X141.088 Y85.6
G1 F4800
G1 X141.894 Y84.632 E33.86753
G1 X142.018 Y84.757 E33.876
G1 X142.049 Y85.042 E33.88979
G1 E31.88979 F2400
G92 E0
G1 X142.049 Y85.042 F7800
G1 X147.625 Y83.174
G1 E2 F2400
;TYPE:Solid infill
;WIDTH:0.405386
G1 F1200
G1 X147.813 Y83.687 E2.02324
G1 X147.912 Y84.075 E2.04027
G1 X147.979 Y84.082 E2.04314
G1 X148.182 Y83.598 E2.06546
G1 X147.784 Y83.245 E2.08809
;LAYER_CHANGE
;Z:3.65
;HEIGHT:0.3
 ; After First Layer

G1 Z3.65 F7800
G1 E.08809 F2400
G1 Z3.65 F7800
G1 X144.893 Y81.816
G1 E2.08809 F2400
;TYPE:Perimeter
;WIDTH:0.552623
G1 F900
G1 X144.793 Y81.849 E2.0945
;WIDTH:0.511553
G1 X144.694 Y81.881 E2.1003
;WIDTH:0.470483
G1 X144.594 Y81.914 E2.10563
;WIDTH:0.429413
G1 X144.494 Y81.947 E2.11042
;WIDTH:0.388343
G1 X143.985 Y82.098 E2.13187
;WIDTH:0.414463
G1 X143.51 Y82.336 E2.15507
G1 X143.757 Y82.094 E2.17017
;WIDTH:0.391756
G1 X144.231 Y81.657 E2.19649
;WIDTH:0.388343
G1 X144.493 Y81.687 E2.20715
;WIDTH:0.429413
G1 X144.593 Y81.719 E2.21193
;WIDTH:0.470483
G1 X144.693 Y81.752 E2.21726
;WIDTH:0.511553
G1 X144.793 Y81.784 E2.22312
;WIDTH:0.552623
G1 X144.836 Y81.798 E2.22587
G1 E.22587 F2400
G92 E0
G1 X144.836 Y81.798 F7800
G1 X147.359 Y86.036
G1 E2 F2400
;WIDTH:0.617153
G1 F3600
G1 X147.339 Y86.143 E2.0075
;WIDTH:0.569885
G1 X147.32 Y86.251 E2.01441
;WIDTH:0.522617
G1 X147.3 Y86.359 E2.02069
;WIDTH:0.475349
G1 X147.281 Y86.466 E2.02626
;WIDTH:0.428082
G1 X147.203 Y86.653 E2.03545
G1 X146.842 Y86.949 E2.05663
;WIDTH:0.416724
G1 X146.372 Y87.265 E2.08152
;WIDTH:0.45
G1 X145.891 Y87.575 E2.10904
G1 X141.28 Y90.739 E2.378
G1 X140.549 Y91.265 E2.42131
G1 X140.359 Y91.549 E2.43774
G1 X140.279 Y91.934 E2.45665
G1 X140.279 Y126.083 E4.0991
G1 X114.211 Y126.094 E5.35288
G1 X113.858 Y126.223 E5.37096
G1 X113.584 Y126.471 E5.38873
G1 X112.278 Y128.219 E5.49368
G1 X112.152 Y128.447 E5.50621
G1 X112.087 Y128.796 E5.52328
G1 X112.095 Y135.194 E5.831
G1 X111.984 Y134.738 E5.85357
G1 X111.776 Y134.316 E5.8762
G1 X111.488 Y133.944 E5.89883
G1 X111.133 Y133.636 E5.92143
G1 X110.723 Y133.405 E5.94406
G1 X110.276 Y133.259 E5.96668
G1 X109.809 Y133.205 E5.98929
G1 X109.341 Y133.244 E6.01188
G1 X108.889 Y133.376 E6.03453
G1 X108.473 Y133.594 E6.05712
G1 X108.108 Y133.891 E6.07975
G1 X107.838 Y134.215 E6.10003
G1 X107.838 Y128.796 E6.36067
G1 X107.823 Y128.52 E6.37396
G1 X107.729 Y128.241 E6.38812
G1 X107.556 Y128.004 E6.40223
G1 X105.97 Y126.423 E6.50994
G1 X105.705 Y126.265 E6.52478
G1 X105.348 Y126.197 E6.54226
G1 X89.006 Y126.197 E7.32825
G1 X89.003 Y116.988 E7.77117
G1 X88.899 Y116.621 E7.78952
G1 X88.691 Y116.349 E7.80599
G1 X88.375 Y116.158 E7.82375
G1 X88.042 Y116.098 E7.84002
G1 X78.73 Y116.106 E8.2879
G1 X78.364 Y116.23 E8.30649
G1 X76.473 Y117.333 E8.41178
G1 X76.048 Y117.615 E8.43631
G1 X76.164 Y117.402 E8.44798
G1 X76.358 Y116.879 E8.47481
G1 X76.426 Y116.388 E8.49865
G1 X76.396 Y115.893 E8.5225
G1 X76.268 Y115.414 E8.54635
G1 X76.048 Y114.97 E8.57018
G1 X75.744 Y114.578 E8.59404
G1 X75.369 Y114.254 E8.61788
G1 X74.936 Y114.011 E8.64176
G1 X74.465 Y113.859 E8.66556
G1 X73.972 Y113.803 E8.68942
G1 X74.323 Y113.665 E8.70756
G1 X83.576 Y112.5 E9.15611
G1 X83.965 Y112.362 E9.17596
G1 X86.483 Y110.793 E9.31865
G1 X86.741 Y110.558 E9.33543
G1 X86.885 Y110.29 E9.35006
G1 X86.938 Y109.975 E9.36542
G1 X86.938 Y87.65 E10.43917
G1 X88.571 Y86.112 E10.54706
G1 X139.139 Y86.112 E12.97921
G1 X140.083 Y86.083 E13.02463
G1 X140.316 Y85.99 E13.0367
G1 X140.588 Y85.762 E13.05377
G1 X142.313 Y83.674 E13.18403
G1 X142.691 Y83.191 E13.21353
G1 X142.497 Y83.553 E13.23328
G1 X142.346 Y84.068 E13.25909
G1 X142.3 Y84.603 E13.28492
G1 X142.361 Y85.137 E13.31077
G1 X142.526 Y85.648 E13.3366
G1 X142.79 Y86.116 E13.36244
G1 X143.141 Y86.522 E13.38825
G1 X143.566 Y86.851 E13.4141
G1 X144.047 Y87.089 E13.43991
G1 X144.457 Y87.208 E13.46044
G1 X144.967 Y87.261 E13.4851
G1 X145.502 Y87.214 E13.51093
G1 X146.015 Y87.054 E13.53678
;WIDTH:0.435577
G1 X146.48 Y86.789 E13.56156
;WIDTH:0.428082
G1 X146.912 Y86.448 E13.58653
;WIDTH:0.475349
G1 X147.024 Y86.345 E13.59433
;WIDTH:0.522617
G1 X147.135 Y86.242 E13.60298
;WIDTH:0.569885
G1 X147.247 Y86.139 E13.61257
;WIDTH:0.617153
G1 X147.315 Y86.077 E13.61891
G1 E11.61891 F2400
G92 E0
G1 X147.315 Y86.077 F7800
G1 X146.923 Y82.66
G1 E2 F2400
;WIDTH:0.512263
G1 F900
G1 X146.822 Y82.553 E2.00822
;WIDTH:0.500527
G1 X146.389 Y82.226 E2.03774
;WIDTH:0.546002
G1 X146.15 Y82.09 E2.05426
;WIDTH:0.591477
G1 X145.911 Y81.953 E2.07237
G1 X146.121 Y81.953 E2.08618
;WIDTH:0.543607
G1 X146.867 Y82.018 E2.13094
;WIDTH:0.500527
G1 X147.174 Y82.299 E2.15358
;WIDTH:0.517384
G1 X147.568 Y82.691 E2.18498
G1 X147.768 Y82.857 E2.19967
;WIDTH:0.483692
G1 X147.969 Y83.024 E2.21334
;WIDTH:0.45
G1 X148.502 Y83.527 E2.24859
G1 X148.385 Y83.805 E2.2631
G1 X148.005 Y84.711 E2.31035
;WIDTH:0.498979
G1 X147.939 Y84.805 E2.31658
;WIDTH:0.547959
G1 X147.873 Y84.899 E2.32351
;WIDTH:0.596939
G1 X147.807 Y84.992 E2.33108
;WIDTH:0.645919
G1 X147.742 Y85.086 E2.33937
G1 X147.729 Y84.932 E2.35058
;WIDTH:0.596939
G1 X147.716 Y84.777 E2.36091
;WIDTH:0.547959
G1 X147.704 Y84.623 E2.37023
;WIDTH:0.498979
G1 X147.691 Y84.468 E2.37866
;WIDTH:0.45
G1 X147.619 Y83.937 E2.40443
G1 X147.442 Y83.43 E2.43026
;WIDTH:0.481131
G1 X147.317 Y83.188 E2.44442
;WIDTH:0.512263
G1 X147.193 Y82.947 E2.45956
G1 X146.964 Y82.704 E2.47821
G1 X146.964 Y82.704 F7800
G1 X146.606 Y82.912
;WIDTH:0.45
G1 F900
G1 X146.651 Y82.95 E2.48104
G1 X146.938 Y83.31 E2.50318
G1 X147.148 Y83.72 E2.52534
G1 X147.273 Y84.163 E2.54748
G1 X147.309 Y84.608 E2.56895
G1 X147.273 Y84.967 E2.5863
G1 X147.148 Y85.409 E2.60839
G1 X146.938 Y85.819 E2.63055
G1 X146.651 Y86.179 E2.65269
G1 X146.299 Y86.475 E2.67481
G1 X145.894 Y86.695 E2.69698
G1 X145.454 Y86.831 E2.71913
G1 X144.996 Y86.877 E2.74127
G1 X144.552 Y86.835 E2.76272
G1 X144.205 Y86.737 E2.78006
G1 X143.791 Y86.538 E2.80215
G1 X143.424 Y86.26 E2.82429
G1 X143.119 Y85.914 E2.84647
G1 X142.889 Y85.516 E2.86858
G1 X142.742 Y85.079 E2.89076
G1 X142.685 Y84.622 E2.91291
G1 X142.719 Y84.163 E2.93505
G1 X142.844 Y83.72 E2.95719
G1 X143.054 Y83.31 E2.97935
G1 X143.341 Y82.951 E3.00146
G1 X143.6 Y82.722 E3.01809
G1 X144.098 Y82.434 E3.04576
G1 X144.538 Y82.299 E3.0679
G1 X144.996 Y82.253 E3.09004
G1 X145.454 Y82.299 E3.11218
G1 X145.894 Y82.434 E3.13432
G1 X146.378 Y82.718 E3.16131
G1 X146.56 Y82.873 E3.17281
G1 X146.56 Y82.873 F7800
G1 X146.356 Y83.198
;TYPE:External perimeter
G1 F900
G1 X146.6 Y83.495 E3.1913
G1 X146.829 Y83.992 E3.21762
G1 X146.889 Y84.202 E3.22812
G1 X146.924 Y84.579 E3.24633
G1 X146.899 Y84.871 E3.26043
G1 X146.801 Y85.242 E3.27889
G1 X146.631 Y85.586 E3.29735
G1 X146.396 Y85.89 E3.31583
G1 X146.106 Y86.141 E3.33428
G1 X145.771 Y86.33 E3.35278
G1 X145.406 Y86.448 E3.37123
G1 X145.025 Y86.492 E3.38968
G1 X144.648 Y86.461 E3.40787
G1 X144.364 Y86.386 E3.422
G1 X144.016 Y86.224 E3.44046
G1 X143.612 Y85.895 E3.46552
G1 X143.322 Y85.508 E3.48878
G1 X143.123 Y85.022 E3.51404
G1 X143.07 Y84.642 E3.53249
G1 X143.093 Y84.259 E3.55094
G1 X143.191 Y83.887 E3.56944
G1 X143.361 Y83.543 E3.5879
G1 X143.596 Y83.24 E3.60634
G1 X143.855 Y83.011 E3.62297
G1 X144.221 Y82.8 E3.64329
G1 X144.586 Y82.681 E3.66175
G1 X144.967 Y82.637 E3.6802
G1 X145.35 Y82.67 E3.69869
G1 X145.718 Y82.777 E3.71712
G1 X146.137 Y83.019 E3.74039
G1 X146.309 Y83.16 E3.75109
G1 X146.569 Y83.465 F7800
G1 E1.75109 F2400
G92 E0
G1 X144.893 Y81.816 F7800
G1 E2 F2400
;TYPE:Perimeter
;WIDTH:0.552623
G1 F3600
G1 X145.412 Y81.861 E2.03172
;WIDTH:0.557489
G1 X145.661 Y81.907 E2.04729
;WIDTH:0.591477
G1 X145.911 Y81.953 E2.064
G1 E.064 F2400
G92 E0
G1 X145.911 Y81.953 F7800
G1 X147.742 Y85.086
G1 E2 F2400
;WIDTH:0.645919
G1 F3600
G1 X147.649 Y85.346 E2.02003
;WIDTH:0.615415
G1 X147.557 Y85.606 E2.03898
;WIDTH:0.617153
G1 X147.359 Y86.036 E2.07162
G1 E.07162 F2400
G92 E0
G1 X147.359 Y86.036 F7800
G1 X112.09 Y136.01
G1 E2 F2400
;WIDTH:0.442633
G1 F900
G1 X112.094 Y136.41 E2.01887
;WIDTH:0.435979
G1 X112.094 Y136.945 E2.04367
G1 X112.025 Y137.104 E2.0517
;WIDTH:0.460414
G1 X111.82 Y137.38 E2.06868
;WIDTH:0.4858
G1 X111.616 Y137.655 E2.08668
;WIDTH:0.527439
G1 X111.45 Y137.862 E2.102
;WIDTH:0.569079
G1 X111.283 Y138.069 E2.11874
;WIDTH:0.610719
G1 X111.116 Y138.276 E2.13686
G1 X110.753 Y138.299 E2.16165
;WIDTH:0.565219
G1 X110.493 Y138.317 E2.17793
;WIDTH:0.528786
G1 X110.233 Y138.335 E2.19303
;WIDTH:0.492353
G1 X109.719 Y138.345 E2.22047
;WIDTH:0.511136
G1 X109.041 Y138.326 E2.25826
G1 X108.167 Y137.317 E2.33264
;WIDTH:0.502287
G1 X108.395 Y137.517 E2.34921
;WIDTH:0.511136
G1 X108.807 Y137.755 E2.37572
G1 X109.206 Y137.887 E2.39914
G1 X109.734 Y137.938 E2.4287
;WIDTH:0.496752
G1 X110.254 Y137.904 E2.4568
;WIDTH:0.534741
G1 X110.45 Y137.857 E2.46862
;WIDTH:0.57273
G1 X110.647 Y137.809 E2.48148
;WIDTH:0.610719
G1 X110.843 Y137.762 E2.49521
G1 X110.968 Y137.669 E2.50583
;WIDTH:0.574373
G1 X111.093 Y137.576 E2.51574
;WIDTH:0.538027
G1 X111.355 Y137.301 E2.53818
;WIDTH:0.490804
G1 X111.617 Y137.025 E2.55842
;WIDTH:0.443581
G1 X111.903 Y136.568 E2.58392
;WIDTH:0.442633
G1 X112.071 Y136.066 E2.60889
G1 E.60889 F2400
G92 E0
G1 X112.071 Y136.066 F7800
G1 X110.111 Y133.624
G1 E2 F2400
;WIDTH:0.45
G1 F900
G1 X110.172 Y133.63 E2.00295
G1 X110.547 Y133.748 E2.02186
G1 X110.892 Y133.938 E2.0408
G1 X111.193 Y134.192 E2.05974
G1 X111.437 Y134.501 E2.07868
G1 X111.615 Y134.852 E2.09761
G1 X111.72 Y135.231 E2.11653
G1 X111.748 Y135.624 E2.13548
G1 X111.697 Y136.014 E2.1544
G1 X111.57 Y136.387 E2.17335
G1 X111.437 Y136.631 E2.18672
G1 X111.004 Y137.107 E2.21767
G1 X110.532 Y137.391 E2.24416
G1 X110.156 Y137.505 E2.26306
G1 X109.764 Y137.543 E2.282
G1 X109.318 Y137.487 E2.30362
G1 X108.997 Y137.384 E2.31983
G1 X108.652 Y137.195 E2.33875
G1 X108.351 Y136.94 E2.35772
G1 X108.107 Y136.632 E2.37662
G1 X107.929 Y136.281 E2.39555
;WIDTH:0.449868
G1 X107.827 Y135.904 E2.41433
;WIDTH:0.443732
G1 X107.81 Y135.491 E2.43389
;WIDTH:0.475485
G1 X107.873 Y134.989 E2.45983
G1 X108.116 Y134.487 E2.48843
;WIDTH:0.45
G1 X108.363 Y134.18 E2.50738
G1 X108.665 Y133.928 E2.5263
G1 X109.012 Y133.742 E2.54524
G1 X109.389 Y133.627 E2.5642
G1 X109.78 Y133.59 E2.58309
G1 X110.052 Y133.618 E2.59624
G1 X110.052 Y133.618 F7800
G1 X110.067 Y134.002
;TYPE:External perimeter
G1 F900
G1 X110.372 Y134.091 E2.61152
G1 X110.652 Y134.239 E2.62675
G1 X110.897 Y134.44 E2.64199
G1 X111.098 Y134.685 E2.65723
G1 X111.247 Y134.965 E2.67249
G1 X111.336 Y135.27 E2.68777
G1 X111.364 Y135.585 E2.70298
G1 X111.329 Y135.9 E2.71822
G1 X111.232 Y136.202 E2.73348
G1 X111.098 Y136.447 E2.74691
G1 X110.727 Y136.838 E2.77283
G1 X110.409 Y137.025 E2.79057
G1 X110.108 Y137.123 E2.8058
G1 X109.793 Y137.158 E2.82104
G1 X109.423 Y137.116 E2.83895
G1 X109.172 Y137.041 E2.85155
G1 X108.892 Y136.893 E2.86678
G1 X108.647 Y136.693 E2.88199
G1 X108.446 Y136.447 E2.89727
G1 X108.297 Y136.167 E2.91253
G1 X108.208 Y135.864 E2.92772
G1 X108.182 Y135.553 E2.94273
G1 X108.266 Y135.055 E2.96702
G1 X108.424 Y134.72 E2.98483
G1 X108.618 Y134.469 E3.00009
G1 X108.858 Y134.262 E3.01533
G1 X109.135 Y134.107 E3.0306
G1 X109.436 Y134.01 E3.04581
G1 X109.752 Y133.974 E3.06111
G1 X110.008 Y133.996 E3.07347
G1 X110.39 Y134.113 F7800
G1 E1.07347 F2400
G92 E0
G1 X112.095 Y135.194 F7800
G1 E2 F2400
;TYPE:Perimeter
;WIDTH:0.432939
G1 F3600
G1 X112.095 Y135.939 E2.03425
;WIDTH:0.442633
G1 X112.09 Y136.01 E2.03761
G1 E.03761 F2400
G92 E0
G1 X112.09 Y136.01 F7800
G1 X75.727 Y118.046
G1 E2 F2400
;WIDTH:0.519159
G1 F900
G1 X75.463 Y118.422 E2.02606
G1 X75.017 Y119.123 E2.07319
G1 X74.188 Y118.965 E2.12106
;WIDTH:0.552549
G1 X73.923 Y118.897 E2.13772
;WIDTH:0.585939
G1 X73.658 Y118.83 E2.1555
G1 X73.673 Y118.831 E2.15648
;WIDTH:0.583381
G1 X74.074 Y118.795 E2.18254
;WIDTH:0.55127
G1 X74.474 Y118.759 E2.20693
;WIDTH:0.519159
G1 X74.952 Y118.604 E2.23543
G1 X75.39 Y118.357 E2.26395
G1 X75.683 Y118.087 E2.28655
G1 E.28655 F2400
G92 E0
G1 X75.683 Y118.087 F7800
G1 X73.098 Y118.716
G1 E2 F2400
;WIDTH:0.600421
G1 F900
G1 X72.991 Y118.719 E2.00716
;WIDTH:0.553891
G1 X72.884 Y118.722 E2.0137
;WIDTH:0.507361
G1 X72.622 Y118.694 E2.02826
;WIDTH:0.465184
G1 X72.361 Y118.666 E2.04138
;WIDTH:0.423007
G1 X72.072 Y118.329 E2.06124
;WIDTH:0.376747
G1 X71.72 Y117.892 E2.0831
;WIDTH:0.397454
G1 X71.337 Y117.362 E2.11026
G1 X71.496 Y116.361 E2.15237
G1 X71.502 Y116.619 E2.16309
G1 X71.633 Y117.163 E2.18634
G1 X71.867 Y117.593 E2.20668
;WIDTH:0.369348
G1 X72.248 Y118.069 E2.22987
;WIDTH:0.396177
G1 X72.462 Y118.246 E2.24136
;WIDTH:0.423007
G1 X72.675 Y118.422 E2.25372
;WIDTH:0.46736
G1 X72.781 Y118.496 E2.26022
;WIDTH:0.511714
G1 X72.887 Y118.569 E2.2674
;WIDTH:0.556067
G1 X72.992 Y118.642 E2.27524
;WIDTH:0.600421
G1 X73.049 Y118.682 E2.2799
G1 E.2799 F2400
G92 E0
G1 X73.049 Y118.682 F7800
G1 X72.692 Y114.177
G1 E2 F2400
;WIDTH:0.389289
G1 F900
G1 X72.579 Y114.242 E2.00528
G1 X72.2 Y114.552 E2.02512
G1 X71.889 Y114.931 E2.04499
G1 X71.643 Y115.413 E2.06692
G1 X71.791 Y114.477 E2.10532
G1 X72.635 Y114.196 E2.14137
G1 E.14137 F2400
G92 E0
G1 X72.635 Y114.196 F7800
G1 X75.996 Y115.873
G1 E2 F2400
;WIDTH:0.45
G1 F900
G1 X76.012 Y115.932 E2.00294
G1 X76.042 Y116.35 E2.0231
G1 X75.989 Y116.766 E2.04327
G1 X75.825 Y117.217 E2.06635
G1 X75.625 Y117.548 E2.08495
G1 X75.366 Y117.839 E2.10369
G1 X75.031 Y118.091 E2.12385
G1 X74.653 Y118.272 E2.14401
G1 X74.204 Y118.376 E2.16618
G1 X73.673 Y118.376 E2.19172
G1 X73.223 Y118.272 E2.21393
G1 X72.748 Y118.029 E2.23959
G1 X72.428 Y117.759 E2.25973
G1 X72.167 Y117.43 E2.27993
G1 X71.977 Y117.057 E2.30006
G1 X71.861 Y116.61 E2.32227
;WIDTH:0.495947
G1 X71.834 Y116.433 E2.33191
;WIDTH:0.541895
G1 X71.807 Y116.257 E2.34251
;WIDTH:0.587843
G1 X71.779 Y116.08 E2.35421
;WIDTH:0.599696
G1 X71.868 Y115.608 E2.38628
G1 X71.906 Y115.578 E2.38951
;WIDTH:0.549797
G1 X71.943 Y115.548 E2.39239
;WIDTH:0.499898
G1 X71.98 Y115.518 E2.39498
;WIDTH:0.45
G1 X72.173 Y115.146 E2.41514
G1 X72.435 Y114.819 E2.43529
;WIDTH:0.493763
G1 X72.619 Y114.66 E2.44831
;WIDTH:0.537526
G1 X72.803 Y114.5 E2.4627
;WIDTH:0.581289
G1 X72.987 Y114.341 E2.47838
;WIDTH:0.594025
G1 X73.517 Y114.156 E2.51546
G1 X73.76 Y114.174 E2.53156
;WIDTH:0.546016
G1 X74.004 Y114.192 E2.54626
;WIDTH:0.498008
G1 X74.247 Y114.21 E2.55944
;WIDTH:0.45
G1 X74.761 Y114.354 E2.58511
G1 X75.128 Y114.556 E2.60526
G1 X75.449 Y114.826 E2.62543
G1 X75.709 Y115.154 E2.64556
G1 X75.9 Y115.528 E2.66576
G1 X75.98 Y115.815 E2.68009
G1 X75.98 Y115.815 F7800
G1 X75.628 Y115.97
;TYPE:External perimeter
G1 F900
G1 X75.659 Y116.312 E2.69661
G1 X75.621 Y116.652 E2.71306
G1 X75.487 Y117.033 E2.73249
G1 X75.33 Y117.3 E2.74739
G1 X75.126 Y117.537 E2.76243
G1 X74.856 Y117.748 E2.77891
G1 X74.549 Y117.901 E2.79541
G1 X74.204 Y117.991 E2.81256
G1 X73.67 Y117.991 E2.83824
G1 X73.292 Y117.887 E2.8571
G1 X72.988 Y117.727 E2.87362
G1 X72.723 Y117.511 E2.89006
G1 X72.506 Y117.246 E2.90653
G1 X72.345 Y116.943 E2.92303
G1 X72.247 Y116.6 E2.94019
G1 X72.234 Y116.067 E2.96583
G1 X72.328 Y115.686 E2.9847
G1 X72.48 Y115.379 E3.00118
G1 X72.69 Y115.108 E3.01767
G1 X72.949 Y114.884 E3.03414
G1 X73.248 Y114.716 E3.05064
G1 X73.574 Y114.611 E3.06711
G1 X73.914 Y114.572 E3.08357
G1 X74.256 Y114.601 E3.10008
G1 X74.585 Y114.698 E3.11658
G1 X74.888 Y114.857 E3.13304
G1 X75.153 Y115.074 E3.14951
G1 X75.371 Y115.339 E3.16601
G1 X75.531 Y115.642 E3.18249
G1 X75.611 Y115.913 E3.19608
G1 X75.647 Y116.311 F7800
G1 E1.19608 F2400
G92 E0
G1 X73.658 Y118.83 F7800
G1 E2 F2400
;TYPE:Perimeter
;WIDTH:0.600421
G1 F3600
G1 X73.098 Y118.716 E2.03821
G1 E.03821 F2400
G92 E0
G1 X73.098 Y118.716 F7800
G1 X88.128 Y116.505
G1 E2 F2400
;WIDTH:0.45
G1 F3600
G1 X88.042 Y116.484 E2.00426
G1 X78.85 Y116.484 E2.44636
G1 X78.559 Y116.563 E2.46086
G1 X76.43 Y117.804 E2.57938
G1 X76.234 Y117.993 E2.59248
G1 X75.218 Y119.589 E2.68348
G1 X72.152 Y119.005 E2.8336
G1 X70.957 Y117.458 E2.92762
G1 X71.101 Y116.559 E2.97141
;WIDTH:0.496909
G1 X71.152 Y116.385 E2.98119
;WIDTH:0.543818
G1 X71.203 Y116.211 E2.99203
;WIDTH:0.590727
G1 X71.255 Y116.037 E3.00395
;WIDTH:0.599696
G1 X71.345 Y115.5 E3.0403
G1 X71.33 Y115.435 E3.04475
;WIDTH:0.549797
G1 X71.315 Y115.37 E3.04879
;WIDTH:0.499898
G1 X71.3 Y115.306 E3.05236
;WIDTH:0.45
G1 X71.474 Y114.209 E3.10578
G1 X72.456 Y113.881 E3.15558
;WIDTH:0.493763
G1 X72.559 Y113.87 E3.16113
;WIDTH:0.537526
G1 X72.662 Y113.859 E3.16724
;WIDTH:0.581289
G1 X72.765 Y113.847 E3.17393
;WIDTH:0.585169
G1 X73.227 Y113.696 E3.2055
G1 X73.375 Y113.628 E3.21608
;WIDTH:0.551405
G1 X73.524 Y113.561 E3.226
;WIDTH:0.517641
G1 X73.672 Y113.494 E3.23518
;WIDTH:0.483877
G1 X74.237 Y113.288 E3.26665
;WIDTH:0.45
G1 X83.528 Y112.117 E3.71705
G1 X83.761 Y112.034 E3.72895
G1 X86.279 Y110.466 E3.87162
G1 X86.372 Y110.394 E3.87728
G1 X86.503 Y110.209 E3.88818
G1 X86.552 Y109.975 E3.89968
G1 X86.552 Y87.483 E4.98147
G1 X88.418 Y85.727 E5.10471
G1 X139.845 Y85.727 E7.57817
G1 X140.085 Y85.675 E7.58998
G1 X140.291 Y85.517 E7.60247
G1 X142.771 Y82.515 E7.78975
G1 X144.111 Y81.286 E7.8772
G1 X147.05 Y81.625 E8.01949
G1 X148.96 Y83.43 E8.14589
G1 X148.74 Y83.954 E8.17322
G1 X147.485 Y86.949 E8.3294
G1 X140.827 Y91.532 E8.71816
G1 X140.713 Y91.703 E8.72804
G1 X140.665 Y91.934 E8.73939
G1 X140.665 Y126.469 E10.4004
G1 X114.357 Y126.469 E11.66572
G1 X114.115 Y126.522 E11.67764
G1 X113.893 Y126.701 E11.69136
G1 X112.548 Y128.511 E11.79982
G1 X112.472 Y128.796 E11.81401
G1 X112.472 Y137.119 E12.21432
G1 X111.362 Y138.742 E12.30889
G1 X108.847 Y138.742 E12.42985
G1 X107.452 Y137.085 E12.53403
G1 X107.451 Y135.977 E12.58732
;WIDTH:0.447399
G1 X107.444 Y135.46 E12.61202
;WIDTH:0.475485
G1 X107.465 Y134.955 E12.63794
G1 X107.452 Y134.447 E12.664
;WIDTH:0.45
G1 X107.452 Y128.796 E12.93579
G1 X107.42 Y128.496 E12.9503
G1 X107.283 Y128.277 E12.96272
G1 X106.258 Y127.252 E13.03244
G1 X105.613 Y126.646 E13.07501
G1 X105.348 Y126.582 E13.08812
G1 X88.621 Y126.582 E13.89263
G1 X88.621 Y117.062 E14.35051
G1 X88.524 Y116.742 E14.36659
G1 X88.311 Y116.55 E14.38038
G1 X88.187 Y116.519 E14.38653
G1 X88.187 Y116.519 F7800
G1 X88.042 Y116.869
;TYPE:External perimeter
G1 F1800
G1 X78.85 Y116.869 E14.82863
G1 X78.753 Y116.896 E14.83347
G1 X77.125 Y117.846 E14.92413
G1 X76.559 Y118.2 E14.95624
G1 X75.403 Y120.017 E15.05982
G1 X71.937 Y119.356 E15.22953
G1 X70.55 Y117.562 E15.3386
G1 X71.13 Y113.917 E15.51612
G1 X74.152 Y112.91 E15.66932
G1 X83.479 Y111.735 E16.12146
G1 X83.557 Y111.707 E16.12545
G1 X86.106 Y110.115 E16.26999
G1 X86.166 Y109.975 E16.27732
G1 X86.166 Y87.316 E17.36714
G1 X88.265 Y85.341 E17.50576
G1 X139.845 Y85.341 E19.98658
G1 X139.993 Y85.271 E19.99445
G1 X142.49 Y82.248 E20.18303
G1 X143.98 Y80.883 E20.28022
G1 X147.221 Y81.257 E20.43714
G1 X149.419 Y83.333 E20.58256
G1 X149.096 Y84.104 E20.62277
G1 X147.797 Y87.202 E20.78434
G1 X141.104 Y91.8 E21.17489
G1 X141.05 Y91.934 E21.18184
G1 X141.05 Y126.855 E22.86142
G1 X114.342 Y126.855 E24.14598
G1 X114.202 Y126.932 E24.15366
G1 X112.896 Y128.681 E24.25865
G1 X112.858 Y128.796 E24.26448
G1 X112.858 Y137.238 E24.67051
G1 X111.565 Y139.128 E24.78065
G1 X108.668 Y139.128 E24.91999
G1 X107.067 Y137.226 E25.03956
G1 X107.067 Y128.686 E25.4503
G1 X107.01 Y128.55 E25.45739
G1 X105.485 Y127.024 E25.56115
G1 X105.348 Y126.968 E25.56827
G1 X88.235 Y126.968 E26.39135
G1 X88.235 Y117.062 E26.86779
G1 X88.191 Y116.939 E26.87407
G1 X88.097 Y116.895 E26.87906
G1 X87.697 Y116.873 F7800
G1 E24.87906 F2400
G92 E0
G1 X142.691 Y83.191 F7800
G1 E2 F2400
;TYPE:Perimeter
;WIDTH:0.417901
G1 F3600
G1 X143.004 Y82.79 E2.02243
;WIDTH:0.414463
G1 X143.51 Y82.336 E2.05211
G1 E.05211 F2400
G92 E0
G1 X143.51 Y82.336 F7800
G1 X108.167 Y137.317
G1 E2 F2400
;WIDTH:0.474337
G1 F3600
G1 X107.844 Y136.942 E2.02531
G1 E.02531 F2400
G92 E0
G1 X107.844 Y136.942 F7800
G1 X76.048 Y117.615
G1 E2 F2400
;WIDTH:0.476731
G1 F3600
G1 X75.727 Y118.046 E2.02764
G1 E.02764 F2400
G92 E0
G1 X75.727 Y118.046 F7800
G1 X76.063 Y113.738
G1 E2 F2400
;TYPE:Internal infill
;WIDTH:0.45
G1 F4800
G1 X75.904 Y114.331 E2.02953
G1 X75.509 Y114.002 E2.05425
G1 X76.879 Y113.635 E2.12247
G1 X76.83 Y113.641 E2.12484
G1 X79.007 Y115.818 E2.27292
G1 X78.487 Y115.863 E2.29802
G1 X79.161 Y113.347 E2.4233
G1 X78.646 Y113.412 E2.44827
G1 X81.05 Y115.816 E2.61179
G1 E.61179 F2400
G92 E0
G1 X81.05 Y115.816 F7800
G1 X78.455 Y113.436
G1 E2 F2400
G1 F4800
G1 X77.612 Y113.543 E2.04087
G1 X76.725 Y116.851 E2.20559
G1 X76.64 Y116.901 E2.21033
G1 X76.688 Y116.68 E2.22121
G1 X77.301 Y116.516 E2.25173
G1 X77.528 Y116.384 E2.26436
G1 X76.575 Y115.431 E2.32918
G1 X76.508 Y115.231 E2.33932
G1 X139.997 Y98.22 E5.50063
G1 X139.997 Y98.62 E5.51987
G1 X132.715 Y125.794 E6.87296
G1 E4.87296 F2400
G92 E0
G1 X132.715 Y125.794 F7800
G1 X130.077 Y125.794
G1 E2 F2400
G1 F4800
G1 X131.218 Y125.794 E2.05488
G1 X139.998 Y93.028 E3.68641
G1 X139.998 Y92.962 E3.68958
G1 X133.438 Y86.402 E4.13578
G1 X133.438 Y86.402 F7800
G1 X132.791 Y86.402
G1 F4800
G1 X122.236 Y125.794 E6.09723
G1 X123.54 Y125.794 E6.15995
G1 X123.54 Y125.794 F7800
G1 X121.704 Y125.794
G1 F4800
G1 X87.227 Y91.317 E8.50504
G1 X87.227 Y91.4 E8.50903
G1 X105.882 Y86.402 E9.43792
G1 X95.232 Y125.907 E11.40581
G1 X89.293 Y119.969 E11.80974
G1 X89.293 Y120.232 E11.82239
G1 X98.358 Y86.402 E13.5069
G1 X98.672 Y86.402 E13.522
G1 X138.064 Y125.794 E16.2014
G1 X138.064 Y125.794 F7800
G1 X138.704 Y125.794
G1 F4800
G1 X139.991 Y120.99 E16.4406
G1 X139.991 Y120.677 E16.45565
G1 X120.895 Y125.794 E17.4065
G1 X120.739 Y125.794 E17.414
G1 X131.294 Y86.402 E19.37545
G1 X131.393 Y86.402 E19.38021
G1 X139.998 Y95.006 E19.96548
G1 X139.998 Y95.225 E19.97601
G1 X87.227 Y109.365 E22.60365
G1 X87.227 Y109.723 E22.62087
G1 X103.412 Y125.907 E23.72172
G1 X103.711 Y125.907 E23.7361
G1 X139.992 Y116.186 E25.54264
G1 E23.54264 F2400
G92 E0
G1 X139.992 Y116.186 F7800
G1 X139.993 Y113.6
G1 E2 F2400
G1 F4800
G1 X139.993 Y114.689 E2.05238
G1 X98.124 Y125.907 E4.13716
G1 X98.252 Y125.907 E4.14332
G1 X108.838 Y86.402 E6.11041
G1 X108.897 Y86.402 E6.11325
G1 X139.992 Y117.496 E8.22826
G1 X139.992 Y117.683 E8.23725
G1 X106.593 Y126.632 E9.90029
G1 X106.946 Y126.986 E9.92433
G1 X117.82 Y86.402 E11.94513
G1 X118.93 Y86.402 E11.99852
G1 E9.99852 F2400
G92 E0
G1 X118.93 Y86.402 F7800
G1 X116.323 Y86.402
G1 E2 F2400
G1 F4800
G1 X105.721 Y125.969 E3.97017
G1 X105.472 Y125.923 E3.98235
G1 X87.227 Y107.677 E5.22339
G1 X87.227 Y107.868 E5.23258
G1 X139.998 Y93.728 E7.86022
G1 E5.86022 F2400
G92 E0
G1 X139.998 Y93.728 F7800
G1 X140.576 Y90.872
G1 E2 F2400
G1 F4800
G1 X142.087 Y85.231 E2.28088
G1 X142.219 Y85.648 E2.30192
G1 X140.713 Y86.051 E2.3769
G1 X140.966 Y85.75 E2.39581
G1 X143.85 Y88.634 E2.59198
G1 X142.795 Y89.355 E2.65344
G1 X142.795 Y89.355 F7800
G1 X144.241 Y88.367
G1 F4800
G1 X144.474 Y87.498 E2.69671
G1 X144.8 Y87.539 E2.71251
G1 X145.065 Y87.804 E2.73053
G1 X144.884 Y87.928 E2.74108
G1 X87.227 Y103.377 E5.61201
G1 X87.227 Y103.587 E5.62211
G1 X111.917 Y128.278 E7.30153
G1 X111.968 Y128.186 E7.30659
G1 X108.127 Y129.215 E7.49784
G1 X108.127 Y130.43 E7.55628
G1 X108.127 Y130.43 F7800
G1 X108.127 Y130.905
G1 F4800
G1 X108.127 Y132.21 E7.61905
G1 X111.798 Y131.226 E7.80185
G1 X111.228 Y133.354 E7.90781
G1 X111.798 Y133.828 E7.94347
G1 X111.798 Y132.723 E7.99662
G1 X110.536 Y133.032 E8.05911
G1 X108.127 Y130.623 E8.22297
G1 X108.127 Y130.712 E8.22725
G1 X111.798 Y129.729 E8.41003
G1 X111.798 Y130.203 E8.43283
G1 X87.227 Y105.632 E10.10412
G1 X92.37 Y86.402 E11.06152
G1 X92.537 Y86.402 E11.06955
G1 X131.929 Y125.794 E13.74895
G1 X139.99 Y123.672 E14.14986
G1 X102.762 Y86.402 E16.68349
G1 X102.849 Y86.402 E16.68767
G1 X92.264 Y125.907 E18.65475
G1 X92.537 Y125.907 E18.66788
G1 X139.993 Y113.192 E21.03086
G1 X139.993 Y113.407 E21.0412
G1 X112.987 Y86.402 E22.87808
G1 X113.329 Y86.402 E22.89453
G1 X102.743 Y125.907 E24.86162
G1 X101.559 Y125.907 E24.91857
G1 E22.91857 F2400
G92 E0
G1 X101.559 Y125.907 F7800
G1 X104.241 Y125.907
G1 E2 F2400
G1 F4800
G1 X114.826 Y86.402 E3.96708
G1 X115.032 Y86.402 E3.97699
G1 X139.993 Y111.363 E5.67481
G1 X139.993 Y111.694 E5.69073
G1 X89.295 Y125.279 E8.21515
G1 X89.295 Y125.279 F7800
G1 X90.574 Y125.907
G1 F4800
G1 X89.295 Y125.907 E8.27667
G1 X89.295 Y125.811 E8.28129
G1 X99.855 Y86.402 E10.2436
G1 E8.2436 F2400
G92 E0
G1 X99.855 Y86.402 F7800
G1 X104.807 Y86.402
G1 E2 F2400
G1 F4800
G1 X139.991 Y121.585 E4.39314
G1 X139.991 Y121.585 F7800
G1 X139.991 Y122.175
G1 F4800
G1 X126.482 Y125.794 E5.06579
G1 X126.727 Y125.794 E5.07757
G1 X137.282 Y86.402 E7.03902
G1 X137.528 Y86.402 E7.05085
G1 X141.421 Y90.294 E7.31561
G1 X141.28 Y90.39 E7.32381
G1 X87.227 Y104.874 E10.01529
G1 E8.01529 F2400
G92 E0
G1 X87.227 Y107.485 F7800
G1 E2 F2400
G1 F4800
G1 X87.227 Y106.371 E2.05358
G1 X139.998 Y92.231 E4.68122
G1 X139.998 Y91.78 E4.70291
G1 X140.092 Y91.436 E4.72006
G1 X140.254 Y91.172 E4.73496
G1 X135.483 Y86.402 E5.05944
G1 X135.785 Y86.402 E5.07397
G1 X125.23 Y125.794 E7.03542
G1 X125.794 Y125.794 E7.06255
G1 X87.509 Y87.509 E9.66665
G1 X87.606 Y87.417 E9.67308
G1 X87.227 Y88.834 E9.74363
G1 X87.227 Y89.272 E9.7647
G1 X123.749 Y125.794 E12.24888
G1 X134.288 Y86.402 E14.21014
G1 X133.818 Y86.402 E14.23275
G1 X87.227 Y98.886 E16.55267
G1 X87.227 Y98.886 F7800
G1 X87.227 Y99.497
G1 F4800
G1 X113.709 Y125.979 E18.35394
G1 X114.066 Y125.828 E18.37258
G1 X114.75 Y125.794 E18.40552
G1 X125.306 Y86.402 E20.36699
G1 X125.258 Y86.402 E20.3693
G1 X139.996 Y101.14 E21.37176
G1 X139.996 Y101.214 E21.37532
G1 X85.518 Y115.811 E24.08795
G1 X85.136 Y115.812 E24.10632
G1 X82.26 Y112.957 E24.30123
G1 X81.494 Y115.815 E24.44354
G1 X82.799 Y115.814 E24.50631
G1 X83.286 Y115.814 F7800
G1 F4800
G1 X84.489 Y115.812 E24.56417
G1 X85.594 Y111.688 E24.76952
G1 X85.291 Y111.877 E24.7867
G1 X99.322 Y125.907 E25.74104
G1 X99.749 Y125.907 E25.76158
G1 X110.335 Y86.402 E27.72867
G1 X110.335 Y86.402 F7800
G1 X110.942 Y86.402
G1 F4800
G1 X139.992 Y115.452 E29.70462
G1 X139.992 Y115.398 E29.70722
G1 X137.207 Y125.794 E30.22486
G1 X137.657 Y125.794 E30.2465
G1 X139.99 Y125.169 E30.36267
G1 X139.99 Y125.674 E30.38696
G1 X100.717 Y86.402 E33.05823
G1 X100.295 Y86.402 E33.07853
G1 X87.227 Y89.903 E33.72922
G1 X87.227 Y91.124 E33.78795
G1 X87.227 Y91.124 F7800
G1 X87.227 Y91.593
G1 F4800
G1 X87.227 Y92.897 E33.85067
G1 X111.469 Y86.402 E35.05775
G1 X111.832 Y86.402 E35.07521
G1 X101.246 Y125.907 E37.0423
G1 X101.367 Y125.907 E37.04812
G1 X86.551 Y111.092 E38.05585
G1 X86.676 Y111.01 E38.06304
G1 X139.997 Y96.722 E40.71807
G1 X139.997 Y97.051 E40.73389
G1 X129.348 Y86.402 E41.45822
G1 X129.797 Y86.402 E41.47982
G1 X119.242 Y125.794 E43.44127
G1 X119.659 Y125.794 E43.46133
G1 X87.227 Y93.362 E45.66732
G1 E43.66732 F2400
G92 E0
G1 X87.227 Y88.406 F7800
G1 E2 F2400
G1 F4800
G1 X94.707 Y86.402 E2.37245
G1 X94.582 Y86.402 E2.37846
G1 X133.974 Y125.794 E5.05786
G1 X134.213 Y125.794 E5.06936
G1 X139.995 Y104.208 E6.14417
G1 X89.292 Y117.794 E8.66884
G1 X89.292 Y117.923 E8.67504
G1 X97.277 Y125.907 E9.21814
G1 X96.755 Y125.907 E9.24325
G1 X107.341 Y86.402 E11.21034
G1 X106.852 Y86.402 E11.23386
G1 X139.991 Y119.541 E13.48794
G1 X139.991 Y119.18 E13.5053
G1 X115.308 Y125.794 E14.73435
G1 X115.569 Y125.794 E14.7469
G1 X87.227 Y97.452 E16.67469
G1 X87.227 Y97.388 E16.67777
G1 X128.3 Y86.402 E18.72269
G1 X117.745 Y125.794 E20.68414
G1 X117.614 Y125.794 E20.69044
G1 X87.227 Y95.407 E22.75733
G1 X87.227 Y95.891 E22.78061
G1 X122.643 Y86.402 E24.54408
G1 X122.312 Y86.402 E24.56
G1 X109.848 Y132.918 E26.87618
G1 X109.3 Y132.958 E26.90261
G1 X108.811 Y133.097 E26.92706
G1 X108.811 Y133.097 F7800
G1 X108.127 Y132.668
G1 F4800
G1 X108.634 Y133.175 E26.96155
G1 X108.212 Y133.435 E26.98539
G1 X120.814 Y86.402 E29.32731
G1 X121.168 Y86.402 E29.34434
G1 X139.995 Y105.229 E30.62493
G1 E28.62493 F2400
G92 E0
G1 X139.994 Y110.197 F7800
G1 E2 F2400
G1 F4800
G1 X89.295 Y123.782 E4.52447
G1 X89.295 Y124.061 E4.53789
G1 X91.141 Y125.907 E4.66345
G1 X90.767 Y125.907 E4.68144
G1 X101.352 Y86.402 E6.64852
G1 X102.569 Y86.402 E6.70705
G1 X102.569 Y86.402 F7800
G1 X103.042 Y86.402
G1 F4800
G1 X104.347 Y86.402 E6.76982
G1 X93.761 Y125.907 E8.73691
G1 X95.039 Y125.907 E8.79838
G1 X95.039 Y125.907 F7800
G1 X93.186 Y125.907
G1 F4800
G1 X89.294 Y122.015 E9.06311
G1 X89.294 Y122.285 E9.0761
G1 X139.994 Y108.7 E11.60062
G1 X139.994 Y107.466 E11.65997
G1 X139.994 Y107.466 F7800
G1 X139.995 Y107.01
G1 F4800
G1 X139.995 Y105.706 E11.72269
G1 X89.293 Y119.291 E14.2473
G1 E12.2473 F2400
G92 E0
G1 X89.293 Y119.291 F7800
G1 X89.294 Y121.822
G1 E2 F2400
G1 F4800
G1 X89.294 Y120.788 E2.04973
G1 X139.995 Y107.203 E4.57429
G1 X139.994 Y107.274 E4.57771
G1 X119.122 Y86.402 E5.9974
G1 X119.317 Y86.402 E6.00678
G1 X108.077 Y128.35 E8.09551
G1 X108.117 Y128.568 E8.10617
G1 X111.798 Y132.248 E8.35651
G1 E6.35651 F2400
G92 E0
G1 X111.798 Y132.248 F7800
G1 X107.082 Y127.122
G1 E2 F2400
G1 F4800
G1 X107.772 Y127.813 E2.04697
G1 X113.333 Y126.323 E2.32387
G1 E.32387 F2400
G92 E0
G1 X113.333 Y126.323 F7800
G1 X116.248 Y125.794
G1 E2 F2400
G1 F4800
G1 X126.803 Y86.402 E3.96145
G1 X125.498 Y86.402 E4.02422
G1 X125.498 Y86.402 F7800
G1 X127.303 Y86.402
G1 F4800
G1 X139.997 Y99.095 E4.88762
G1 X139.997 Y99.095 F7800
G1 X139.996 Y99.717
G1 F4800
G1 X79.91 Y115.817 E7.8795
G1 X79.997 Y115.817 E7.88368
G1 X80.711 Y113.152 E8.01638
G1 X80.463 Y113.184 E8.02841
G1 X83.093 Y115.814 E8.2073
G1 X82.992 Y115.814 E8.21216
G1 X83.816 Y112.739 E8.36527
G1 X84.023 Y112.654 E8.37603
G1 X87.179 Y115.81 E8.5907
G1 X87.484 Y115.81 E8.60537
G1 X95.364 Y86.402 E10.06969
G1 X96.434 Y86.402 E10.12115
G1 E8.12115 F2400
G92 E0
G1 X96.434 Y86.402 F7800
G1 X93.867 Y86.402
G1 E2 F2400
G1 F4800
G1 X85.987 Y115.811 E3.46437
G1 E1.46437 F2400
G92 E0
G1 X85.987 Y115.811 F7800
G1 X138.779 Y86.402
G1 E2 F2400
G1 F4800
G1 X128.224 Y125.794 E3.96145
G1 X127.839 Y125.794 E3.97997
G1 X88.563 Y86.517 E6.65151
G1 X88.686 Y86.402 E6.65961
G1 X89.376 Y86.402 E6.6928
G1 X87.227 Y94.394 E7.09084
G1 X117.077 Y86.402 E8.57709
G1 X139.994 Y109.318 E10.13584
G1 X139.994 Y109.805 E10.15926
G1 X135.71 Y125.794 E10.9554
G1 X136.019 Y125.794 E10.97026
G1 X96.627 Y86.402 E13.64966
G1 X96.861 Y86.402 E13.66091
G1 X88.892 Y116.142 E15.14176
G1 X89.072 Y116.356 E15.15521
G1 X139.996 Y102.711 E17.69088
G1 X139.996 Y103.185 E17.71368
G1 X123.213 Y86.402 E18.85524
G1 X123.809 Y86.402 E18.88391
G1 X112.987 Y126.786 E20.89477
G1 X112.767 Y127.082 E20.91251
G1 X87.227 Y101.542 E22.64971
G1 X87.227 Y101.88 E22.66597
G1 X143.137 Y86.899 E25.44991
G1 X142.408 Y89.619 E25.58535
G1 X142.636 Y89.464 E25.59861
G1 X139.573 Y86.402 E25.80692
G1 X139.405 Y86.402 E25.815
G1 X87.227 Y100.383 E28.41311
G1 X87.227 Y100.008 E28.43115
G1 X90.873 Y86.402 E29.10864
G1 X90.492 Y86.402 E29.12696
G1 X129.884 Y125.794 E31.80636
G1 X129.721 Y125.794 E31.8142
G1 X140.301 Y86.312 E33.78015
G1 X139.766 Y86.402 E33.80624
G1 X139.766 Y86.402 F7800
G1 X141.09 Y85.602
G1 F4800
G1 X141.894 Y84.633 E33.8668
G1 X142.019 Y84.757 E33.87527
G1 X142.054 Y85.041 E33.88903
G1 E31.88903 F2400
G92 E0
G1 X147.667 Y83.141 F7800
G1 E2 F2400
;TYPE:Solid infill
;WIDTH:0.405388
G1 F1200
G1 X147.634 Y83.197 E2.00276
G1 X147.813 Y83.687 E2.02495
G1 X147.912 Y84.075 E2.04198
G1 X147.945 Y84.079 E2.04339
G1 X147.993 Y84.05 E2.04578
G1 X148.182 Y83.598 E2.06662
G1 X147.811 Y83.269 E2.08771
;LAYER_CHANGE
;Z:3.95
;HEIGHT:0.3
 ; After First Layer

G1 Z3.95 F7800
G1 E.08771 F2400
G1 Z3.95 F7800
G1 X144.893 Y81.816
G1 E2.08771 F2400
;TYPE:Perimeter
;WIDTH:0.552623
G1 F900
G1 X144.793 Y81.849 E2.09412
;WIDTH:0.511552
G1 X144.694 Y81.881 E2.09992
;WIDTH:0.470482
G1 X144.594 Y81.914 E2.10525
;WIDTH:0.429412
G1 X144.494 Y81.947 E2.11004
;WIDTH:0.388342
G1 X143.985 Y82.098 E2.13149
;WIDTH:0.414461
G1 X143.51 Y82.336 E2.15469
G1 X143.757 Y82.094 E2.16979
;WIDTH:0.391756
G1 X144.231 Y81.657 E2.19611
;WIDTH:0.388342
G1 X144.493 Y81.687 E2.20677
;WIDTH:0.429412
G1 X144.593 Y81.719 E2.21155
;WIDTH:0.470482
G1 X144.693 Y81.752 E2.21688
;WIDTH:0.511552
G1 X144.793 Y81.784 E2.22274
;WIDTH:0.552623
G1 X144.836 Y81.798 E2.22549
G1 E.22549 F2400
G92 E0
G1 X144.836 Y81.798 F7800
G1 X147.359 Y86.036
G1 E2 F2400
;WIDTH:0.617155
G1 F3600
G1 X147.339 Y86.143 E2.0075
;WIDTH:0.569886
G1 X147.32 Y86.251 E2.01441
;WIDTH:0.522618
G1 X147.3 Y86.359 E2.02069
;WIDTH:0.475349
G1 X147.281 Y86.466 E2.02626
;WIDTH:0.428081
G1 X147.203 Y86.653 E2.03545
G1 X146.842 Y86.949 E2.05663
;WIDTH:0.416726
G1 X146.371 Y87.265 E2.08156
;WIDTH:0.45
G1 X145.891 Y87.575 E2.10904
G1 X141.28 Y90.739 E2.378
G1 X140.549 Y91.265 E2.42131
G1 X140.359 Y91.549 E2.43774
G1 X140.279 Y91.934 E2.45665
G1 X140.279 Y126.083 E4.0991
G1 X114.211 Y126.094 E5.35288
G1 X113.858 Y126.223 E5.37096
G1 X113.584 Y126.471 E5.38873
G1 X112.278 Y128.219 E5.49368
G1 X112.152 Y128.447 E5.50621
G1 X112.087 Y128.796 E5.52328
G1 X112.095 Y135.194 E5.831
G1 X111.984 Y134.738 E5.85357
G1 X111.776 Y134.316 E5.8762
G1 X111.488 Y133.944 E5.89883
G1 X111.133 Y133.636 E5.92143
G1 X110.723 Y133.405 E5.94406
G1 X110.276 Y133.259 E5.96668
G1 X109.809 Y133.205 E5.98929
G1 X109.341 Y133.244 E6.01188
G1 X108.637 Y133.502 E6.04794
G1 X108.193 Y133.81 E6.07393
G1 X107.838 Y134.214 E6.0998
G1 X107.838 Y128.796 E6.36039
G1 X107.823 Y128.52 E6.37368
G1 X107.729 Y128.241 E6.38784
G1 X107.556 Y128.004 E6.40195
G1 X105.97 Y126.423 E6.50966
G1 X105.705 Y126.265 E6.5245
G1 X105.348 Y126.197 E6.54198
G1 X89.006 Y126.197 E7.32797
G1 X89.003 Y116.988 E7.77089
G1 X88.899 Y116.621 E7.78924
G1 X88.691 Y116.349 E7.80571
G1 X88.375 Y116.158 E7.82347
G1 X88.042 Y116.098 E7.83974
G1 X78.73 Y116.106 E8.28762
G1 X78.364 Y116.23 E8.30621
G1 X76.236 Y117.472 E8.42472
;WIDTH:0.447283
G1 X76.006 Y117.668 E8.43915
;WIDTH:0.44338
G1 X76.108 Y117.506 E8.4482
;WIDTH:0.45
G1 X76.324 Y116.982 E8.47546
G1 X76.416 Y116.459 E8.501
G1 X76.396 Y115.893 E8.52824
G1 X76.268 Y115.414 E8.55209
G1 X76.048 Y114.97 E8.57592
G1 X75.744 Y114.578 E8.59978
G1 X75.369 Y114.254 E8.62362
G1 X74.936 Y114.011 E8.6475
G1 X74.465 Y113.859 E8.6713
G1 X73.972 Y113.803 E8.69516
G1 X74.323 Y113.665 E8.7133
G1 X83.576 Y112.5 E9.16185
G1 X83.965 Y112.362 E9.1817
G1 X86.483 Y110.793 E9.32439
G1 X86.741 Y110.558 E9.34117
G1 X86.885 Y110.29 E9.3558
G1 X86.938 Y109.975 E9.37116
G1 X86.938 Y87.65 E10.44491
G1 X88.571 Y86.112 E10.5528
G1 X139.139 Y86.112 E12.98495
G1 X140.083 Y86.083 E13.03037
G1 X140.316 Y85.99 E13.04244
G1 X140.588 Y85.762 E13.05951
G1 X142.313 Y83.674 E13.18977
G1 X142.691 Y83.191 E13.21927
G1 X142.497 Y83.553 E13.23902
G1 X142.346 Y84.068 E13.26483
G1 X142.3 Y84.603 E13.29066
G1 X142.361 Y85.137 E13.31651
G1 X142.526 Y85.648 E13.34234
G1 X142.79 Y86.116 E13.36818
G1 X143.141 Y86.522 E13.39399
G1 X143.565 Y86.851 E13.4198
G1 X143.967 Y87.058 E13.44155
G1 X144.438 Y87.203 E13.46525
G1 X144.967 Y87.261 E13.49085
G1 X145.502 Y87.214 E13.51668
G1 X146.015 Y87.054 E13.54253
;WIDTH:0.435578
G1 X146.48 Y86.789 E13.56731
;WIDTH:0.428081
G1 X146.912 Y86.448 E13.59228
;WIDTH:0.475349
G1 X147.024 Y86.345 E13.60008
;WIDTH:0.522618
G1 X147.135 Y86.242 E13.60873
;WIDTH:0.569886
G1 X147.247 Y86.139 E13.61832
;WIDTH:0.617155
G1 X147.315 Y86.077 E13.62466
G1 E11.62466 F2400
G92 E0
G1 X147.315 Y86.077 F7800
G1 X146.923 Y82.66
G1 E2 F2400
;WIDTH:0.512261
G1 F900
G1 X146.822 Y82.553 E2.00822
;WIDTH:0.500528
G1 X146.389 Y82.226 E2.03774
;WIDTH:0.546003
G1 X146.15 Y82.09 E2.05426
;WIDTH:0.591479
G1 X145.911 Y81.953 E2.07237
G1 X146.121 Y81.953 E2.08618
;WIDTH:0.543608
G1 X146.867 Y82.018 E2.13094
;WIDTH:0.500528
G1 X147.174 Y82.299 E2.15358
;WIDTH:0.517383
G1 X147.568 Y82.691 E2.18498
G1 X147.768 Y82.857 E2.19967
;WIDTH:0.483691
G1 X147.969 Y83.024 E2.21334
;WIDTH:0.45
G1 X148.502 Y83.527 E2.24859
G1 X148.385 Y83.805 E2.2631
G1 X147.994 Y84.738 E2.31176
;WIDTH:0.493336
G1 X147.923 Y84.851 E2.3189
;WIDTH:0.536672
G1 X147.851 Y84.965 E2.32684
;WIDTH:0.580008
G1 X147.78 Y85.079 E2.33548
;WIDTH:0.623345
G1 X147.709 Y85.193 E2.34484
G1 X147.706 Y85.101 E2.35126
;WIDTH:0.58307
G1 X147.703 Y85.009 E2.35721
;WIDTH:0.542795
G1 X147.697 Y84.739 E2.37332
;WIDTH:0.496397
G1 X147.691 Y84.469 E2.38787
;WIDTH:0.45
G1 X147.619 Y83.937 E2.41369
G1 X147.442 Y83.43 E2.43952
;WIDTH:0.48113
G1 X147.317 Y83.188 E2.45368
;WIDTH:0.512261
G1 X147.193 Y82.947 E2.46882
G1 X146.964 Y82.704 E2.48747
G1 X146.964 Y82.704 F7800
G1 X146.606 Y82.912
;WIDTH:0.45
G1 F900
G1 X146.651 Y82.95 E2.4903
G1 X146.938 Y83.31 E2.51244
G1 X147.148 Y83.72 E2.5346
G1 X147.273 Y84.163 E2.55674
G1 X147.307 Y84.622 E2.57888
G1 X147.254 Y85.065 E2.60034
G1 X147.148 Y85.41 E2.6177
G1 X146.938 Y85.819 E2.63981
G1 X146.651 Y86.179 E2.66195
G1 X146.299 Y86.475 E2.68407
G1 X145.894 Y86.695 E2.70624
G1 X145.454 Y86.831 E2.72839
G1 X144.996 Y86.877 E2.75053
G1 X144.54 Y86.832 E2.77257
G1 X144.132 Y86.709 E2.79307
G1 X143.79 Y86.537 E2.81148
G1 X143.424 Y86.26 E2.83356
G1 X143.119 Y85.914 E2.85574
G1 X142.889 Y85.516 E2.87785
G1 X142.742 Y85.079 E2.90003
G1 X142.685 Y84.622 E2.92218
G1 X142.719 Y84.163 E2.94432
G1 X142.844 Y83.72 E2.96646
G1 X143.054 Y83.31 E2.98862
G1 X143.341 Y82.951 E3.01073
G1 X143.694 Y82.655 E3.03289
G1 X144.098 Y82.434 E3.05504
G1 X144.538 Y82.299 E3.07718
G1 X144.996 Y82.253 E3.09932
G1 X145.454 Y82.299 E3.12146
G1 X145.894 Y82.434 E3.1436
G1 X146.378 Y82.718 E3.17059
G1 X146.56 Y82.873 E3.18209
G1 X146.56 Y82.873 F7800
G1 X146.356 Y83.198
;TYPE:External perimeter
G1 F900
G1 X146.6 Y83.495 E3.20058
G1 X146.829 Y83.992 E3.2269
G1 X146.889 Y84.202 E3.2374
G1 X146.924 Y84.584 E3.25585
G1 X146.883 Y84.961 E3.27409
G1 X146.801 Y85.242 E3.28817
G1 X146.631 Y85.586 E3.30663
G1 X146.396 Y85.89 E3.32511
G1 X146.106 Y86.141 E3.34356
G1 X145.771 Y86.33 E3.36206
G1 X145.406 Y86.448 E3.38051
G1 X145.025 Y86.492 E3.39896
G1 X144.643 Y86.46 E3.4174
G1 X144.297 Y86.361 E3.43471
G1 X144.016 Y86.224 E3.44975
G1 X143.612 Y85.895 E3.47481
G1 X143.322 Y85.508 E3.49807
G1 X143.123 Y85.022 E3.52333
G1 X143.07 Y84.642 E3.54178
G1 X143.093 Y84.259 E3.56023
G1 X143.191 Y83.887 E3.57873
G1 X143.361 Y83.543 E3.59719
G1 X143.596 Y83.24 E3.61563
G1 X143.887 Y82.989 E3.63411
G1 X144.221 Y82.8 E3.65257
G1 X144.586 Y82.681 E3.67103
G1 X144.967 Y82.637 E3.68948
G1 X145.35 Y82.67 E3.70797
G1 X145.718 Y82.778 E3.72642
G1 X146.137 Y83.019 E3.74967
G1 X146.309 Y83.16 E3.76037
G1 X146.569 Y83.465 F7800
G1 E1.76037 F2400
G92 E0
G1 X147.709 Y85.193 F7800
G1 E2 F2400
;TYPE:Perimeter
;WIDTH:0.623345
G1 F3600
G1 X147.415 Y85.921 E2.05474
;WIDTH:0.617155
G1 X147.359 Y86.036 E2.06356
G1 E.06356 F2400
G92 E0
G1 X147.359 Y86.036 F7800
G1 X144.893 Y81.816
G1 E2 F2400
;WIDTH:0.552623
G1 F3600
G1 X145.412 Y81.861 E2.03172
;WIDTH:0.55749
G1 X145.661 Y81.907 E2.04729
;WIDTH:0.591479
G1 X145.911 Y81.953 E2.064
G1 E.064 F2400
G92 E0
G1 X145.911 Y81.953 F7800
G1 X112.09 Y136.01
G1 E2 F2400
;WIDTH:0.442637
G1 F900
G1 X112.094 Y136.41 E2.01887
;WIDTH:0.435979
G1 X112.094 Y136.945 E2.04367
G1 X112.025 Y137.104 E2.0517
;WIDTH:0.460415
G1 X111.82 Y137.38 E2.06868
;WIDTH:0.485802
G1 X111.616 Y137.656 E2.08672
;WIDTH:0.527441
G1 X111.45 Y137.862 E2.102
;WIDTH:0.56908
G1 X111.283 Y138.069 E2.11874
;WIDTH:0.610719
G1 X111.116 Y138.276 E2.13686
G1 X110.753 Y138.299 E2.16165
;WIDTH:0.565219
G1 X110.493 Y138.317 E2.17793
;WIDTH:0.528786
G1 X110.233 Y138.335 E2.19303
;WIDTH:0.492353
G1 X109.719 Y138.345 E2.22047
;WIDTH:0.511136
G1 X109.041 Y138.326 E2.25826
G1 X108.167 Y137.317 E2.33264
;WIDTH:0.502286
G1 X108.395 Y137.517 E2.3492
;WIDTH:0.511136
G1 X108.807 Y137.755 E2.37571
G1 X109.206 Y137.887 E2.39913
G1 X109.734 Y137.938 E2.42869
;WIDTH:0.496752
G1 X110.254 Y137.904 E2.45679
;WIDTH:0.534741
G1 X110.45 Y137.857 E2.46861
;WIDTH:0.57273
G1 X110.647 Y137.809 E2.48147
;WIDTH:0.610719
G1 X110.843 Y137.762 E2.4952
G1 X110.968 Y137.669 E2.50582
;WIDTH:0.574374
G1 X111.093 Y137.576 E2.51573
;WIDTH:0.538031
G1 X111.355 Y137.301 E2.53817
;WIDTH:0.490806
G1 X111.617 Y137.025 E2.55841
;WIDTH:0.443581
G1 X111.903 Y136.568 E2.58391
;WIDTH:0.442637
G1 X112.071 Y136.066 E2.60888
G1 E.60888 F2400
G92 E0
G1 X112.071 Y136.066 F7800
G1 X110.111 Y133.624
G1 E2 F2400
;WIDTH:0.45
G1 F900
G1 X110.172 Y133.63 E2.00295
G1 X110.547 Y133.748 E2.02186
G1 X110.892 Y133.938 E2.0408
G1 X111.193 Y134.192 E2.05974
G1 X111.437 Y134.501 E2.07868
G1 X111.615 Y134.852 E2.09761
G1 X111.72 Y135.231 E2.11653
G1 X111.748 Y135.624 E2.13548
G1 X111.697 Y136.014 E2.1544
G1 X111.57 Y136.387 E2.17335
G1 X111.343 Y136.758 E2.19427
G1 X110.879 Y137.204 E2.22522
G1 X110.532 Y137.391 E2.24418
G1 X110.156 Y137.505 E2.26308
G1 X109.764 Y137.543 E2.28202
G1 X109.318 Y137.487 E2.30364
G1 X108.997 Y137.384 E2.31985
G1 X108.652 Y137.195 E2.33877
G1 X108.351 Y136.94 E2.35774
G1 X108.107 Y136.632 E2.37664
G1 X107.929 Y136.281 E2.39557
;WIDTH:0.449868
G1 X107.827 Y135.901 E2.41449
;WIDTH:0.443506
G1 X107.827 Y135.231 E2.44617
;WIDTH:0.45
G1 X107.974 Y134.746 E2.47054
G1 X108.172 Y134.406 E2.48946
G1 X108.434 Y134.112 E2.5084
G1 X108.787 Y133.857 E2.52934
G1 X109.389 Y133.627 E2.56034
G1 X109.78 Y133.59 E2.57923
G1 X110.052 Y133.618 E2.59238
G1 X110.052 Y133.618 F7800
G1 X110.067 Y134.002
;TYPE:External perimeter
G1 F900
G1 X110.372 Y134.091 E2.60766
G1 X110.652 Y134.239 E2.62289
G1 X110.897 Y134.44 E2.63813
G1 X111.098 Y134.685 E2.65337
G1 X111.247 Y134.965 E2.66863
G1 X111.336 Y135.27 E2.68391
G1 X111.364 Y135.585 E2.69912
G1 X111.329 Y135.9 E2.71436
G1 X111.232 Y136.202 E2.72962
G1 X111.067 Y136.489 E2.74554
G1 X110.686 Y136.87 E2.77146
G1 X110.409 Y137.025 E2.78673
G1 X110.108 Y137.123 E2.80196
G1 X109.793 Y137.158 E2.8172
G1 X109.423 Y137.116 E2.83511
G1 X109.172 Y137.041 E2.84771
G1 X108.892 Y136.893 E2.86294
G1 X108.647 Y136.693 E2.87815
G1 X108.446 Y136.447 E2.89343
G1 X108.297 Y136.167 E2.90869
G1 X108.208 Y135.863 E2.92393
G1 X108.18 Y135.547 E2.93919
G1 X108.215 Y135.232 E2.95443
G1 X108.312 Y134.93 E2.96969
G1 X108.467 Y134.653 E2.98496
G1 X108.674 Y134.413 E3.0002
G1 X108.937 Y134.213 E3.01609
G1 X109.436 Y134.01 E3.042
G1 X109.752 Y133.974 E3.0573
G1 X110.008 Y133.996 E3.06966
G1 X110.39 Y134.113 F7800
G1 E1.06966 F2400
G92 E0
G1 X112.095 Y135.194 F7800
G1 E2 F2400
;TYPE:Perimeter
;WIDTH:0.432945
G1 F3600
G1 X112.095 Y135.939 E2.03425
;WIDTH:0.442637
G1 X112.09 Y136.01 E2.03761
G1 E.03761 F2400
G92 E0
G1 X112.09 Y136.01 F7800
G1 X75.708 Y118.068
G1 E2 F2400
;WIDTH:0.521655
G1 F900
G1 X75.529 Y118.315 E2.0174
G1 X75.016 Y119.121 E2.07189
G1 X74.618 Y119.045 E2.095
;WIDTH:0.571155
G1 X74.29 Y118.958 E2.11645
;WIDTH:0.620655
G1 X73.961 Y118.87 E2.14008
G1 X74.182 Y118.822 E2.15577
;WIDTH:0.571155
G1 X74.403 Y118.775 E2.17005
;WIDTH:0.521655
G1 X74.885 Y118.634 E2.19869
G1 X75.33 Y118.399 E2.22739
G1 X75.663 Y118.108 E2.25261
G1 E.25261 F2400
G92 E0
G1 X75.663 Y118.108 F7800
G1 X73.098 Y118.716
G1 E2 F2400
;WIDTH:0.600423
G1 F900
G1 X72.991 Y118.719 E2.00716
;WIDTH:0.553894
G1 X72.884 Y118.722 E2.0137
;WIDTH:0.507365
G1 X72.622 Y118.694 E2.02826
;WIDTH:0.465186
G1 X72.361 Y118.666 E2.04138
;WIDTH:0.423008
G1 X72.072 Y118.329 E2.06124
;WIDTH:0.376746
G1 X71.72 Y117.892 E2.0831
;WIDTH:0.397455
G1 X71.337 Y117.362 E2.11026
G1 X71.365 Y117.182 E2.11783
;WIDTH:0.405049
G1 X71.48 Y116.52 E2.14638
G1 X71.497 Y116.69 E2.15364
G1 X71.633 Y117.163 E2.17455
;WIDTH:0.397455
G1 X71.867 Y117.593 E2.19489
;WIDTH:0.369347
G1 X72.248 Y118.069 E2.21808
;WIDTH:0.396177
G1 X72.462 Y118.246 E2.22957
;WIDTH:0.423008
G1 X72.675 Y118.422 E2.24193
;WIDTH:0.467361
G1 X72.781 Y118.496 E2.24843
;WIDTH:0.511715
G1 X72.887 Y118.569 E2.25561
;WIDTH:0.556069
G1 X72.992 Y118.642 E2.26345
;WIDTH:0.600423
G1 X73.049 Y118.682 E2.26811
G1 E.26811 F2400
G92 E0
G1 X73.049 Y118.682 F7800
G1 X72.725 Y114.167
G1 E2 F2400
;WIDTH:0.390703
G1 F900
G1 X72.141 Y114.612 E2.02988
G1 X71.854 Y114.984 E2.049
G1 X71.645 Y115.403 E2.06806
G1 X71.792 Y114.478 E2.10618
G1 X72.668 Y114.186 E2.14376
G1 E.14376 F2400
G92 E0
G1 X72.668 Y114.186 F7800
G1 X75.996 Y115.873
G1 E2 F2400
;WIDTH:0.45
G1 F900
G1 X76.012 Y115.932 E2.00294
G1 X76.037 Y116.392 E2.0251
G1 X75.944 Y116.915 E2.05065
G1 X75.704 Y117.439 E2.07837
G1 X75.442 Y117.766 E2.09852
G1 X75.12 Y118.035 E2.1187
G1 X74.7 Y118.251 E2.14142
G1 X74.35 Y118.357 E2.15901
G1 X73.933 Y118.397 E2.17916
G1 X73.516 Y118.355 E2.19932
G1 X73.223 Y118.272 E2.21397
G1 X72.748 Y118.029 E2.23963
G1 X72.428 Y117.759 E2.25977
G1 X72.167 Y117.43 E2.27997
G1 X71.977 Y117.057 E2.3001
;WIDTH:0.490312
G1 X71.909 Y116.823 E2.31305
;WIDTH:0.530625
G1 X71.841 Y116.589 E2.32722
;WIDTH:0.570938
G1 X71.774 Y116.356 E2.34254
;WIDTH:0.584494
G1 X71.802 Y115.888 E2.37295
;WIDTH:0.610598
G1 X71.9 Y115.504 E2.39995
G1 X71.93 Y115.484 E2.40241
;WIDTH:0.570448
G1 X71.961 Y115.463 E2.40477
;WIDTH:0.530299
G1 X71.991 Y115.442 E2.4069
;WIDTH:0.490149
G1 X72.021 Y115.422 E2.40881
;WIDTH:0.45
G1 X72.23 Y115.061 E2.42887
G1 X72.531 Y114.733 E2.45028
;WIDTH:0.485515
G1 X72.671 Y114.615 E2.4599
;WIDTH:0.52103
G1 X72.811 Y114.497 E2.47033
;WIDTH:0.556545
G1 X72.95 Y114.379 E2.48152
;WIDTH:0.585529
G1 X73.104 Y114.286 E2.49321
;WIDTH:0.594024
G1 X73.517 Y114.156 E2.52181
G1 X73.76 Y114.174 E2.53791
;WIDTH:0.546016
G1 X74.004 Y114.192 E2.55261
;WIDTH:0.498008
G1 X74.247 Y114.21 E2.56579
;WIDTH:0.45
G1 X74.761 Y114.354 E2.59146
G1 X75.128 Y114.556 E2.61161
G1 X75.449 Y114.826 E2.63178
G1 X75.709 Y115.155 E2.65195
G1 X75.9 Y115.528 E2.67211
G1 X75.98 Y115.815 E2.68644
G1 X75.98 Y115.815 F7800
G1 X75.628 Y115.97
;TYPE:External perimeter
G1 F900
G1 X75.657 Y116.325 E2.70357
G1 X75.565 Y116.849 E2.72916
G1 X75.351 Y117.266 E2.7517
G1 X75.186 Y117.477 E2.76458
G1 X74.927 Y117.701 E2.78105
G1 X74.577 Y117.886 E2.80009
G1 X74.302 Y117.974 E2.81398
G1 X73.962 Y118.013 E2.83044
G1 X73.62 Y117.983 E2.84695
G1 X73.327 Y117.901 E2.86158
G1 X72.989 Y117.727 E2.87986
G1 X72.723 Y117.511 E2.89634
G1 X72.506 Y117.246 E2.91281
G1 X72.345 Y116.943 E2.92931
G1 X72.248 Y116.614 E2.94581
G1 X72.218 Y116.273 E2.96227
G1 X72.255 Y115.933 E2.97872
G1 X72.36 Y115.606 E2.99524
G1 X72.633 Y115.18 E3.01958
G1 X72.75 Y115.051 E3.02796
G1 X73.2 Y114.74 E3.05427
G1 X73.574 Y114.611 E3.0733
G1 X73.914 Y114.572 E3.08976
G1 X74.256 Y114.601 E3.10627
G1 X74.585 Y114.698 E3.12277
G1 X74.888 Y114.857 E3.13923
G1 X75.153 Y115.074 E3.1557
G1 X75.371 Y115.339 E3.1722
G1 X75.531 Y115.642 E3.18868
G1 X75.611 Y115.913 E3.20227
G1 X75.644 Y116.311 F7800
G1 E1.20227 F2400
G92 E0
G1 X73.961 Y118.87 F7800
G1 E2 F2400
;TYPE:Perimeter
;WIDTH:0.620655
G1 F3600
G1 X73.395 Y118.786 E2.0397
;WIDTH:0.600423
G1 X73.098 Y118.716 E2.0601
G1 E.0601 F2400
G92 E0
G1 X73.098 Y118.716 F7800
G1 X88.128 Y116.505
G1 E2 F2400
;WIDTH:0.45
G1 F3600
G1 X88.042 Y116.484 E2.00426
G1 X78.85 Y116.484 E2.44636
G1 X78.559 Y116.563 E2.46086
G1 X76.43 Y117.804 E2.57938
G1 X76.234 Y117.993 E2.59248
G1 X75.218 Y119.589 E2.68348
G1 X72.152 Y119.005 E2.8336
G1 X70.957 Y117.458 E2.92762
G1 X71.058 Y116.824 E2.9585
;WIDTH:0.498031
G1 X71.118 Y116.603 E2.97089
;WIDTH:0.546062
G1 X71.177 Y116.381 E2.98469
;WIDTH:0.594093
G1 X71.237 Y116.16 E2.99982
;WIDTH:0.610598
G1 X71.369 Y115.381 E3.05365
G1 X71.357 Y115.331 E3.05715
;WIDTH:0.570448
G1 X71.344 Y115.282 E3.06035
;WIDTH:0.530299
G1 X71.332 Y115.232 E3.06334
;WIDTH:0.490149
G1 X71.319 Y115.183 E3.06603
;WIDTH:0.45
G1 X71.474 Y114.209 E3.11347
G1 X72.155 Y113.982 E3.148
;WIDTH:0.485515
G1 X72.334 Y113.941 E3.15765
;WIDTH:0.52103
G1 X72.512 Y113.9 E3.16805
;WIDTH:0.556545
G1 X72.691 Y113.859 E3.17932
;WIDTH:0.585168
G1 X73.227 Y113.696 E3.21571
G1 X73.375 Y113.628 E3.22629
;WIDTH:0.551403
G1 X73.524 Y113.561 E3.23621
;WIDTH:0.517638
G1 X73.672 Y113.494 E3.24539
;WIDTH:0.483873
G1 X74.237 Y113.288 E3.27686
;WIDTH:0.45
G1 X83.528 Y112.117 E3.72726
G1 X83.761 Y112.034 E3.73916
G1 X86.279 Y110.466 E3.88183
G1 X86.372 Y110.394 E3.88749
G1 X86.503 Y110.209 E3.89839
G1 X86.552 Y109.975 E3.90989
G1 X86.552 Y87.483 E4.99168
G1 X88.418 Y85.727 E5.11492
G1 X139.845 Y85.727 E7.58838
G1 X140.085 Y85.675 E7.60019
G1 X140.291 Y85.517 E7.61268
G1 X142.771 Y82.515 E7.79996
G1 X144.111 Y81.286 E7.88741
G1 X147.05 Y81.625 E8.0297
G1 X148.96 Y83.43 E8.1561
G1 X148.74 Y83.954 E8.18343
G1 X147.485 Y86.949 E8.33961
G1 X140.827 Y91.532 E8.72837
G1 X140.713 Y91.703 E8.73825
G1 X140.665 Y91.934 E8.7496
G1 X140.665 Y126.469 E10.41061
G1 X114.357 Y126.469 E11.67593
G1 X114.115 Y126.522 E11.68785
G1 X113.893 Y126.701 E11.70157
G1 X112.548 Y128.511 E11.81003
G1 X112.472 Y128.796 E11.82422
G1 X112.472 Y137.119 E12.22453
G1 X111.362 Y138.742 E12.3191
G1 X108.847 Y138.742 E12.44006
G1 X107.452 Y137.085 E12.54424
G1 X107.451 Y136.074 E12.59287
;WIDTH:0.448026
G1 X107.442 Y135.491 E12.62077
;WIDTH:0.45
G1 X107.452 Y128.796 E12.94278
G1 X107.42 Y128.496 E12.95729
G1 X107.283 Y128.277 E12.96971
G1 X106.258 Y127.252 E13.03943
G1 X105.613 Y126.646 E13.082
G1 X105.348 Y126.582 E13.09511
G1 X88.621 Y126.582 E13.89962
G1 X88.621 Y117.062 E14.3575
G1 X88.524 Y116.742 E14.37358
G1 X88.311 Y116.55 E14.38737
G1 X88.187 Y116.519 E14.39352
G1 X88.187 Y116.519 F7800
G1 X88.042 Y116.869
;TYPE:External perimeter
G1 F1800
G1 X78.85 Y116.869 E14.83562
G1 X78.753 Y116.896 E14.84046
G1 X77.054 Y117.887 E14.93506
G1 X76.559 Y118.2 E14.96323
G1 X75.403 Y120.017 E15.06681
G1 X71.937 Y119.356 E15.23652
G1 X70.55 Y117.562 E15.34559
G1 X71.13 Y113.917 E15.52311
G1 X74.152 Y112.91 E15.67631
G1 X83.479 Y111.735 E16.12845
G1 X83.557 Y111.707 E16.13244
G1 X86.106 Y110.115 E16.27698
G1 X86.166 Y109.975 E16.28431
G1 X86.166 Y87.316 E17.37413
G1 X88.265 Y85.341 E17.51275
G1 X139.845 Y85.341 E19.99357
G1 X139.993 Y85.271 E20.00144
G1 X142.49 Y82.248 E20.19002
G1 X143.98 Y80.883 E20.28721
G1 X147.221 Y81.257 E20.44413
G1 X149.419 Y83.333 E20.58955
G1 X149.096 Y84.104 E20.62976
G1 X147.797 Y87.202 E20.79133
G1 X141.104 Y91.8 E21.18188
G1 X141.05 Y91.934 E21.18883
G1 X141.05 Y126.855 E22.86841
G1 X114.342 Y126.855 E24.15297
G1 X114.202 Y126.932 E24.16065
G1 X112.896 Y128.681 E24.26564
G1 X112.858 Y128.796 E24.27147
G1 X112.858 Y137.238 E24.6775
G1 X111.565 Y139.128 E24.78764
G1 X108.668 Y139.128 E24.92698
G1 X107.067 Y137.226 E25.04655
G1 X107.067 Y128.686 E25.45729
G1 X107.01 Y128.55 E25.46438
G1 X105.485 Y127.024 E25.56814
G1 X105.348 Y126.968 E25.57526
G1 X88.235 Y126.968 E26.39834
G1 X88.235 Y117.062 E26.87478
G1 X88.191 Y116.939 E26.88106
G1 X88.097 Y116.895 E26.88605
G1 X87.697 Y116.873 F7800
G1 E24.88605 F2400
G92 E0
G1 X142.691 Y83.191 F7800
G1 E2 F2400
;TYPE:Perimeter
;WIDTH:0.417899
G1 F3600
G1 X143.004 Y82.79 E2.02243
;WIDTH:0.414461
G1 X143.51 Y82.336 E2.05211
G1 E.05211 F2400
G92 E0
G1 X143.51 Y82.336 F7800
G1 X108.167 Y137.317
G1 E2 F2400
;WIDTH:0.474337
G1 F3600
G1 X107.844 Y136.942 E2.02531
G1 E.02531 F2400
G92 E0
G1 X107.844 Y136.942 F7800
G1 X76.006 Y117.668
G1 E2 F2400
;WIDTH:0.461005
G1 F3600
G1 X75.775 Y117.986 E2.01944
G1 E.01944 F2400
G92 E0
G1 X75.775 Y117.986 F7800
G1 X78.411 Y115.485
G1 E2 F2400
;TYPE:Internal infill
;WIDTH:0.45
G1 F4800
G1 X78.115 Y115.596 E2.0152
G1 X77.246 Y116.102 E2.06357
G1 X77.078 Y115.934 E2.075
G1 X77.04 Y115.678 E2.08745
G1 X77.504 Y113.945 E2.17374
G1 X77.175 Y113.986 E2.18969
G1 X78.6 Y115.444 E2.28775
G1 X79.054 Y113.75 E2.3721
G1 X78.992 Y113.758 E2.37511
G1 X80.665 Y115.431 E2.48891
G1 X80.1 Y115.431 E2.51608
G1 X80.603 Y113.555 E2.6095
G1 X80.808 Y113.529 E2.61944
G1 X82.708 Y115.429 E2.74868
G1 X83.095 Y115.428 E2.76729
G1 X83.702 Y113.162 E2.88012
G1 X83.702 Y113.162 F7800
G1 X84.311 Y112.941
G1 F4800
G1 X86.794 Y115.425 E3.04904
G1 X86.962 Y115.424 E3.05712
G1 X139.61 Y101.317 E5.67864
G1 X139.61 Y102.606 E5.74064
G1 X139.61 Y102.606 F7800
G1 X139.61 Y100.754
G1 F4800
G1 X125.643 Y86.787 E6.69066
G1 X125.643 Y86.787 F7800
G1 X123.898 Y86.787
G1 F4800
G1 X125.202 Y86.787 E6.75338
G1 X114.854 Y125.409 E8.67649
G1 X115.183 Y125.409 E8.69231
G1 X87.613 Y97.838 E10.56762
G1 X87.613 Y97.838 F7800
G1 X87.613 Y95.986
G1 F4800
G1 X87.613 Y97.285 E10.6301
G1 X126.791 Y86.787 E12.5809
G1 X126.699 Y86.787 E12.58532
G1 X116.351 Y125.409 E14.50843
G1 X116.747 Y125.409 E14.52748
G1 X139.606 Y119.284 E15.6657
G1 X139.606 Y119.155 E15.6719
G1 X107.238 Y86.787 E17.87353
G1 X96.891 Y125.522 E19.80187
G1 X89.678 Y118.309 E20.29249
G1 X89.678 Y118.309 F7800
G1 X89.678 Y117.691
G1 F4800
G1 X139.61 Y104.312 E22.77876
G1 X139.609 Y104.844 E22.80435
G1 X121.553 Y86.787 E24.03253
G1 X121.204 Y86.787 E24.04932
G1 X87.613 Y95.788 E25.72193
G1 X117.228 Y125.409 E27.73651
G1 X117.228 Y125.409 F7800
G1 X117.848 Y125.409
G1 F4800
G1 X128.197 Y86.787 E29.65963
G1 X127.688 Y86.787 E29.68411
G1 X139.611 Y98.71 E30.4951
G1 X139.611 Y98.323 E30.51371
G1 X76.884 Y115.131 E33.6371
G1 X76.629 Y114.626 E33.66431
G1 X76.225 Y114.106 E33.69598
G1 X76.984 Y114.01 E33.73278
G1 X76.984 Y114.01 F7800
G1 X75.506 Y113.9
;TYPE:Solid infill
;WIDTH:0.632336
G1 F1200
G1 X75.542 Y113.953 E33.73732
;WIDTH:0.588579
G1 X75.578 Y114.007 E33.74156
;WIDTH:0.544822
G1 X75.615 Y114.06 E33.74543
;WIDTH:0.501064
G1 X75.651 Y114.114 E33.74896
;WIDTH:0.462247
G1 X75.957 Y114.393 E33.76951
G1 X76.295 Y114.834 E33.79708
;WIDTH:0.462905
G1 X76.513 Y115.26 E33.82087
G1 X76.676 Y115.86 E33.85177
;WIDTH:0.461701
G1 X76.698 Y116.535 E33.88524
;WIDTH:0.502771
G1 X76.716 Y116.608 E33.88935
;WIDTH:0.548631
G1 X76.733 Y116.68 E33.89382
;WIDTH:0.594491
G1 X76.751 Y116.753 E33.89879
G1 X76.831 Y116.734 E33.90423
;WIDTH:0.546335
G1 X76.911 Y116.715 E33.90917
;WIDTH:0.49818
G1 X76.991 Y116.696 E33.91362
;WIDTH:0.450029
G1 X78.273 Y115.95 E33.98496
G1 X78.716 Y115.818 E34.00719
G1 X88.039 Y115.809 E34.45563
;WIDTH:0.450559
G1 X88.507 Y115.902 E34.47861
G1 X88.902 Y116.165 E34.50147
;WIDTH:0.450971
G1 X89.17 Y116.524 E34.52307
G1 X89.292 Y116.982 E34.54592
;WIDTH:0.450031
G1 X89.295 Y125.715 E34.96598
;WIDTH:0.483096
G1 X89.312 Y125.794 E34.9702
;WIDTH:0.516161
G1 X89.328 Y125.874 E34.9748
G1 X89.408 Y125.891 E34.97941
;WIDTH:0.483096
G1 X89.488 Y125.907 E34.98367
;WIDTH:0.450031
G1 X105.342 Y125.907 E35.74625
G1 X105.699 Y125.96 E35.76361
G1 X105.991 Y126.087 E35.77893
G1 X106.239 Y126.279 E35.79402
G1 X107.757 Y127.797 E35.89728
G1 X107.916 Y127.993 E35.90942
G1 X108.063 Y128.308 E35.92614
G1 X108.127 Y128.69 E35.94477
G1 X108.127 Y133.132 E36.15843
;WIDTH:0.497914
G1 X108.151 Y133.21 E36.16284
;WIDTH:0.545797
G1 X108.175 Y133.289 E36.1678
;WIDTH:0.593681
G1 X108.199 Y133.367 E36.17319
G1 X108.452 Y133.263 E36.19125
;WIDTH:0.546679
G1 X108.704 Y133.159 E36.20765
;WIDTH:0.499677
G1 X108.957 Y133.055 E36.2225
;WIDTH:0.452675
G1 X109.49 Y132.939 E36.24892
;WIDTH:0.452035
G1 X110.095 Y132.938 E36.27817
;WIDTH:0.448745
G1 X110.61 Y133.053 E36.30347
G1 X111.091 Y133.269 E36.32875
;WIDTH:0.455043
G1 X111.519 Y133.571 E36.35427
;WIDTH:0.496811
G1 X111.567 Y133.592 E36.3571
;WIDTH:0.53858
G1 X111.615 Y133.613 E36.3602
;WIDTH:0.580348
G1 X111.663 Y133.633 E36.36355
;WIDTH:0.622117
G1 X111.712 Y133.654 E36.36726
G1 X111.733 Y133.589 E36.37201
;WIDTH:0.579095
G1 X111.755 Y133.525 E36.37635
;WIDTH:0.536074
G1 X111.776 Y133.46 E36.38037
;WIDTH:0.493052
G1 X111.798 Y133.396 E36.38399
;WIDTH:0.450035
G1 X111.798 Y128.8 E36.60506
;WIDTH:0.473317
G1 X111.899 Y128.335 E36.62933
G1 X112.051 Y128.041 E36.64621
;WIDTH:0.450053
G1 X113.352 Y126.299 E36.7508
;WIDTH:0.461393
G1 X113.661 Y126.014 E36.77162
;WIDTH:0.471145
G1 X114.078 Y125.837 E36.7946
G1 X114.362 Y125.794 E36.80917
;WIDTH:0.450031
G1 X139.797 Y125.794 E38.0326
;WIDTH:0.4831
G1 X139.877 Y125.778 E38.03686
;WIDTH:0.516173
G1 X139.957 Y125.761 E38.04147
G1 X139.973 Y125.681 E38.04607
;WIDTH:0.483102
G1 X139.99 Y125.601 E38.05034
;WIDTH:0.450031
G1 X139.998 Y91.806 E39.67589
G1 X140.105 Y91.417 E39.6953
;WIDTH:0.470253
G1 X140.355 Y91.065 E39.71716
G1 X140.538 Y90.898 E39.7297
;WIDTH:0.450029
G1 X144.912 Y87.908 E39.98455
;WIDTH:0.494691
G1 X144.948 Y87.857 E39.9879
;WIDTH:0.539353
G1 X144.984 Y87.805 E39.99165
;WIDTH:0.584016
G1 X145.02 Y87.754 E39.9957
;WIDTH:0.628678
G1 X145.056 Y87.702 E40.00015
;WIDTH:0.67334
G1 X145.092 Y87.651 E40.00489
G1 X145.041 Y87.63 E40.00908
;WIDTH:0.632983
G1 X144.991 Y87.61 E40.0129
;WIDTH:0.592626
G1 X144.94 Y87.59 E40.01651
;WIDTH:0.552269
G1 X144.89 Y87.569 E40.01981
;WIDTH:0.511912
G1 X144.84 Y87.549 E40.02282
;WIDTH:0.471555
G1 X144.295 Y87.461 E40.05086
;WIDTH:0.450037
G1 X143.832 Y87.314 E40.07423
G1 X143.391 Y87.081 E40.09822
;WIDTH:0.466159
G1 X142.934 Y86.712 E40.12765
G1 X142.611 Y86.365 E40.15141
;WIDTH:0.450029
G1 X142.352 Y85.947 E40.17506
;WIDTH:0.448915
G1 X142.141 Y85.433 E40.20171
;WIDTH:0.480711
G1 X142.01 Y84.853 E40.23259
;WIDTH:0.528408
G1 X141.985 Y84.809 E40.23552
;WIDTH:0.576105
G1 X141.96 Y84.765 E40.23875
;WIDTH:0.623803
G1 X141.935 Y84.72 E40.24234
G1 X141.877 Y84.756 E40.2471
;WIDTH:0.580359
G1 X141.819 Y84.792 E40.25149
;WIDTH:0.536916
G1 X141.761 Y84.828 E40.25551
;WIDTH:0.493472
G1 X141.702 Y84.864 E40.25921
;WIDTH:0.450029
G1 X140.736 Y86.027 E40.33193
;WIDTH:0.451575
G1 X140.326 Y86.302 E40.35577
G1 X139.839 Y86.402 E40.37978
;WIDTH:0.450031
G1 X88.762 Y86.402 E42.8366
G1 X88.63 Y86.454 E42.84342
G1 X87.288 Y87.717 E42.93206
;WIDTH:0.466521
G1 X87.235 Y87.778 E42.93611
G1 X87.227 Y87.858 E42.94014
;WIDTH:0.450029
G1 X87.227 Y109.97 E44.00373
G1 X87.127 Y110.462 E44.02788
G1 X86.945 Y110.758 E44.04459
G1 X86.643 Y111.035 E44.0643
G1 X84.122 Y112.604 E44.20713
G1 X83.859 Y112.728 E44.22112
G1 X83.607 Y112.787 E44.23357
G1 X75.758 Y113.776 E44.61409
;WIDTH:0.4785
G1 X75.719 Y113.795 E44.61633
;WIDTH:0.506971
G1 X75.679 Y113.815 E44.6188
G1 E42.6188 F2400
G92 E0
G1 X75.679 Y113.815 F7800
G1 X80.999 Y113.505
G1 E2 F2400
;TYPE:Internal infill
;WIDTH:0.45
G1 F4800
G1 X82.152 Y113.359 E2.0559
G1 X81.598 Y115.43 E2.15901
G1 X81.355 Y115.43 E2.1707
G1 X139.611 Y99.82 E5.07146
G1 X139.611 Y100.061 E5.08305
G1 X132.819 Y125.409 E6.34521
G1 X131.737 Y125.409 E6.39725
G1 E4.39725 F2400
G92 E0
G1 X131.737 Y125.409 F7800
G1 X134.316 Y125.409
G1 E2 F2400
G1 F4800
G1 X139.609 Y105.653 E2.98371
G1 X139.609 Y105.809 E2.99121
G1 X89.679 Y119.188 E5.47739
G1 X89.678 Y118.795 E5.49629
G1 X98.255 Y86.787 E7.09008
G1 E5.09008 F2400
G92 E0
G1 X98.255 Y86.787 F7800
G1 X100.91 Y86.787
G1 E2 F2400
G1 F4800
G1 X99.752 Y86.787 E2.0557
G1 X89.68 Y124.374 E3.92729
G1 X89.681 Y124.446 E3.93075
G1 X90.756 Y125.522 E4.0039
G1 X90.87 Y125.522 E4.00938
G1 X101.249 Y86.787 E5.93812
G1 X101.103 Y86.787 E5.94514
G1 X139.604 Y125.289 E8.56397
G1 X139.096 Y125.409 E8.58908
G1 X138.807 Y125.409 E8.60298
G1 X139.605 Y122.431 E8.75126
G1 X139.605 Y122.278 E8.75862
G1 X127.922 Y125.409 E9.34036
G1 X127.454 Y125.409 E9.36287
G1 X88.839 Y86.787 E11.98966
G1 X89.272 Y86.787 E12.01049
G1 X87.613 Y92.982 E12.31895
G1 X87.613 Y92.794 E12.32799
G1 X110.03 Y86.787 E13.44421
G1 X110.232 Y86.787 E13.45393
G1 X99.853 Y125.522 E15.38267
G1 X99.563 Y125.522 E15.39662
G1 X139.607 Y114.792 E17.39054
G1 X139.607 Y115.066 E17.40372
G1 X111.328 Y86.787 E19.32722
G1 X111.729 Y86.787 E19.34651
G1 X101.35 Y125.522 E21.27525
G1 X100.981 Y125.522 E21.293
G1 X86.831 Y111.372 E22.25547
G1 X85.735 Y112.055 E22.31758
G1 E20.31758 F2400
G92 E0
G1 X85.735 Y112.055 F7800
G1 X82.624 Y113.3
G1 E2 F2400
G1 F4800
G1 X84.751 Y115.427 E2.14468
G1 X84.593 Y115.427 E2.15228
G1 X85.448 Y112.233 E2.31131
G1 X85.571 Y112.157 E2.31826
G1 X98.936 Y125.522 E3.22733
G1 X98.356 Y125.522 E3.25523
G1 X108.734 Y86.787 E5.18396
G1 X107.431 Y86.787 E5.24663
G1 X107.431 Y86.787 F7800
G1 X109.283 Y86.787
G1 F4800
G1 X139.606 Y117.111 E7.3092
G1 X139.606 Y116.838 E7.32233
G1 X137.31 Y125.409 E7.7491
G1 X137.679 Y125.409 E7.76685
G1 X99.058 Y86.787 E10.39384
G1 X98.855 Y86.787 E10.4036
G1 X87.613 Y89.8 E10.96338
G1 X87.613 Y89.658 E10.97021
G1 X123.363 Y125.409 E13.40192
G1 X123.363 Y125.409 F7800
G1 X125.141 Y125.409
G1 F4800
G1 X123.836 Y125.409 E13.46469
G1 X134.185 Y86.787 E15.38781
G1 X133.823 Y86.787 E15.40522
G1 X139.613 Y92.576 E15.79902
G1 X139.613 Y92.334 E15.81066
G1 X87.613 Y106.268 E18.39992
G1 X87.613 Y106.018 E18.41194
G1 X111.412 Y129.817 E20.03072
G1 X108.513 Y130.609 E20.17526
G1 X108.513 Y131.008 E20.19445
G1 X110.051 Y132.546 E20.29906
G1 X109.949 Y132.539 E20.30398
G1 X122.208 Y86.787 E22.58212
G1 X123.405 Y86.787 E22.63969
G1 E20.63969 F2400
G92 E0
G1 X123.405 Y86.787 F7800
G1 X120.711 Y86.787
G1 E2 F2400
G1 F4800
G1 X108.513 Y132.312 E4.26683
G1 X108.513 Y132.106 E4.27674
G1 X111.412 Y131.329 E4.42109
G1 X111.412 Y131.862 E4.44673
G1 X108.513 Y128.963 E4.64392
G1 X108.513 Y129.112 E4.65109
G1 X111.488 Y128.315 E4.79922
G1 X111.634 Y127.994 E4.81618
G1 X87.613 Y103.973 E6.45006
G1 X87.613 Y104.156 E6.45886
G1 X92.267 Y86.787 E7.32372
G1 E5.32372 F2400
G92 E0
G1 X92.267 Y86.787 F7800
G1 X94.775 Y86.787
G1 E2 F2400
G1 F4800
G1 X93.764 Y86.787 E2.04863
G1 X87.613 Y109.743 E3.19168
G1 X87.602 Y110.098 E3.20876
G1 X103.026 Y125.522 E4.25788
G1 X102.847 Y125.522 E4.26649
G1 X113.226 Y86.787 E6.19523
G1 X113.373 Y86.787 E6.2023
G1 X139.607 Y113.022 E7.98674
G1 X139.607 Y113.295 E7.99987
G1 X93.864 Y125.522 E10.27719
G1 X104.243 Y86.787 E12.20593
G1 X104.443 Y86.787 E12.21555
G1 X87.613 Y91.297 E13.05358
G1 X87.613 Y91.703 E13.07311
G1 X121.318 Y125.409 E15.36572
G1 X120.842 Y125.409 E15.38861
G1 X131.191 Y86.787 E17.31173
G1 X131.191 Y86.787 F7800
G1 X131.778 Y86.787
G1 F4800
G1 X139.612 Y94.621 E17.84459
G1 X139.612 Y94.469 E17.8519
G1 X131.322 Y125.409 E19.3925
G1 X131.544 Y125.409 E19.40318
G1 X92.922 Y86.787 E22.0302
G1 X93.268 Y86.787 E22.04684
G1 X87.613 Y88.303 E22.32843
G1 X87.613 Y87.941 E22.34584
G1 X87.782 Y87.782 E22.357
G1 X125.409 Y125.409 E24.91634
G1 X125.333 Y125.409 E24.92
G1 X135.682 Y86.787 E26.84312
G1 X135.869 Y86.787 E26.85211
G1 X139.979 Y90.898 E27.1317
G1 X140.196 Y90.681 E27.14646
G1 X87.613 Y104.771 E29.76474
G1 X87.613 Y105.825 E29.81543
G1 E27.81543 F2400
G92 E0
G1 X87.613 Y105.825 F7800
G1 X87.613 Y103.273
G1 E2 F2400
G1 F4800
G1 X143.76 Y88.229 E4.79573
G1 X143.573 Y88.357 E4.80663
G1 X141.24 Y86.024 E4.96532
G1 X141.362 Y85.877 E4.97451
G1 X141.845 Y85.748 E4.99855
G1 X141.905 Y85.911 E5.0069
G1 X140.729 Y90.3 E5.22544
G1 X141.143 Y90.017 E5.24956
G1 X137.914 Y86.787 E5.46923
G1 X137.966 Y86.787 E5.47173
G1 X87.613 Y100.279 E7.97897
G1 X87.613 Y99.883 E7.99802
G1 X113.427 Y125.697 E9.75386
G1 X113.238 Y125.852 E9.76562
G1 X123.705 Y86.787 E11.71079
G1 X123.598 Y86.787 E11.71594
G1 X139.61 Y102.815 E12.8056
G1 X89.463 Y116.251 E15.30257
G1 X89.463 Y116.251 F7800
G1 X89.001 Y115.736
G1 F4800
G1 X96.758 Y86.787 E16.74404
G1 X97.012 Y86.787 E16.75626
G1 X135.634 Y125.409 E19.38328
G1 X135.813 Y125.409 E19.39189
G1 X139.608 Y111.246 E20.09711
G1 X139.608 Y110.977 E20.11005
G1 X115.418 Y86.787 E21.75543
G1 X115.617 Y86.787 E21.765
G1 X87.613 Y94.291 E23.15941
G1 X87.613 Y93.748 E23.18553
G1 X119.273 Y125.409 E25.33904
G1 X119.345 Y125.409 E25.3425
G1 X129.694 Y86.787 E27.26562
G1 X139.612 Y96.665 E27.93887
G1 X139.611 Y96.826 E27.94661
G1 X87.366 Y110.825 E30.54806
G1 X87.287 Y110.959 E30.55554
G1 X86.09 Y115.425 E30.77792
G1 X84.944 Y115.426 E30.83304
G1 E28.83304 F2400
G92 E0
G1 X84.944 Y115.426 F7800
G1 X87.588 Y115.424
G1 E2 F2400
G1 F4800
G1 X95.261 Y86.787 E3.42593
G1 X94.967 Y86.787 E3.44007
G1 X133.589 Y125.409 E6.06709
G1 X133.509 Y125.409 E6.07094
G1 X139.605 Y123.775 E6.37449
G1 X139.604 Y125.08 E6.43726
G1 X139.604 Y125.08 F7800
G1 X139.605 Y123.244
G1 F4800
G1 X103.148 Y86.787 E8.91702
G1 X102.746 Y86.787 E8.93635
G1 X92.367 Y125.522 E10.86509
G1 X92.801 Y125.522 E10.88596
G1 X89.68 Y122.401 E11.09825
G1 X89.68 Y122.182 E11.10878
G1 X139.608 Y108.803 E13.59487
G1 X139.608 Y108.933 E13.60112
G1 X117.463 Y86.787 E15.10743
G1 X117.717 Y86.787 E15.11965
G1 X107.061 Y126.555 E17.09983
G1 X107.023 Y126.517 E17.10241
G1 X139.606 Y117.786 E18.72483
G1 E16.72483 F2400
G92 E0
G1 X139.606 Y117.786 F7800
G1 X139.607 Y115.259
G1 E2 F2400
G1 F4800
G1 X139.607 Y116.289 E2.04954
G1 X105.071 Y125.522 E3.76894
G1 X87.613 Y108.063 E4.95645
G1 X87.613 Y107.765 E4.97078
G1 X139.612 Y93.831 E7.55999
G1 X139.613 Y92.769 E7.61107
G1 E5.61107 F2400
G92 E0
G1 X139.613 Y92.769 F7800
G1 X139.612 Y95.329
G1 E2 F2400
G1 F4800
G1 X87.613 Y109.262 E4.5892
G1 E2.5892 F2400
G92 E0
G1 X87.613 Y109.262 F7800
G1 X89.68 Y123.679
G1 E2 F2400
G1 F4800
G1 X139.608 Y110.3 E4.48609
G1 X139.608 Y109.125 E4.5426
G1 E2.5426 F2400
G92 E0
G1 X139.608 Y109.125 F7800
G1 X139.608 Y111.798
G1 E2 F2400
G1 F4800
G1 X89.681 Y125.176 E4.48603
G1 X89.681 Y125.522 E4.50267
G1 X90.563 Y125.522 E4.54509
G1 E2.54509 F2400
G92 E0
G1 X90.563 Y125.522 F7800
G1 X94.846 Y125.522
G1 E2 F2400
G1 F4800
G1 X89.679 Y120.355 E2.35145
G1 X89.679 Y120.685 E2.36732
G1 X139.609 Y107.306 E4.8535
G1 X139.609 Y106.888 E4.8736
G1 X119.508 Y86.787 E6.24085
G1 X119.214 Y86.787 E6.25499
G1 X108.233 Y127.767 E8.29552
G1 X108.182 Y127.703 E8.29946
G1 X112.732 Y126.485 E8.526
G1 X112.491 Y126.807 E8.54534
G1 X87.613 Y101.928 E10.23755
G1 X87.613 Y101.776 E10.24486
G1 X142.686 Y87.019 E12.98713
G1 X143.031 Y87.297 E13.00844
G1 X142.562 Y89.048 E13.09563
G1 X142.358 Y89.187 E13.1075
G1 X139.949 Y86.778 E13.27136
G1 X140.184 Y86.749 E13.28275
G1 X129.825 Y125.409 E15.20776
G1 X129.499 Y125.409 E15.22344
G1 X90.877 Y86.787 E17.85046
G1 X90.769 Y86.787 E17.85565
G1 X87.613 Y98.569 E18.4423
G1 X87.613 Y98.782 E18.45254
G1 X132.379 Y86.787 E20.68158
G1 X132.688 Y86.787 E20.69644
G1 X122.334 Y125.409 E22.61962
G1 X139.605 Y120.781 E23.4796
G1 X139.605 Y121.2 E23.49975
G1 X105.193 Y86.787 E25.84045
G1 X105.74 Y86.787 E25.86676
G1 X95.361 Y125.522 E27.7955
G1 X96.666 Y125.522 E27.85827
G1 E25.85827 F2400
G92 E0
G1 X96.666 Y125.522 F7800
G1 X103.219 Y125.522
G1 E2 F2400
G1 F4800
G1 X104.344 Y125.522 E2.05411
G1 X114.723 Y86.787 E3.98285
G1 E1.98285 F2400
G92 E0
G1 X114.723 Y86.787 F7800
G1 X117.27 Y86.787
G1 E2 F2400
G1 F4800
G1 X116.22 Y86.787 E2.0505
G1 X105.822 Y125.593 E3.98278
G1 E1.98278 F2400
G92 E0
G1 X105.822 Y125.593 F7800
G1 X110.242 Y132.569
G1 E2 F2400
G1 F4800
G1 X110.751 Y132.692 E2.02519
G1 X111.19 Y132.886 E2.04827
G1 X111.412 Y132.826 E2.05933
G1 X111.412 Y132.667 E2.06698
G1 X111.333 Y132.963 E2.08171
G1 X111.408 Y133.012 E2.08602
G1 E.08602 F2400
G92 E0
G1 X111.408 Y133.012 F7800
G1 X125.601 Y125.409
G1 E2 F2400
G1 F4800
G1 X126.83 Y125.409 E2.05911
G1 X137.179 Y86.787 E3.98223
G1 E1.98223 F2400
G92 E0
G1 X137.179 Y86.787 F7800
G1 X139.757 Y86.787
G1 E2 F2400
G1 F4800
G1 X138.676 Y86.787 E2.05199
G1 X128.328 Y125.409 E3.9751
G1 E1.9751 F2400
G92 E0
G1 X128.328 Y125.409 F7800
G1 X147.625 Y83.174
G1 E2 F2400
;TYPE:Solid infill
;WIDTH:0.405407
G1 F1200
G1 X147.813 Y83.687 E2.02324
G1 X147.912 Y84.075 E2.04027
G1 X147.979 Y84.082 E2.04314
G1 X148.182 Y83.598 E2.06546
G1 X147.784 Y83.245 E2.08809
;LAYER_CHANGE
;Z:4.25
;HEIGHT:0.3
 ; After First Layer

G1 Z4.25 F7800
G1 E.08809 F2400
G1 Z4.25 F7800
G1 X144.893 Y81.816
G1 E2.08809 F2400
;TYPE:Perimeter
;WIDTH:0.552623
G1 F900
G1 X144.793 Y81.849 E2.0945
;WIDTH:0.511552
G1 X144.694 Y81.881 E2.1003
;WIDTH:0.470482
G1 X144.594 Y81.914 E2.10563
;WIDTH:0.429411
G1 X144.494 Y81.947 E2.11042
;WIDTH:0.388341
G1 X143.985 Y82.098 E2.13187
;WIDTH:0.414461
G1 X143.51 Y82.336 E2.15507
G1 X143.757 Y82.094 E2.17017
;WIDTH:0.391755
G1 X144.231 Y81.657 E2.19649
;WIDTH:0.388341
G1 X144.493 Y81.687 E2.20715
;WIDTH:0.429411
G1 X144.593 Y81.719 E2.21193
;WIDTH:0.470482
G1 X144.693 Y81.752 E2.21726
;WIDTH:0.511552
G1 X144.793 Y81.784 E2.22312
;WIDTH:0.552623
G1 X144.836 Y81.798 E2.22587
G1 E.22587 F2400
G92 E0
G1 X144.836 Y81.798 F7800
G1 X147.359 Y86.036
G1 E2 F2400
;WIDTH:0.617155
G1 F3600
G1 X147.339 Y86.143 E2.0075
;WIDTH:0.569886
G1 X147.32 Y86.251 E2.01441
;WIDTH:0.522618
G1 X147.3 Y86.359 E2.02069
;WIDTH:0.475349
G1 X147.281 Y86.466 E2.02626
;WIDTH:0.428081
G1 X147.203 Y86.653 E2.03545
G1 X146.842 Y86.949 E2.05663
;WIDTH:0.416724
G1 X146.372 Y87.265 E2.08152
;WIDTH:0.45
G1 X145.891 Y87.575 E2.10904
G1 X141.28 Y90.739 E2.378
G1 X140.549 Y91.265 E2.42131
G1 X140.359 Y91.549 E2.43774
G1 X140.279 Y91.934 E2.45665
G1 X140.279 Y126.083 E4.0991
G1 X114.211 Y126.094 E5.35288
G1 X113.858 Y126.223 E5.37096
G1 X113.584 Y126.471 E5.38873
G1 X112.278 Y128.219 E5.49368
G1 X112.152 Y128.447 E5.50621
G1 X112.087 Y128.796 E5.52328
G1 X112.095 Y135.194 E5.831
G1 X111.984 Y134.738 E5.85357
G1 X111.776 Y134.316 E5.8762
G1 X111.488 Y133.944 E5.89883
G1 X111.133 Y133.636 E5.92143
G1 X110.723 Y133.405 E5.94406
G1 X110.276 Y133.259 E5.96668
G1 X109.807 Y133.205 E5.98939
G1 X109.069 Y133.318 E6.0253
G1 X108.573 Y133.532 E6.05128
G1 X108.193 Y133.81 E6.07393
G1 X107.838 Y134.214 E6.0998
G1 X107.838 Y128.796 E6.36039
G1 X107.823 Y128.52 E6.37368
G1 X107.729 Y128.241 E6.38784
G1 X107.556 Y128.004 E6.40195
G1 X105.97 Y126.423 E6.50966
G1 X105.705 Y126.265 E6.5245
G1 X105.348 Y126.197 E6.54198
G1 X89.006 Y126.197 E7.32797
G1 X89.003 Y116.988 E7.77089
G1 X88.899 Y116.621 E7.78924
G1 X88.691 Y116.349 E7.80571
G1 X88.375 Y116.158 E7.82347
G1 X88.042 Y116.098 E7.83974
G1 X78.73 Y116.106 E8.28762
G1 X78.364 Y116.23 E8.30621
G1 X76.473 Y117.333 E8.4115
G1 X76.048 Y117.615 E8.43603
G1 X76.164 Y117.402 E8.4477
G1 X76.358 Y116.879 E8.47453
G1 X76.426 Y116.388 E8.49837
G1 X76.396 Y115.893 E8.52222
G1 X76.268 Y115.414 E8.54607
G1 X76.048 Y114.97 E8.5699
G1 X75.744 Y114.578 E8.59376
G1 X75.369 Y114.254 E8.6176
G1 X74.936 Y114.011 E8.64148
G1 X74.465 Y113.859 E8.66528
G1 X73.972 Y113.803 E8.68914
G1 X74.323 Y113.665 E8.70728
G1 X83.576 Y112.5 E9.15583
G1 X83.965 Y112.362 E9.17568
G1 X86.483 Y110.793 E9.31837
G1 X86.741 Y110.558 E9.33515
G1 X86.885 Y110.29 E9.34978
G1 X86.938 Y109.975 E9.36514
G1 X86.938 Y87.65 E10.43889
G1 X88.571 Y86.112 E10.54678
G1 X139.139 Y86.112 E12.97893
G1 X140.083 Y86.083 E13.02435
G1 X140.316 Y85.99 E13.03642
G1 X140.588 Y85.762 E13.05349
G1 X142.313 Y83.674 E13.18375
G1 X142.691 Y83.191 E13.21325
G1 X142.497 Y83.553 E13.233
G1 X142.346 Y84.068 E13.25881
G1 X142.3 Y84.603 E13.28464
G1 X142.361 Y85.137 E13.31049
G1 X142.526 Y85.648 E13.33632
G1 X142.79 Y86.116 E13.36216
G1 X143.141 Y86.522 E13.38797
G1 X143.565 Y86.85 E13.41375
G1 X143.96 Y87.055 E13.43515
G1 X144.436 Y87.203 E13.45913
G1 X144.967 Y87.261 E13.48482
G1 X145.502 Y87.214 E13.51065
G1 X146.015 Y87.054 E13.5365
;WIDTH:0.435578
G1 X146.48 Y86.789 E13.56128
;WIDTH:0.428081
G1 X146.912 Y86.448 E13.58625
;WIDTH:0.475349
G1 X147.024 Y86.345 E13.59405
;WIDTH:0.522618
G1 X147.135 Y86.242 E13.6027
;WIDTH:0.569886
G1 X147.247 Y86.139 E13.61229
;WIDTH:0.617155
G1 X147.315 Y86.077 E13.61863
G1 E11.61863 F2400
G92 E0
G1 X147.315 Y86.077 F7800
G1 X146.923 Y82.66
G1 E2 F2400
;WIDTH:0.512263
G1 F900
G1 X146.822 Y82.553 E2.00822
;WIDTH:0.500526
G1 X146.389 Y82.226 E2.03774
;WIDTH:0.546
G1 X146.15 Y82.09 E2.05426
;WIDTH:0.591475
G1 X145.911 Y81.953 E2.07237
G1 X146.121 Y81.953 E2.08618
;WIDTH:0.543605
G1 X146.867 Y82.018 E2.13094
;WIDTH:0.500526
G1 X147.174 Y82.299 E2.15358
;WIDTH:0.517385
G1 X147.568 Y82.691 E2.18498
G1 X147.768 Y82.857 E2.19967
;WIDTH:0.483692
G1 X147.969 Y83.024 E2.21334
;WIDTH:0.45
G1 X148.502 Y83.527 E2.24859
G1 X148.385 Y83.805 E2.2631
G1 X148.005 Y84.711 E2.31035
;WIDTH:0.498979
G1 X147.939 Y84.805 E2.31658
;WIDTH:0.547959
G1 X147.873 Y84.899 E2.32351
;WIDTH:0.596939
G1 X147.807 Y84.992 E2.33108
;WIDTH:0.645919
G1 X147.742 Y85.086 E2.33937
G1 X147.729 Y84.932 E2.35058
;WIDTH:0.596939
G1 X147.716 Y84.777 E2.36091
;WIDTH:0.547959
G1 X147.704 Y84.623 E2.37023
;WIDTH:0.498979
G1 X147.691 Y84.468 E2.37866
;WIDTH:0.45
G1 X147.619 Y83.937 E2.40443
G1 X147.442 Y83.43 E2.43026
;WIDTH:0.481131
G1 X147.317 Y83.188 E2.44442
;WIDTH:0.512263
G1 X147.193 Y82.947 E2.45956
G1 X146.964 Y82.704 E2.47821
G1 X146.964 Y82.704 F7800
G1 X146.606 Y82.912
;WIDTH:0.45
G1 F900
G1 X146.651 Y82.95 E2.48104
G1 X146.938 Y83.31 E2.50318
G1 X147.148 Y83.72 E2.52534
G1 X147.273 Y84.163 E2.54748
G1 X147.309 Y84.608 E2.56895
G1 X147.273 Y84.967 E2.5863
G1 X147.148 Y85.409 E2.60839
G1 X146.938 Y85.819 E2.63055
G1 X146.651 Y86.179 E2.65269
G1 X146.299 Y86.475 E2.67481
G1 X145.894 Y86.695 E2.69698
G1 X145.454 Y86.831 E2.71913
G1 X144.996 Y86.877 E2.74127
G1 X144.54 Y86.831 E2.76331
G1 X144.126 Y86.707 E2.7841
G1 X143.79 Y86.537 E2.80221
G1 X143.424 Y86.26 E2.82429
G1 X143.119 Y85.914 E2.84647
G1 X142.889 Y85.516 E2.86858
G1 X142.742 Y85.079 E2.89076
G1 X142.685 Y84.622 E2.91291
G1 X142.719 Y84.163 E2.93505
G1 X142.844 Y83.72 E2.95719
G1 X143.054 Y83.31 E2.97935
G1 X143.278 Y83.016 E2.99713
G1 X143.694 Y82.655 E3.02362
G1 X144.098 Y82.434 E3.04577
G1 X144.538 Y82.299 E3.06791
G1 X144.996 Y82.253 E3.09005
G1 X145.454 Y82.299 E3.11219
G1 X145.894 Y82.434 E3.13433
G1 X146.378 Y82.718 E3.16132
G1 X146.56 Y82.873 E3.17282
G1 X146.56 Y82.873 F7800
G1 X146.356 Y83.198
;TYPE:External perimeter
G1 F900
G1 X146.6 Y83.495 E3.19131
G1 X146.829 Y83.992 E3.21763
G1 X146.889 Y84.202 E3.22813
G1 X146.924 Y84.579 E3.24634
G1 X146.899 Y84.871 E3.26044
G1 X146.801 Y85.242 E3.2789
G1 X146.631 Y85.586 E3.29736
G1 X146.396 Y85.89 E3.31584
G1 X146.106 Y86.141 E3.33429
G1 X145.771 Y86.33 E3.35279
G1 X145.406 Y86.448 E3.37124
G1 X145.025 Y86.492 E3.38969
G1 X144.643 Y86.46 E3.40813
G1 X144.291 Y86.359 E3.42574
G1 X144.015 Y86.224 E3.44052
G1 X143.612 Y85.895 E3.46554
G1 X143.322 Y85.508 E3.4888
G1 X143.123 Y85.022 E3.51406
G1 X143.07 Y84.642 E3.53251
G1 X143.093 Y84.259 E3.55096
G1 X143.191 Y83.887 E3.56946
G1 X143.361 Y83.543 E3.58792
G1 X143.575 Y83.261 E3.60495
G1 X143.887 Y82.989 E3.62486
G1 X144.221 Y82.8 E3.64332
G1 X144.586 Y82.681 E3.66178
G1 X144.967 Y82.637 E3.68023
G1 X145.35 Y82.67 E3.69872
G1 X145.718 Y82.777 E3.71715
G1 X146.137 Y83.019 E3.74042
G1 X146.309 Y83.16 E3.75112
G1 X146.569 Y83.465 F7800
G1 E1.75112 F2400
G92 E0
G1 X144.893 Y81.816 F7800
G1 E2 F2400
;TYPE:Perimeter
;WIDTH:0.552623
G1 F3600
G1 X145.412 Y81.861 E2.03172
;WIDTH:0.557488
G1 X145.661 Y81.907 E2.04729
;WIDTH:0.591475
G1 X145.911 Y81.953 E2.064
G1 E.064 F2400
G92 E0
G1 X145.911 Y81.953 F7800
G1 X147.742 Y85.086
G1 E2 F2400
;WIDTH:0.645919
G1 F3600
G1 X147.649 Y85.346 E2.02003
;WIDTH:0.615415
G1 X147.557 Y85.606 E2.03898
;WIDTH:0.617155
G1 X147.359 Y86.036 E2.07162
G1 E.07162 F2400
G92 E0
G1 X147.359 Y86.036 F7800
G1 X112.09 Y136.01
G1 E2 F2400
;WIDTH:0.442637
G1 F900
G1 X112.094 Y136.41 E2.01887
;WIDTH:0.435979
G1 X112.094 Y136.945 E2.04367
G1 X112.025 Y137.104 E2.0517
;WIDTH:0.460414
G1 X111.82 Y137.38 E2.06868
;WIDTH:0.4858
G1 X111.616 Y137.655 E2.08668
;WIDTH:0.527439
G1 X111.45 Y137.862 E2.102
;WIDTH:0.569079
G1 X111.283 Y138.069 E2.11874
;WIDTH:0.610719
G1 X111.116 Y138.276 E2.13686
G1 X110.753 Y138.299 E2.16165
;WIDTH:0.565224
G1 X110.493 Y138.317 E2.17793
;WIDTH:0.528787
G1 X110.233 Y138.335 E2.19303
;WIDTH:0.492351
G1 X109.719 Y138.345 E2.22047
;WIDTH:0.511137
G1 X109.041 Y138.326 E2.25826
G1 X108.167 Y137.317 E2.33264
;WIDTH:0.50229
G1 X108.395 Y137.517 E2.34921
;WIDTH:0.511137
G1 X108.807 Y137.755 E2.37572
G1 X109.206 Y137.887 E2.39914
G1 X109.734 Y137.938 E2.4287
;WIDTH:0.49675
G1 X110.254 Y137.904 E2.4568
;WIDTH:0.534739
G1 X110.45 Y137.857 E2.46862
;WIDTH:0.572729
G1 X110.647 Y137.809 E2.48148
;WIDTH:0.610719
G1 X110.843 Y137.762 E2.49521
G1 X110.968 Y137.669 E2.50583
;WIDTH:0.574373
G1 X111.093 Y137.576 E2.51574
;WIDTH:0.538027
G1 X111.355 Y137.301 E2.53818
;WIDTH:0.490803
G1 X111.617 Y137.025 E2.55842
;WIDTH:0.44358
G1 X111.903 Y136.568 E2.58392
;WIDTH:0.442637
G1 X112.071 Y136.066 E2.60889
G1 E.60889 F2400
G92 E0
G1 X112.071 Y136.066 F7800
G1 X110.111 Y133.624
G1 E2 F2400
;WIDTH:0.45
G1 F900
G1 X110.172 Y133.63 E2.00295
G1 X110.547 Y133.748 E2.02186
G1 X110.892 Y133.938 E2.0408
G1 X111.193 Y134.192 E2.05974
G1 X111.437 Y134.501 E2.07868
G1 X111.615 Y134.852 E2.09761
G1 X111.72 Y135.231 E2.11653
G1 X111.748 Y135.624 E2.13548
G1 X111.697 Y136.014 E2.1544
G1 X111.57 Y136.387 E2.17335
G1 X111.343 Y136.758 E2.19427
G1 X110.879 Y137.204 E2.22522
G1 X110.532 Y137.391 E2.24418
G1 X110.156 Y137.505 E2.26308
G1 X109.764 Y137.543 E2.28202
G1 X109.318 Y137.487 E2.30364
G1 X108.997 Y137.384 E2.31985
G1 X108.652 Y137.195 E2.33877
G1 X108.351 Y136.94 E2.35774
G1 X108.107 Y136.632 E2.37664
G1 X107.929 Y136.281 E2.39557
;WIDTH:0.449868
G1 X107.827 Y135.901 E2.41449
;WIDTH:0.443507
G1 X107.827 Y135.231 E2.44617
;WIDTH:0.45
G1 X107.974 Y134.746 E2.47054
G1 X108.172 Y134.406 E2.48946
G1 X108.434 Y134.112 E2.5084
G1 X108.748 Y133.875 E2.52732
G1 X109.145 Y133.696 E2.54827
G1 X109.779 Y133.589 E2.57919
G1 X110.052 Y133.618 E2.59239
G1 X110.052 Y133.618 F7800
G1 X110.067 Y134.002
;TYPE:External perimeter
G1 F900
G1 X110.372 Y134.091 E2.60767
G1 X110.652 Y134.239 E2.6229
G1 X110.897 Y134.44 E2.63814
G1 X111.098 Y134.685 E2.65338
G1 X111.247 Y134.965 E2.66864
G1 X111.336 Y135.27 E2.68392
G1 X111.364 Y135.585 E2.69913
G1 X111.329 Y135.9 E2.71437
G1 X111.232 Y136.202 E2.72963
G1 X111.067 Y136.489 E2.74555
G1 X110.686 Y136.87 E2.77147
G1 X110.409 Y137.025 E2.78674
G1 X110.108 Y137.123 E2.80197
G1 X109.793 Y137.158 E2.81721
G1 X109.423 Y137.116 E2.83512
G1 X109.172 Y137.041 E2.84772
G1 X108.892 Y136.893 E2.86295
G1 X108.647 Y136.693 E2.87816
G1 X108.446 Y136.447 E2.89344
G1 X108.297 Y136.167 E2.9087
G1 X108.208 Y135.863 E2.92394
G1 X108.18 Y135.547 E2.9392
G1 X108.215 Y135.232 E2.95444
G1 X108.312 Y134.93 E2.9697
G1 X108.467 Y134.653 E2.98497
G1 X108.674 Y134.413 E3.00021
G1 X108.924 Y134.218 E3.01546
G1 X109.222 Y134.074 E3.03138
G1 X109.751 Y133.974 E3.05727
G1 X110.008 Y133.996 E3.06968
G1 X110.39 Y134.113 F7800
G1 E1.06968 F2400
G92 E0
G1 X112.095 Y135.194 F7800
G1 E2 F2400
;TYPE:Perimeter
;WIDTH:0.432943
G1 F3600
G1 X112.095 Y135.939 E2.03425
;WIDTH:0.442637
G1 X112.09 Y136.01 E2.03761
G1 E.03761 F2400
G92 E0
G1 X112.09 Y136.01 F7800
G1 X75.727 Y118.046
G1 E2 F2400
;WIDTH:0.519159
G1 F900
G1 X75.463 Y118.422 E2.02606
G1 X75.017 Y119.123 E2.07319
G1 X74.188 Y118.965 E2.12106
;WIDTH:0.55255
G1 X73.923 Y118.897 E2.13772
;WIDTH:0.585941
G1 X73.658 Y118.83 E2.1555
G1 X73.673 Y118.831 E2.15648
;WIDTH:0.583382
G1 X74.074 Y118.795 E2.18254
;WIDTH:0.55127
G1 X74.474 Y118.759 E2.20693
;WIDTH:0.519159
G1 X74.952 Y118.604 E2.23543
G1 X75.39 Y118.357 E2.26395
G1 X75.683 Y118.087 E2.28655
G1 E.28655 F2400
G92 E0
G1 X75.683 Y118.087 F7800
G1 X73.098 Y118.716
G1 E2 F2400
;WIDTH:0.600429
G1 F900
G1 X72.991 Y118.719 E2.00716
;WIDTH:0.553899
G1 X72.884 Y118.722 E2.0137
;WIDTH:0.50737
G1 X72.622 Y118.694 E2.02826
;WIDTH:0.465189
G1 X72.361 Y118.666 E2.04138
;WIDTH:0.423008
G1 X72.072 Y118.329 E2.06124
;WIDTH:0.376747
G1 X71.72 Y117.892 E2.0831
;WIDTH:0.397455
G1 X71.337 Y117.362 E2.11026
G1 X71.365 Y117.182 E2.11783
;WIDTH:0.405056
G1 X71.48 Y116.52 E2.14638
G1 X71.497 Y116.69 E2.15364
G1 X71.633 Y117.163 E2.17455
;WIDTH:0.397455
G1 X71.867 Y117.593 E2.19489
;WIDTH:0.369348
G1 X72.248 Y118.069 E2.21808
;WIDTH:0.396178
G1 X72.462 Y118.246 E2.22957
;WIDTH:0.423008
G1 X72.675 Y118.422 E2.24193
;WIDTH:0.467363
G1 X72.781 Y118.496 E2.24843
;WIDTH:0.511718
G1 X72.887 Y118.569 E2.25561
;WIDTH:0.556073
G1 X72.992 Y118.642 E2.26345
;WIDTH:0.600429
G1 X73.049 Y118.682 E2.26811
G1 E.26811 F2400
G92 E0
G1 X73.049 Y118.682 F7800
G1 X72.692 Y114.177
G1 E2 F2400
;WIDTH:0.38932
G1 F900
G1 X72.428 Y114.351 E2.01281
G1 X72.031 Y114.749 E2.03559
;WIDTH:0.393962
G1 X71.654 Y115.375 E2.06563
G1 X71.791 Y114.477 E2.10297
;WIDTH:0.38932
G1 X72.635 Y114.196 E2.13902
G1 E.13902 F2400
G92 E0
G1 X72.635 Y114.196 F7800
G1 X75.996 Y115.873
G1 E2 F2400
;WIDTH:0.45
G1 F900
G1 X76.012 Y115.932 E2.00294
G1 X76.042 Y116.35 E2.0231
G1 X75.989 Y116.766 E2.04327
G1 X75.825 Y117.217 E2.06635
G1 X75.625 Y117.548 E2.08495
G1 X75.366 Y117.839 E2.10369
G1 X75.031 Y118.091 E2.12385
G1 X74.653 Y118.272 E2.14401
G1 X74.204 Y118.376 E2.16618
G1 X73.673 Y118.376 E2.19172
G1 X73.223 Y118.272 E2.21393
G1 X72.748 Y118.029 E2.23959
G1 X72.428 Y117.759 E2.25973
G1 X72.167 Y117.43 E2.27993
G1 X71.977 Y117.057 E2.30006
;WIDTH:0.490313
G1 X71.909 Y116.823 E2.31301
;WIDTH:0.530626
G1 X71.841 Y116.589 E2.32718
;WIDTH:0.570939
G1 X71.774 Y116.356 E2.3425
;WIDTH:0.584495
G1 X71.802 Y115.888 E2.37291
;WIDTH:0.609199
G1 X71.896 Y115.517 E2.39892
G1 X71.931 Y115.487 E2.40205
;WIDTH:0.570239
G1 X71.966 Y115.457 E2.40496
;WIDTH:0.53128
G1 X72.001 Y115.427 E2.40764
;WIDTH:0.49232
G1 X72.037 Y115.396 E2.41018
;WIDTH:0.453361
G1 X72.33 Y114.941 E2.43644
;WIDTH:0.45
G1 X72.663 Y114.617 E2.45879
;WIDTH:0.495176
G1 X72.81 Y114.507 E2.46866
;WIDTH:0.540353
G1 X72.957 Y114.397 E2.47956
;WIDTH:0.58553
G1 X73.104 Y114.286 E2.49153
;WIDTH:0.594023
G1 X73.517 Y114.156 E2.52013
G1 X73.76 Y114.174 E2.53623
;WIDTH:0.546015
G1 X74.004 Y114.192 E2.55093
;WIDTH:0.498007
G1 X74.247 Y114.21 E2.56411
;WIDTH:0.45
G1 X74.761 Y114.355 E2.5898
G1 X75.128 Y114.556 E2.60993
G1 X75.449 Y114.826 E2.6301
G1 X75.709 Y115.154 E2.65023
G1 X75.9 Y115.528 E2.67043
G1 X75.98 Y115.815 E2.68476
G1 X75.98 Y115.815 F7800
G1 X75.628 Y115.97
;TYPE:External perimeter
G1 F900
G1 X75.659 Y116.312 E2.70128
G1 X75.621 Y116.652 E2.71773
G1 X75.487 Y117.033 E2.73716
G1 X75.33 Y117.3 E2.75206
G1 X75.126 Y117.537 E2.7671
G1 X74.856 Y117.748 E2.78358
G1 X74.549 Y117.901 E2.80008
G1 X74.204 Y117.991 E2.81723
G1 X73.67 Y117.991 E2.84291
G1 X73.292 Y117.887 E2.86177
G1 X72.989 Y117.727 E2.87825
G1 X72.723 Y117.511 E2.89473
G1 X72.506 Y117.246 E2.9112
G1 X72.345 Y116.943 E2.9277
G1 X72.248 Y116.614 E2.9442
G1 X72.218 Y116.273 E2.96066
G1 X72.255 Y115.933 E2.97711
G1 X72.363 Y115.605 E2.99372
G1 X72.655 Y115.149 E3.01976
G1 X72.949 Y114.884 E3.0388
G1 X73.248 Y114.716 E3.0553
G1 X73.574 Y114.611 E3.07177
G1 X73.914 Y114.572 E3.08823
G1 X74.256 Y114.601 E3.10474
G1 X74.585 Y114.698 E3.12124
G1 X74.888 Y114.857 E3.1377
G1 X75.153 Y115.074 E3.15417
G1 X75.371 Y115.339 E3.17067
G1 X75.531 Y115.642 E3.18715
G1 X75.611 Y115.913 E3.20074
G1 X75.647 Y116.311 F7800
G1 E1.20074 F2400
G92 E0
G1 X73.658 Y118.83 F7800
G1 E2 F2400
;TYPE:Perimeter
;WIDTH:0.600429
G1 F3600
G1 X73.098 Y118.716 E2.03821
G1 E.03821 F2400
G92 E0
G1 X73.098 Y118.716 F7800
G1 X88.128 Y116.505
G1 E2 F2400
;WIDTH:0.45
G1 F3600
G1 X88.042 Y116.484 E2.00426
G1 X78.85 Y116.484 E2.44636
G1 X78.559 Y116.563 E2.46086
G1 X76.43 Y117.804 E2.57938
G1 X76.234 Y117.993 E2.59248
G1 X75.218 Y119.589 E2.68348
G1 X72.152 Y119.005 E2.8336
G1 X70.957 Y117.458 E2.92762
G1 X71.058 Y116.824 E2.9585
;WIDTH:0.498031
G1 X71.118 Y116.603 E2.97089
;WIDTH:0.546062
G1 X71.177 Y116.381 E2.98469
;WIDTH:0.594094
G1 X71.237 Y116.16 E2.99982
;WIDTH:0.609199
G1 X71.366 Y115.395 E3.05254
G1 X71.357 Y115.328 E3.05713
;WIDTH:0.570239
G1 X71.348 Y115.261 E3.0614
;WIDTH:0.53128
G1 X71.339 Y115.194 E3.06534
;WIDTH:0.49232
G1 X71.33 Y115.128 E3.0689
;WIDTH:0.453361
G1 X71.474 Y114.209 E3.11403
;WIDTH:0.45
G1 X72.456 Y113.881 E3.16383
;WIDTH:0.493762
G1 X72.559 Y113.87 E3.16938
;WIDTH:0.537525
G1 X72.662 Y113.859 E3.17549
;WIDTH:0.581288
G1 X72.765 Y113.847 E3.18218
;WIDTH:0.585168
G1 X73.227 Y113.696 E3.21375
G1 X73.375 Y113.628 E3.22433
;WIDTH:0.551403
G1 X73.523 Y113.561 E3.2342
;WIDTH:0.517638
G1 X73.672 Y113.494 E3.24344
;WIDTH:0.483874
G1 X74.237 Y113.288 E3.27491
;WIDTH:0.45
G1 X83.528 Y112.117 E3.72531
G1 X83.761 Y112.034 E3.73721
G1 X86.279 Y110.466 E3.87988
G1 X86.372 Y110.394 E3.88554
G1 X86.503 Y110.209 E3.89644
G1 X86.552 Y109.975 E3.90794
G1 X86.552 Y87.483 E4.98973
G1 X88.418 Y85.727 E5.11297
G1 X139.845 Y85.727 E7.58643
G1 X140.085 Y85.675 E7.59824
G1 X140.291 Y85.517 E7.61073
G1 X142.771 Y82.515 E7.79801
G1 X144.111 Y81.286 E7.88546
G1 X147.05 Y81.625 E8.02775
G1 X148.96 Y83.43 E8.15415
G1 X148.74 Y83.954 E8.18148
G1 X147.485 Y86.949 E8.33766
G1 X140.827 Y91.532 E8.72642
G1 X140.713 Y91.703 E8.7363
G1 X140.665 Y91.934 E8.74765
G1 X140.665 Y126.469 E10.40866
G1 X114.357 Y126.469 E11.67398
G1 X114.115 Y126.522 E11.6859
G1 X113.893 Y126.701 E11.69962
G1 X112.548 Y128.511 E11.80808
G1 X112.472 Y128.796 E11.82227
G1 X112.472 Y137.119 E12.22258
G1 X111.362 Y138.742 E12.31715
G1 X108.847 Y138.742 E12.43811
G1 X107.452 Y137.085 E12.54229
G1 X107.451 Y136.074 E12.59092
;WIDTH:0.448025
G1 X107.442 Y135.491 E12.61882
;WIDTH:0.45
G1 X107.452 Y128.796 E12.94083
G1 X107.42 Y128.496 E12.95534
G1 X107.283 Y128.277 E12.96776
G1 X106.258 Y127.252 E13.03748
G1 X105.613 Y126.646 E13.08005
G1 X105.348 Y126.582 E13.09316
G1 X88.621 Y126.582 E13.89767
G1 X88.621 Y117.062 E14.35555
G1 X88.524 Y116.742 E14.37163
G1 X88.311 Y116.55 E14.38542
G1 X88.187 Y116.519 E14.39157
G1 X88.187 Y116.519 F7800
G1 X88.042 Y116.869
;TYPE:External perimeter
G1 F1800
G1 X78.85 Y116.869 E14.83367
G1 X78.753 Y116.896 E14.83851
G1 X77.125 Y117.846 E14.92917
G1 X76.559 Y118.2 E14.96128
G1 X75.403 Y120.017 E15.06486
G1 X71.937 Y119.356 E15.23457
G1 X70.55 Y117.562 E15.34364
G1 X71.13 Y113.917 E15.52116
G1 X74.152 Y112.91 E15.67436
G1 X83.479 Y111.735 E16.1265
G1 X83.557 Y111.707 E16.13049
G1 X86.106 Y110.115 E16.27503
G1 X86.166 Y109.975 E16.28236
G1 X86.166 Y87.316 E17.37218
G1 X88.265 Y85.341 E17.5108
G1 X139.845 Y85.341 E19.99162
G1 X139.993 Y85.271 E19.99949
G1 X142.49 Y82.248 E20.18807
G1 X143.98 Y80.883 E20.28526
G1 X147.221 Y81.257 E20.44218
G1 X149.419 Y83.333 E20.5876
G1 X149.096 Y84.104 E20.62781
G1 X147.797 Y87.202 E20.78938
G1 X141.104 Y91.8 E21.17993
G1 X141.05 Y91.934 E21.18688
G1 X141.05 Y126.855 E22.86646
G1 X114.342 Y126.855 E24.15102
G1 X114.202 Y126.932 E24.1587
G1 X112.896 Y128.681 E24.26369
G1 X112.858 Y128.796 E24.26952
G1 X112.858 Y137.238 E24.67555
G1 X111.565 Y139.128 E24.78569
G1 X108.668 Y139.128 E24.92503
G1 X107.067 Y137.226 E25.0446
G1 X107.067 Y128.686 E25.45534
G1 X107.01 Y128.55 E25.46243
G1 X105.485 Y127.024 E25.56619
G1 X105.348 Y126.968 E25.57331
G1 X88.235 Y126.968 E26.39639
G1 X88.235 Y117.062 E26.87283
G1 X88.191 Y116.939 E26.87911
G1 X88.097 Y116.895 E26.8841
G1 X87.697 Y116.873 F7800
G1 E24.8841 F2400
G92 E0
G1 X142.691 Y83.191 F7800
G1 E2 F2400
;TYPE:Perimeter
;WIDTH:0.417901
G1 F3600
G1 X143.004 Y82.79 E2.02243
;WIDTH:0.414461
G1 X143.51 Y82.336 E2.05211
G1 E.05211 F2400
G92 E0
G1 X143.51 Y82.336 F7800
G1 X108.167 Y137.317
G1 E2 F2400
;WIDTH:0.474339
G1 F3600
G1 X107.844 Y136.942 E2.02531
G1 E.02531 F2400
G92 E0
G1 X107.844 Y136.942 F7800
G1 X76.048 Y117.615
G1 E2 F2400
;WIDTH:0.476731
G1 F3600
G1 X75.727 Y118.046 E2.02764
G1 E.02764 F2400
G92 E0
G1 X75.727 Y118.046 F7800
G1 X108.6 Y133.384
G1 E2 F2400
;TYPE:Bridge infill
;WIDTH:0.400182
;HEIGHT:0.4
G1 F3600
G1 X108.159 Y133.266 E2.02387
G1 X108.159 Y132.8 E2.04824
G1 X108.964 Y133.016 E2.09182
G1 X109.491 Y132.905 E2.11998
G1 X109.822 Y132.884 E2.13732
G1 X110.118 Y132.906 E2.15284
G1 X110.357 Y132.948 E2.16553
G1 X110.638 Y133.027 E2.18079
G1 X110.864 Y133.116 E2.19349
G1 X111.124 Y133.249 E2.20876
G1 X111.328 Y133.381 E2.22147
G1 X111.556 Y133.563 E2.23673
G1 X111.765 Y133.767 E2.252
G1 X111.765 Y133.301 E2.27637
G1 X108.159 Y132.334 E2.4716
G1 X108.159 Y131.868 E2.49597
G1 X111.765 Y132.835 E2.6912
G1 X111.765 Y132.368 E2.71562
G1 X108.159 Y131.402 E2.91084
G1 X108.159 Y130.936 E2.93521
G1 X111.765 Y131.902 E3.13043
G1 X111.765 Y131.436 E3.1548
G1 X108.159 Y130.47 E3.35002
G1 X108.159 Y130.004 E3.37439
G1 X111.765 Y130.97 E3.56961
G1 X111.765 Y130.504 E3.59398
G1 X108.159 Y129.538 E3.7892
G1 X108.159 Y129.072 E3.81357
G1 X111.765 Y130.038 E4.00879
G1 X111.765 Y129.572 E4.03316
G1 X108.153 Y128.604 E4.22871
G1 X108.141 Y128.465 E4.23601
G1 X108.087 Y128.259 E4.24715
G1 X108.005 Y128.099 E4.25655
G1 X111.765 Y129.106 E4.4601
G1 X111.781 Y128.644 E4.48427
G1 X107.504 Y127.498 E4.71581
G1 X106.867 Y126.861 E4.76292
G1 X112.117 Y128.268 E5.04714
G1 E3.04714 F2400
G92 E0
G1 X112.117 Y128.268 F7800
G1 X89.125 Y125.37
G1 E2 F2400
G1 F3600
G1 X91.011 Y125.875 E2.1021
G1 X92.75 Y125.875 E2.19304
G1 X89.327 Y124.958 E2.37835
G1 X89.327 Y124.492 E2.40272
G1 X94.489 Y125.875 E2.68217
G1 X96.229 Y125.875 E2.77316
G1 X89.327 Y124.026 E3.14681
G1 X89.327 Y123.56 E3.17118
G1 X97.968 Y125.875 E3.63897
G1 X99.708 Y125.875 E3.72996
G1 X89.327 Y123.094 E4.29195
G1 X89.326 Y122.627 E4.31637
G1 X101.447 Y125.875 E4.97257
G1 X103.186 Y125.875 E5.06351
G1 X89.326 Y122.161 E5.81385
G1 X89.326 Y121.695 E5.83822
G1 X112.177 Y127.818 E7.07531
G1 X112.467 Y127.43 E7.10064
G1 X89.326 Y121.229 E8.35343
G1 X89.326 Y120.763 E8.3778
G1 X112.757 Y127.041 E9.64628
G1 X113.047 Y126.653 E9.67161
G1 X89.326 Y120.297 E10.9558
G1 X89.325 Y119.831 E10.98017
G1 X113.338 Y126.265 E12.28016
G1 X113.502 Y126.087 E12.29282
G1 X113.638 Y125.981 E12.30184
G1 X113.763 Y125.913 E12.30928
G1 X89.325 Y119.365 E13.63228
G1 X89.325 Y118.899 E13.65665
G1 X114.94 Y125.762 E15.04337
G1 X116.679 Y125.762 E15.13431
G1 X89.325 Y118.432 E16.61518
G1 X89.325 Y117.966 E16.63955
G1 X118.418 Y125.762 E18.21457
G1 X120.158 Y125.762 E18.30556
G1 X89.324 Y117.5 E19.97482
G1 X89.324 Y117.034 E19.99919
G1 X121.897 Y125.762 E21.7626
G1 X123.636 Y125.762 E21.85354
G1 X88.94 Y116.465 E23.73188
G1 E21.73188 F2400
G92 E0
G1 X88.94 Y116.465 F7800
G1 X77.424 Y116.642
G1 E2 F2400
G1 F3600
G1 X76.742 Y116.459 E2.03693
G1 X76.747 Y116.171 E2.05199
G1 X76.728 Y115.989 E2.06156
G1 X77.696 Y116.249 E2.11397
G1 X78.245 Y115.93 E2.14717
G1 X76.629 Y115.497 E2.23466
G1 X76.55 Y115.245 E2.24847
G1 X76.416 Y114.974 E2.26428
G1 X79.445 Y115.785 E2.42825
G1 X81.178 Y115.783 E2.51887
G1 X76.014 Y114.4 E2.79842
G1 X75.812 Y114.197 E2.8134
G1 X75.564 Y113.999 E2.82999
G1 X75.346 Y113.86 E2.84351
G1 X75.615 Y113.827 E2.85768
G1 X82.911 Y115.782 E3.25267
G1 X84.644 Y115.78 E3.34329
G1 X76.798 Y113.678 E3.76805
G1 X77.981 Y113.529 E3.8304
G1 X87.13 Y115.98 E4.32569
G1 E2.32569 F2400
G92 E0
G1 X87.13 Y115.98 F7800
G1 X78.646 Y113.241
G1 E2 F2400
G1 F3600
G1 X125.376 Y125.762 E4.52982
G1 X127.115 Y125.762 E4.62076
G1 X80.347 Y113.231 E7.15264
G1 X81.53 Y113.081 E7.215
G1 X128.855 Y125.762 E9.77704
G1 X130.594 Y125.762 E9.86798
G1 X82.713 Y112.932 E12.46012
G1 X83.623 Y112.818 E12.50808
G1 X83.835 Y112.767 E12.51948
G1 X132.333 Y125.762 E15.14502
G1 X134.073 Y125.762 E15.23601
G1 X84.419 Y112.457 E17.92414
G1 X84.942 Y112.132 E17.95634
G1 X135.812 Y125.762 E20.71029
G1 X137.551 Y125.762 E20.80123
G1 X85.466 Y111.806 E23.62096
G1 X85.989 Y111.48 E23.65319
G1 X139.291 Y125.762 E26.5388
G1 X139.958 Y125.762 E26.57368
G1 X139.958 Y125.475 E26.58869
G1 X86.512 Y111.154 E29.48211
G1 X86.859 Y110.908 E29.50435
G1 X86.951 Y110.805 E29.51157
G1 X139.958 Y125.009 E32.38123
G1 X139.958 Y124.543 E32.4056
G1 X87.18 Y110.401 E35.26285
G1 X87.232 Y110.243 E35.27155
G1 X87.259 Y109.956 E35.28662
G1 X139.958 Y124.077 E38.1396
G1 X139.958 Y123.61 E38.16402
G1 X87.259 Y109.49 E41.01698
G1 X87.259 Y109.024 E41.04135
G1 X139.958 Y123.144 E43.89431
G1 X139.958 Y122.678 E43.91868
G1 X87.259 Y108.558 E46.77164
G1 X87.259 Y108.092 E46.79601
G1 X139.959 Y122.212 E49.64902
G1 X139.959 Y121.746 E49.67339
G1 X87.259 Y107.626 E52.5264
G1 X87.259 Y107.16 E52.55077
G1 X139.959 Y121.28 E55.40378
G1 X139.959 Y120.814 E55.42815
G1 X87.259 Y106.693 E58.28118
G1 X87.259 Y106.227 E58.30555
G1 X139.959 Y120.348 E61.15858
G1 X139.959 Y119.882 E61.18295
G1 X87.259 Y105.761 E64.03598
G1 X87.259 Y105.295 E64.06035
G1 X139.959 Y119.416 E66.91338
G1 X139.959 Y118.95 E66.93775
G1 X87.259 Y104.829 E69.79078
G1 X87.259 Y104.363 E69.81515
G1 X139.959 Y118.484 E72.66818
G1 X139.96 Y118.018 E72.69255
G1 X87.259 Y103.897 E75.54563
G1 X87.259 Y103.431 E75.57
G1 X139.96 Y117.552 E78.42308
G1 X139.96 Y117.086 E78.44745
G1 X87.259 Y102.965 E81.30053
G1 X87.259 Y102.499 E81.3249
G1 X139.96 Y116.62 E84.17798
G1 X139.96 Y116.154 E84.20235
G1 X87.259 Y102.033 E87.05543
G1 X87.259 Y101.567 E87.0798
G1 X139.96 Y115.688 E89.93288
G1 X139.96 Y115.222 E89.95725
G1 X87.259 Y101.101 E92.81033
G1 X87.259 Y100.635 E92.8347
G1 X139.96 Y114.756 E95.68778
G1 X139.961 Y114.29 E95.71215
G1 X87.259 Y100.169 E98.56528
G1 X87.259 Y99.703 E98.58965
G1 X139.961 Y113.824 E101.44278
G1 X139.961 Y113.358 E101.46715
G1 X87.259 Y99.236 E104.32029
G1 X87.259 Y98.77 E104.34466
G1 X139.961 Y112.892 E107.1978
G1 X139.961 Y112.426 E107.22217
G1 X87.259 Y98.304 E110.07531
G1 X87.259 Y97.838 E110.09968
G1 X139.961 Y111.96 E112.95282
G1 X139.961 Y111.494 E112.97719
G1 X87.259 Y97.372 E115.83033
G1 X87.259 Y96.906 E115.8547
G1 X139.961 Y111.028 E118.70784
G1 X139.961 Y110.562 E118.73221
G1 X87.259 Y96.44 E121.58535
G1 X87.259 Y95.974 E121.60972
G1 X139.962 Y110.096 E124.46291
G1 X139.962 Y109.63 E124.48728
G1 X87.259 Y95.508 E127.34047
G1 X87.259 Y95.042 E127.36484
G1 X139.962 Y109.164 E130.21803
G1 X139.962 Y108.697 E130.24245
G1 X87.259 Y94.576 E133.09563
G1 X87.259 Y94.11 E133.12
G1 X139.962 Y108.231 E135.97318
G1 X139.962 Y107.765 E135.99755
G1 X87.259 Y93.644 E138.85073
G1 X87.259 Y93.178 E138.8751
G1 X139.962 Y107.299 E141.72828
G1 X139.962 Y106.833 E141.75265
G1 X87.259 Y92.712 E144.60583
G1 X87.259 Y92.246 E144.6302
G1 X139.963 Y106.367 E147.48343
G1 X139.963 Y105.901 E147.5078
G1 X87.259 Y91.779 E150.36104
G1 X87.259 Y91.313 E150.38541
G1 X139.963 Y105.435 E153.23865
G1 X139.963 Y104.969 E153.26302
G1 X87.259 Y90.847 E156.11626
G1 X87.259 Y90.381 E156.14063
G1 X139.963 Y104.503 E158.99387
G1 X139.963 Y104.037 E159.01824
G1 X87.259 Y89.915 E161.87148
G1 X87.259 Y89.449 E161.89585
G1 X139.963 Y103.571 E164.74909
G1 X139.963 Y103.105 E164.77346
G1 X87.259 Y88.983 E167.6267
G1 X87.259 Y88.517 E167.65107
G1 X139.963 Y102.639 E170.50431
G1 X139.964 Y102.173 E170.52868
G1 X87.259 Y88.051 E173.38197
G1 X87.259 Y87.788 E173.39572
G1 X87.427 Y87.63 E173.40778
G1 X139.964 Y101.707 E176.25198
G1 X139.964 Y101.241 E176.27635
G1 X87.813 Y87.267 E179.09966
G1 X88.198 Y86.904 E179.12733
G1 X139.964 Y100.775 E181.9298
G1 X139.964 Y100.309 E181.95417
G1 X88.584 Y86.542 E184.73573
G1 X88.698 Y86.434 E184.74394
G1 X89.921 Y86.434 E184.80789
G1 X139.964 Y99.843 E187.51707
G1 X139.964 Y99.377 E187.54144
G1 X91.66 Y86.434 E190.15648
G1 X93.399 Y86.434 E190.24742
G1 X139.964 Y98.911 E192.76831
G1 X139.965 Y98.445 E192.79268
G1 X95.139 Y86.434 E195.21943
G1 X96.878 Y86.434 E195.31037
G1 X139.965 Y97.979 E197.64297
G1 X139.965 Y97.513 E197.66734
G1 X98.617 Y86.434 E199.9058
G1 X100.357 Y86.434 E199.99679
G1 X139.965 Y97.047 E202.14105
G1 X139.965 Y96.581 E202.16542
G1 X102.096 Y86.434 E204.21554
G1 X103.836 Y86.434 E204.30653
G1 X139.965 Y96.115 E206.26245
G1 X139.965 Y95.649 E206.28682
G1 X105.575 Y86.434 E208.1486
G1 X107.314 Y86.434 E208.23954
G1 X139.965 Y95.183 E210.00717
G1 X139.965 Y94.717 E210.03154
G1 X109.054 Y86.434 E211.70498
G1 X110.793 Y86.434 E211.79592
G1 X139.966 Y94.251 E213.37526
G1 X139.966 Y93.784 E213.39968
G1 X112.532 Y86.434 E214.88487
G1 X114.272 Y86.434 E214.97586
G1 X139.966 Y93.318 E216.36685
G1 X139.966 Y92.852 E216.39122
G1 X116.011 Y86.434 E217.68806
G1 X117.75 Y86.434 E217.779
G1 X139.966 Y92.386 E218.9817
G1 X139.966 Y91.92 E219.00607
G1 X119.49 Y86.434 E220.11457
G1 X121.229 Y86.434 E220.20551
G1 X140.048 Y91.476 E221.22431
G1 X140.168 Y91.228 E221.23872
G1 X140.29 Y91.075 E221.24895
G1 X122.969 Y86.434 E222.18666
G1 X124.708 Y86.434 E222.2776
G1 X140.731 Y90.727 E223.14503
G1 X141.221 Y90.392 E223.17607
G1 X126.447 Y86.434 E223.97588
G1 X128.187 Y86.434 E224.06687
G1 X141.71 Y90.057 E224.79896
G1 X142.2 Y89.723 E224.82997
G1 X129.926 Y86.434 E225.49445
G1 X131.665 Y86.434 E225.58539
G1 X142.69 Y89.388 E226.18225
G1 X143.18 Y89.053 E226.21329
G1 X133.405 Y86.434 E226.74248
G1 X135.144 Y86.434 E226.83342
G1 X143.67 Y88.718 E227.29499
G1 X144.16 Y88.383 E227.32603
G1 X136.884 Y86.434 E227.71992
G1 X138.623 Y86.434 E227.81086
G1 X144.65 Y88.049 E228.13715
G1 X145.14 Y87.714 E228.16819
G1 X140.185 Y86.386 E228.43644
G1 X140.377 Y86.319 E228.44707
G1 X140.548 Y86.225 E228.45727
G1 X140.741 Y86.069 E228.47025
G1 X142.796 Y86.62 E228.58151
G1 X142.595 Y86.398 E228.59717
G1 X142.368 Y86.039 E228.61938
G1 X141.059 Y85.688 E228.69025
G1 X141.376 Y85.307 E228.71617
G1 X142.134 Y85.51 E228.7572
G1 X142.044 Y85.191 E228.77453
G1 X142.017 Y85.013 E228.78394
G1 X141.477 Y84.868 E228.81318
G1 E226.81318 F2400
G92 E0
G1 X141.477 Y84.868 F7800
G1 X147.667 Y83.141
G1 E2 F2400
;TYPE:Solid infill
;WIDTH:0.405396
;HEIGHT:0.3
G1 F1200
G1 X147.634 Y83.197 E2.00276
G1 X147.813 Y83.687 E2.02495
G1 X147.912 Y84.075 E2.04198
G1 X147.945 Y84.079 E2.04339
G1 X147.993 Y84.05 E2.04578
G1 X148.182 Y83.598 E2.06662
G1 X147.811 Y83.269 E2.08771
;LAYER_CHANGE
;Z:4.55
;HEIGHT:0.3
 ; After First Layer

G1 Z4.55 F7800
G1 E.08771 F2400
G1 Z4.55 F7800
G1 X144.893 Y81.816
G1 E2.08771 F2400
;TYPE:Perimeter
;WIDTH:0.552623
G1 F900
G1 X144.793 Y81.849 E2.09412
;WIDTH:0.511552
G1 X144.694 Y81.881 E2.09992
;WIDTH:0.470482
G1 X144.594 Y81.914 E2.10525
;WIDTH:0.429412
G1 X144.494 Y81.947 E2.11004
;WIDTH:0.388342
G1 X143.985 Y82.098 E2.13149
;WIDTH:0.414465
G1 X143.51 Y82.336 E2.15469
G1 X143.757 Y82.094 E2.16979
;WIDTH:0.391757
G1 X144.231 Y81.657 E2.19611
;WIDTH:0.388342
G1 X144.493 Y81.687 E2.20677
;WIDTH:0.429412
G1 X144.593 Y81.719 E2.21155
;WIDTH:0.470482
G1 X144.693 Y81.752 E2.21688
;WIDTH:0.511552
G1 X144.793 Y81.784 E2.22274
;WIDTH:0.552623
G1 X144.836 Y81.798 E2.22549
G1 E.22549 F2400
G92 E0
G1 X144.836 Y81.798 F7800
G1 X147.359 Y86.036
G1 E2 F2400
;WIDTH:0.617153
G1 F3600
G1 X147.339 Y86.143 E2.0075
;WIDTH:0.569885
G1 X147.32 Y86.251 E2.01441
;WIDTH:0.522617
G1 X147.3 Y86.359 E2.02069
;WIDTH:0.475349
G1 X147.281 Y86.466 E2.02626
;WIDTH:0.428082
G1 X147.203 Y86.653 E2.03545
G1 X146.842 Y86.949 E2.05663
;WIDTH:0.416724
G1 X146.372 Y87.265 E2.08152
;WIDTH:0.45
G1 X145.891 Y87.575 E2.10904
G1 X141.28 Y90.739 E2.378
G1 X140.549 Y91.265 E2.42131
G1 X140.359 Y91.549 E2.43774
G1 X140.279 Y91.934 E2.45665
G1 X140.279 Y126.083 E4.0991
G1 X114.211 Y126.094 E5.35288
G1 X113.858 Y126.223 E5.37096
G1 X113.584 Y126.471 E5.38873
G1 X112.278 Y128.219 E5.49368
G1 X112.152 Y128.447 E5.50621
G1 X112.087 Y128.796 E5.52328
G1 X112.095 Y135.194 E5.831
G1 X111.984 Y134.738 E5.85357
G1 X111.776 Y134.316 E5.8762
G1 X111.488 Y133.944 E5.89883
G1 X111.133 Y133.636 E5.92143
G1 X110.723 Y133.405 E5.94406
G1 X110.276 Y133.259 E5.96668
G1 X109.809 Y133.205 E5.98929
G1 X109.341 Y133.244 E6.01188
G1 X108.889 Y133.376 E6.03453
G1 X108.473 Y133.594 E6.05712
G1 X108.108 Y133.891 E6.07975
G1 X107.838 Y134.215 E6.10003
G1 X107.838 Y128.796 E6.36067
G1 X107.823 Y128.52 E6.37396
G1 X107.729 Y128.241 E6.38812
G1 X107.556 Y128.004 E6.40223
G1 X105.97 Y126.423 E6.50994
G1 X105.705 Y126.265 E6.52478
G1 X105.348 Y126.197 E6.54226
G1 X89.006 Y126.197 E7.32825
G1 X89.003 Y116.988 E7.77117
G1 X88.899 Y116.621 E7.78952
G1 X88.691 Y116.349 E7.80599
G1 X88.375 Y116.158 E7.82375
G1 X88.042 Y116.098 E7.84002
G1 X78.73 Y116.106 E8.2879
G1 X78.364 Y116.23 E8.30649
G1 X76.236 Y117.472 E8.425
;WIDTH:0.447283
G1 X76.006 Y117.668 E8.43943
;WIDTH:0.44338
G1 X76.108 Y117.506 E8.44848
;WIDTH:0.45
G1 X76.324 Y116.982 E8.47574
G1 X76.416 Y116.459 E8.50128
G1 X76.396 Y115.893 E8.52852
G1 X76.268 Y115.414 E8.55237
G1 X76.048 Y114.97 E8.5762
G1 X75.744 Y114.578 E8.60006
G1 X75.369 Y114.254 E8.6239
G1 X74.936 Y114.011 E8.64778
G1 X74.465 Y113.859 E8.67158
G1 X73.972 Y113.803 E8.69544
G1 X74.323 Y113.665 E8.71358
G1 X83.576 Y112.5 E9.16213
G1 X83.965 Y112.362 E9.18198
G1 X86.483 Y110.793 E9.32467
G1 X86.741 Y110.558 E9.34145
G1 X86.885 Y110.29 E9.35608
G1 X86.938 Y109.975 E9.37144
G1 X86.938 Y87.65 E10.44519
G1 X88.571 Y86.112 E10.55308
G1 X139.139 Y86.112 E12.98523
G1 X140.083 Y86.083 E13.03065
G1 X140.316 Y85.99 E13.04272
G1 X140.588 Y85.762 E13.05979
G1 X142.313 Y83.674 E13.19005
G1 X142.691 Y83.191 E13.21955
G1 X142.497 Y83.553 E13.2393
G1 X142.346 Y84.068 E13.26511
G1 X142.3 Y84.603 E13.29094
G1 X142.361 Y85.137 E13.31679
G1 X142.526 Y85.648 E13.34262
G1 X142.79 Y86.115 E13.36842
G1 X143.141 Y86.522 E13.39427
G1 X143.566 Y86.851 E13.42012
G1 X144.047 Y87.089 E13.44593
G1 X144.467 Y87.21 E13.46695
G1 X144.969 Y87.261 E13.49122
G1 X145.502 Y87.214 E13.51695
G1 X146.015 Y87.054 E13.5428
;WIDTH:0.435578
G1 X146.48 Y86.789 E13.56758
;WIDTH:0.428082
G1 X146.912 Y86.448 E13.59255
;WIDTH:0.475349
G1 X147.024 Y86.345 E13.60035
;WIDTH:0.522617
G1 X147.135 Y86.242 E13.609
;WIDTH:0.569885
G1 X147.247 Y86.139 E13.61859
;WIDTH:0.617153
G1 X147.315 Y86.077 E13.62493
G1 E11.62493 F2400
G92 E0
G1 X147.315 Y86.077 F7800
G1 X146.923 Y82.66
G1 E2 F2400
;WIDTH:0.512264
G1 F900
G1 X146.822 Y82.553 E2.00822
;WIDTH:0.500528
G1 X146.389 Y82.226 E2.03774
;WIDTH:0.546
G1 X146.15 Y82.09 E2.05426
;WIDTH:0.591473
G1 X145.911 Y81.953 E2.07237
G1 X146.121 Y81.953 E2.08618
;WIDTH:0.543606
G1 X146.867 Y82.018 E2.13094
;WIDTH:0.500528
G1 X147.174 Y82.299 E2.15358
;WIDTH:0.517385
G1 X147.568 Y82.691 E2.18498
G1 X147.768 Y82.857 E2.19967
;WIDTH:0.483692
G1 X147.969 Y83.024 E2.21334
;WIDTH:0.45
G1 X148.502 Y83.527 E2.24859
G1 X148.385 Y83.805 E2.2631
G1 X147.994 Y84.738 E2.31176
;WIDTH:0.493335
G1 X147.923 Y84.851 E2.3189
;WIDTH:0.536671
G1 X147.851 Y84.965 E2.32684
;WIDTH:0.580007
G1 X147.78 Y85.079 E2.33548
;WIDTH:0.623343
G1 X147.709 Y85.193 E2.34484
G1 X147.706 Y85.101 E2.35126
;WIDTH:0.583068
G1 X147.703 Y85.009 E2.35721
;WIDTH:0.542793
G1 X147.697 Y84.739 E2.37332
;WIDTH:0.496396
G1 X147.691 Y84.469 E2.38787
;WIDTH:0.45
G1 X147.619 Y83.937 E2.41369
G1 X147.442 Y83.43 E2.43952
;WIDTH:0.481132
G1 X147.317 Y83.188 E2.45368
;WIDTH:0.512264
G1 X147.193 Y82.947 E2.46882
G1 X146.964 Y82.704 E2.48747
G1 X146.964 Y82.704 F7800
G1 X146.606 Y82.912
;WIDTH:0.45
G1 F900
G1 X146.651 Y82.95 E2.4903
G1 X146.938 Y83.31 E2.51244
G1 X147.148 Y83.72 E2.5346
G1 X147.273 Y84.163 E2.55674
G1 X147.307 Y84.622 E2.57888
G1 X147.254 Y85.065 E2.60034
G1 X147.148 Y85.41 E2.6177
G1 X146.938 Y85.819 E2.63981
G1 X146.651 Y86.179 E2.66195
G1 X146.299 Y86.475 E2.68407
G1 X145.894 Y86.695 E2.70624
G1 X145.454 Y86.831 E2.72839
G1 X144.997 Y86.877 E2.75048
G1 X144.561 Y86.836 E2.77154
G1 X144.205 Y86.737 E2.78931
G1 X143.791 Y86.538 E2.8114
G1 X143.424 Y86.26 E2.83354
G1 X143.119 Y85.914 E2.85572
G1 X142.889 Y85.516 E2.87783
G1 X142.742 Y85.079 E2.90001
G1 X142.685 Y84.622 E2.92216
G1 X142.719 Y84.163 E2.9443
G1 X142.844 Y83.72 E2.96644
G1 X143.054 Y83.31 E2.9886
G1 X143.341 Y82.951 E3.01071
G1 X143.694 Y82.655 E3.03287
G1 X144.098 Y82.434 E3.05502
G1 X144.538 Y82.299 E3.07716
G1 X144.996 Y82.253 E3.0993
G1 X145.454 Y82.299 E3.12144
G1 X145.894 Y82.434 E3.14358
G1 X146.378 Y82.718 E3.17057
G1 X146.56 Y82.873 E3.18207
G1 X146.56 Y82.873 F7800
G1 X146.356 Y83.198
;TYPE:External perimeter
G1 F900
G1 X146.6 Y83.495 E3.20056
G1 X146.829 Y83.992 E3.22688
G1 X146.889 Y84.202 E3.23738
G1 X146.924 Y84.584 E3.25583
G1 X146.883 Y84.961 E3.27407
G1 X146.801 Y85.242 E3.28815
G1 X146.631 Y85.586 E3.30661
G1 X146.396 Y85.89 E3.32509
G1 X146.106 Y86.141 E3.34354
G1 X145.771 Y86.33 E3.36204
G1 X145.406 Y86.448 E3.38049
G1 X145.025 Y86.492 E3.39894
G1 X144.655 Y86.462 E3.41679
G1 X144.364 Y86.386 E3.43126
G1 X144.016 Y86.224 E3.44972
G1 X143.612 Y85.895 E3.47478
G1 X143.448 Y85.713 E3.48656
G1 X143.251 Y85.384 E3.505
G1 X143.123 Y85.022 E3.52347
G1 X143.07 Y84.642 E3.54192
G1 X143.093 Y84.259 E3.56037
G1 X143.191 Y83.887 E3.57887
G1 X143.361 Y83.543 E3.59733
G1 X143.596 Y83.24 E3.61577
G1 X143.887 Y82.989 E3.63425
G1 X144.221 Y82.8 E3.65271
G1 X144.586 Y82.681 E3.67117
G1 X144.967 Y82.637 E3.68962
G1 X145.35 Y82.67 E3.70811
G1 X145.718 Y82.777 E3.72654
G1 X146.137 Y83.019 E3.74981
G1 X146.309 Y83.16 E3.76051
G1 X146.569 Y83.465 F7800
G1 E1.76051 F2400
G92 E0
G1 X144.893 Y81.816 F7800
G1 E2 F2400
;TYPE:Perimeter
;WIDTH:0.552623
G1 F3600
G1 X145.412 Y81.861 E2.03172
;WIDTH:0.557488
G1 X145.661 Y81.907 E2.04729
;WIDTH:0.591473
G1 X145.911 Y81.953 E2.064
G1 E.064 F2400
G92 E0
G1 X145.911 Y81.953 F7800
G1 X147.709 Y85.193
G1 E2 F2400
;WIDTH:0.623343
G1 F3600
G1 X147.415 Y85.921 E2.05474
;WIDTH:0.617153
G1 X147.359 Y86.036 E2.06356
G1 E.06356 F2400
G92 E0
G1 X147.359 Y86.036 F7800
G1 X112.09 Y136.01
G1 E2 F2400
;WIDTH:0.442633
G1 F900
G1 X112.094 Y136.41 E2.01887
;WIDTH:0.435979
G1 X112.094 Y136.945 E2.04367
G1 X112.025 Y137.104 E2.0517
;WIDTH:0.460414
G1 X111.82 Y137.38 E2.06868
;WIDTH:0.4858
G1 X111.616 Y137.655 E2.08668
;WIDTH:0.527439
G1 X111.45 Y137.862 E2.102
;WIDTH:0.569079
G1 X111.283 Y138.069 E2.11874
;WIDTH:0.610719
G1 X111.116 Y138.276 E2.13686
G1 X110.753 Y138.299 E2.16165
;WIDTH:0.565221
G1 X110.493 Y138.317 E2.17793
;WIDTH:0.528786
G1 X110.233 Y138.335 E2.19303
;WIDTH:0.492352
G1 X109.719 Y138.345 E2.22047
;WIDTH:0.511136
G1 X109.041 Y138.326 E2.25826
G1 X108.167 Y137.317 E2.33264
;WIDTH:0.502287
G1 X108.395 Y137.517 E2.34921
;WIDTH:0.511136
G1 X108.807 Y137.755 E2.37572
G1 X109.206 Y137.887 E2.39914
G1 X109.734 Y137.938 E2.4287
;WIDTH:0.496751
G1 X110.254 Y137.904 E2.4568
;WIDTH:0.53474
G1 X110.45 Y137.857 E2.46862
;WIDTH:0.572729
G1 X110.647 Y137.809 E2.48148
;WIDTH:0.610719
G1 X110.843 Y137.762 E2.49521
G1 X110.968 Y137.669 E2.50583
;WIDTH:0.574373
G1 X111.093 Y137.576 E2.51574
;WIDTH:0.538027
G1 X111.355 Y137.301 E2.53818
;WIDTH:0.490804
G1 X111.617 Y137.025 E2.55842
;WIDTH:0.443581
G1 X111.903 Y136.568 E2.58392
;WIDTH:0.442633
G1 X112.071 Y136.066 E2.60889
G1 E.60889 F2400
G92 E0
G1 X112.071 Y136.066 F7800
G1 X110.111 Y133.624
G1 E2 F2400
;WIDTH:0.45
G1 F900
G1 X110.172 Y133.63 E2.00295
G1 X110.547 Y133.748 E2.02186
G1 X110.892 Y133.938 E2.0408
G1 X111.193 Y134.192 E2.05974
G1 X111.437 Y134.501 E2.07868
G1 X111.615 Y134.852 E2.09761
G1 X111.72 Y135.231 E2.11653
G1 X111.748 Y135.624 E2.13548
G1 X111.697 Y136.014 E2.1544
G1 X111.57 Y136.387 E2.17335
G1 X111.343 Y136.758 E2.19427
G1 X110.879 Y137.204 E2.22522
G1 X110.532 Y137.391 E2.24418
G1 X110.156 Y137.505 E2.26308
G1 X109.764 Y137.543 E2.28202
G1 X109.318 Y137.487 E2.30364
G1 X108.997 Y137.384 E2.31985
G1 X108.652 Y137.195 E2.33877
G1 X108.351 Y136.94 E2.35774
G1 X108.107 Y136.632 E2.37664
G1 X107.929 Y136.281 E2.39557
;WIDTH:0.449868
G1 X107.827 Y135.902 E2.41444
;WIDTH:0.443571
G1 X107.81 Y135.475 E2.43465
;WIDTH:0.475824
G1 X107.874 Y134.986 E2.45996
G1 X108.116 Y134.487 E2.48842
;WIDTH:0.45
G1 X108.363 Y134.18 E2.50737
G1 X108.665 Y133.928 E2.52629
G1 X109.012 Y133.742 E2.54523
G1 X109.389 Y133.627 E2.56419
G1 X109.78 Y133.59 E2.58308
G1 X110.052 Y133.618 E2.59623
G1 X110.052 Y133.618 F7800
G1 X110.066 Y134.001
;TYPE:External perimeter
G1 F900
G1 X110.067 Y134.002 E2.5963
G1 X110.372 Y134.091 E2.61158
G1 X110.652 Y134.239 E2.62681
G1 X110.897 Y134.44 E2.64205
G1 X111.098 Y134.685 E2.65729
G1 X111.247 Y134.965 E2.67255
G1 X111.336 Y135.27 E2.68783
G1 X111.364 Y135.585 E2.70304
G1 X111.329 Y135.9 E2.71828
G1 X111.232 Y136.202 E2.73354
G1 X111.067 Y136.489 E2.74946
G1 X110.686 Y136.87 E2.77538
G1 X110.409 Y137.025 E2.79065
G1 X110.108 Y137.123 E2.80588
G1 X109.793 Y137.158 E2.82112
G1 X109.423 Y137.116 E2.83903
G1 X109.172 Y137.041 E2.85163
G1 X108.892 Y136.893 E2.86686
G1 X108.647 Y136.693 E2.88207
G1 X108.446 Y136.447 E2.89735
G1 X108.297 Y136.167 E2.91261
G1 X108.208 Y135.863 E2.92785
G1 X108.182 Y135.539 E2.94348
G1 X108.282 Y135.004 E2.96966
G1 X108.424 Y134.72 E2.98493
G1 X108.618 Y134.469 E3.00019
G1 X108.858 Y134.262 E3.01543
G1 X109.135 Y134.107 E3.0307
G1 X109.436 Y134.01 E3.04591
G1 X109.752 Y133.974 E3.06121
G1 X110.006 Y133.996 E3.07347
G1 X110.389 Y134.112 F7800
G1 E1.07347 F2400
G92 E0
G1 X112.095 Y135.194 F7800
G1 E2 F2400
;TYPE:Perimeter
;WIDTH:0.432941
G1 F3600
G1 X112.095 Y135.939 E2.03425
;WIDTH:0.442633
G1 X112.09 Y136.01 E2.03761
G1 E.03761 F2400
G92 E0
G1 X112.09 Y136.01 F7800
G1 X75.708 Y118.068
G1 E2 F2400
;WIDTH:0.521656
G1 F900
G1 X75.529 Y118.315 E2.0174
G1 X75.016 Y119.121 E2.07189
G1 X74.618 Y119.045 E2.095
;WIDTH:0.571155
G1 X74.29 Y118.958 E2.11645
;WIDTH:0.620655
G1 X73.961 Y118.87 E2.14008
G1 X74.182 Y118.822 E2.15577
;WIDTH:0.571155
G1 X74.403 Y118.775 E2.17005
;WIDTH:0.521656
G1 X74.885 Y118.634 E2.19869
G1 X75.33 Y118.399 E2.22739
G1 X75.663 Y118.108 E2.25261
G1 E.25261 F2400
G92 E0
G1 X75.663 Y118.108 F7800
G1 X73.098 Y118.716
G1 E2 F2400
;WIDTH:0.600419
G1 F900
G1 X72.991 Y118.719 E2.00716
;WIDTH:0.553888
G1 X72.884 Y118.722 E2.0137
;WIDTH:0.507358
G1 X72.622 Y118.694 E2.02826
;WIDTH:0.465183
G1 X72.361 Y118.666 E2.04138
;WIDTH:0.423008
G1 X72.071 Y118.329 E2.06127
;WIDTH:0.376747
G1 X71.72 Y117.892 E2.08311
;WIDTH:0.397454
G1 X71.337 Y117.362 E2.11027
G1 X71.365 Y117.182 E2.11784
;WIDTH:0.405062
G1 X71.48 Y116.52 E2.14639
G1 X71.497 Y116.69 E2.15365
G1 X71.633 Y117.163 E2.17456
;WIDTH:0.397454
G1 X71.867 Y117.593 E2.1949
;WIDTH:0.369348
G1 X72.248 Y118.069 E2.21809
;WIDTH:0.396178
G1 X72.462 Y118.246 E2.22958
;WIDTH:0.423008
G1 X72.675 Y118.422 E2.24194
;WIDTH:0.46736
G1 X72.781 Y118.496 E2.24844
;WIDTH:0.511713
G1 X72.887 Y118.569 E2.25562
;WIDTH:0.556066
G1 X72.992 Y118.642 E2.26346
;WIDTH:0.600419
G1 X73.049 Y118.682 E2.26812
G1 E.26812 F2400
G92 E0
G1 X73.049 Y118.682 F7800
G1 X72.692 Y114.177
G1 E2 F2400
;WIDTH:0.38929
G1 F900
G1 X72.579 Y114.242 E2.00528
G1 X72.2 Y114.552 E2.02512
G1 X71.889 Y114.931 E2.04499
G1 X71.629 Y115.5 E2.07034
G1 X71.791 Y114.477 E2.11231
G1 X72.635 Y114.196 E2.14836
G1 E.14836 F2400
G92 E0
G1 X72.635 Y114.196 F7800
G1 X75.996 Y115.873
G1 E2 F2400
;WIDTH:0.45
G1 F900
G1 X76.012 Y115.932 E2.00294
G1 X76.037 Y116.392 E2.0251
G1 X75.944 Y116.916 E2.0507
G1 X75.704 Y117.439 E2.07838
G1 X75.442 Y117.766 E2.09853
G1 X75.12 Y118.035 E2.11871
G1 X74.7 Y118.251 E2.14143
G1 X74.35 Y118.357 E2.15902
G1 X73.933 Y118.397 E2.17917
G1 X73.516 Y118.355 E2.19933
G1 X73.223 Y118.272 E2.21398
G1 X72.748 Y118.029 E2.23964
G1 X72.428 Y117.759 E2.25978
G1 X72.167 Y117.43 E2.27998
G1 X71.977 Y117.057 E2.30011
;WIDTH:0.490313
G1 X71.909 Y116.823 E2.31306
;WIDTH:0.530626
G1 X71.841 Y116.589 E2.32723
;WIDTH:0.570939
G1 X71.774 Y116.356 E2.34255
;WIDTH:0.584504
G1 X71.802 Y115.888 E2.37296
;WIDTH:0.595152
G1 X71.834 Y115.752 E2.38221
G1 X71.921 Y115.596 E2.39403
;WIDTH:0.546768
G1 X72.008 Y115.44 E2.40478
;WIDTH:0.498384
G1 X72.095 Y115.284 E2.41445
;WIDTH:0.45
G1 X72.435 Y114.819 E2.44216
;WIDTH:0.493761
G1 X72.619 Y114.66 E2.45518
;WIDTH:0.537522
G1 X72.803 Y114.5 E2.46957
;WIDTH:0.581284
G1 X72.987 Y114.341 E2.48525
;WIDTH:0.594025
G1 X73.517 Y114.156 E2.52233
G1 X73.76 Y114.174 E2.53843
;WIDTH:0.546016
G1 X74.004 Y114.192 E2.55313
;WIDTH:0.498008
G1 X74.247 Y114.21 E2.56631
;WIDTH:0.45
G1 X74.761 Y114.354 E2.59198
G1 X75.128 Y114.556 E2.61213
G1 X75.449 Y114.826 E2.6323
G1 X75.709 Y115.154 E2.65243
G1 X75.9 Y115.528 E2.67263
G1 X75.98 Y115.815 E2.68696
G1 X75.98 Y115.815 F7800
G1 X75.628 Y115.969
;TYPE:External perimeter
G1 F900
G1 X75.628 Y115.97 E2.68701
G1 X75.657 Y116.325 E2.70414
G1 X75.565 Y116.849 E2.72973
G1 X75.351 Y117.266 E2.75227
G1 X75.186 Y117.477 E2.76515
G1 X74.927 Y117.701 E2.78162
G1 X74.577 Y117.886 E2.80066
G1 X74.302 Y117.974 E2.81455
G1 X73.962 Y118.013 E2.83101
G1 X73.62 Y117.983 E2.84752
G1 X73.327 Y117.901 E2.86215
G1 X72.988 Y117.727 E2.88048
G1 X72.723 Y117.511 E2.89692
G1 X72.506 Y117.246 E2.91339
G1 X72.345 Y116.943 E2.92989
G1 X72.248 Y116.614 E2.94639
G1 X72.218 Y116.273 E2.96285
G1 X72.26 Y115.919 E2.98
G1 X72.454 Y115.425 E3.00553
G1 X72.69 Y115.108 E3.02454
G1 X72.949 Y114.884 E3.04101
G1 X73.248 Y114.716 E3.05751
G1 X73.574 Y114.611 E3.07398
G1 X73.914 Y114.572 E3.09044
G1 X74.256 Y114.601 E3.10695
G1 X74.585 Y114.698 E3.12345
G1 X74.888 Y114.857 E3.13991
G1 X75.153 Y115.074 E3.15638
G1 X75.371 Y115.339 E3.17288
G1 X75.531 Y115.642 E3.18936
G1 X75.611 Y115.911 E3.20286
G1 X75.645 Y116.31 F7800
G1 E1.20286 F2400
G92 E0
G1 X73.961 Y118.87 F7800
G1 E2 F2400
;TYPE:Perimeter
;WIDTH:0.620655
G1 F3600
G1 X73.395 Y118.786 E2.0397
;WIDTH:0.600419
G1 X73.098 Y118.716 E2.0601
G1 E.0601 F2400
G92 E0
G1 X73.098 Y118.716 F7800
G1 X88.128 Y116.505
G1 E2 F2400
;WIDTH:0.45
G1 F3600
G1 X88.042 Y116.484 E2.00426
G1 X78.85 Y116.484 E2.44636
G1 X78.559 Y116.563 E2.46086
G1 X76.43 Y117.804 E2.57938
G1 X76.234 Y117.993 E2.59248
G1 X75.218 Y119.589 E2.68348
G1 X72.152 Y119.005 E2.8336
G1 X70.957 Y117.458 E2.92762
G1 X71.058 Y116.824 E2.9585
;WIDTH:0.498031
G1 X71.118 Y116.603 E2.97089
;WIDTH:0.546063
G1 X71.177 Y116.381 E2.98469
;WIDTH:0.594095
G1 X71.237 Y116.16 E2.99982
;WIDTH:0.595152
G1 X71.324 Y115.613 E3.03649
G1 X71.328 Y115.435 E3.04828
;WIDTH:0.546768
G1 X71.332 Y115.256 E3.05905
;WIDTH:0.498384
G1 X71.336 Y115.077 E3.06874
;WIDTH:0.45
G1 X71.474 Y114.209 E3.11101
G1 X72.456 Y113.881 E3.16081
;WIDTH:0.493761
G1 X72.559 Y113.87 E3.16636
;WIDTH:0.537522
G1 X72.662 Y113.859 E3.17247
;WIDTH:0.581284
G1 X72.765 Y113.847 E3.17916
;WIDTH:0.585168
G1 X73.227 Y113.696 E3.21073
G1 X73.375 Y113.628 E3.22131
;WIDTH:0.551404
G1 X73.524 Y113.561 E3.23123
;WIDTH:0.517641
G1 X73.672 Y113.494 E3.24041
;WIDTH:0.483878
G1 X74.237 Y113.288 E3.27188
;WIDTH:0.45
G1 X83.528 Y112.117 E3.72228
G1 X83.761 Y112.034 E3.73418
G1 X86.279 Y110.466 E3.87685
G1 X86.372 Y110.394 E3.88251
G1 X86.503 Y110.209 E3.89341
G1 X86.552 Y109.975 E3.90491
G1 X86.552 Y87.483 E4.9867
G1 X88.418 Y85.727 E5.10994
G1 X139.845 Y85.727 E7.5834
G1 X140.085 Y85.675 E7.59521
G1 X140.291 Y85.517 E7.6077
G1 X142.771 Y82.515 E7.79498
G1 X144.111 Y81.286 E7.88243
G1 X147.05 Y81.625 E8.02472
G1 X148.96 Y83.43 E8.15112
G1 X148.74 Y83.954 E8.17845
G1 X147.485 Y86.949 E8.33463
G1 X140.827 Y91.532 E8.72339
G1 X140.713 Y91.703 E8.73327
G1 X140.665 Y91.934 E8.74462
G1 X140.665 Y126.469 E10.40563
G1 X114.357 Y126.469 E11.67095
G1 X114.115 Y126.522 E11.68287
G1 X113.893 Y126.701 E11.69659
G1 X112.548 Y128.511 E11.80505
G1 X112.472 Y128.796 E11.81924
G1 X112.472 Y137.119 E12.21955
G1 X111.362 Y138.742 E12.31412
G1 X108.847 Y138.742 E12.43508
G1 X107.452 Y137.085 E12.53926
G1 X107.451 Y136.074 E12.58789
;WIDTH:0.448029
G1 X107.441 Y135.572 E12.61192
;WIDTH:0.475824
G1 X107.465 Y134.951 E12.64381
G1 X107.452 Y134.447 E12.66968
;WIDTH:0.45
G1 X107.452 Y128.796 E12.94147
G1 X107.42 Y128.496 E12.95598
G1 X107.283 Y128.277 E12.9684
G1 X106.258 Y127.252 E13.03812
G1 X105.613 Y126.646 E13.08069
G1 X105.348 Y126.582 E13.0938
G1 X88.621 Y126.582 E13.89831
G1 X88.621 Y117.062 E14.35619
G1 X88.524 Y116.742 E14.37227
G1 X88.311 Y116.55 E14.38606
G1 X88.187 Y116.519 E14.39221
G1 X88.187 Y116.519 F7800
G1 X88.042 Y116.869
;TYPE:External perimeter
G1 F1800
G1 X78.85 Y116.869 E14.83431
G1 X78.753 Y116.896 E14.83915
G1 X77.054 Y117.887 E14.93375
G1 X76.559 Y118.2 E14.96192
G1 X75.403 Y120.017 E15.0655
G1 X71.937 Y119.356 E15.23521
G1 X70.55 Y117.562 E15.34428
G1 X71.13 Y113.917 E15.5218
G1 X74.152 Y112.91 E15.675
G1 X83.479 Y111.735 E16.12714
G1 X83.557 Y111.707 E16.13113
G1 X86.106 Y110.115 E16.27567
G1 X86.166 Y109.975 E16.283
G1 X86.166 Y87.316 E17.37282
G1 X88.265 Y85.341 E17.51144
G1 X139.845 Y85.341 E19.99226
G1 X139.993 Y85.271 E20.00013
G1 X142.49 Y82.248 E20.18871
G1 X143.98 Y80.883 E20.2859
G1 X147.221 Y81.257 E20.44282
G1 X149.419 Y83.333 E20.58824
G1 X149.096 Y84.104 E20.62845
G1 X147.797 Y87.202 E20.79002
G1 X141.104 Y91.8 E21.18057
G1 X141.05 Y91.934 E21.18752
G1 X141.05 Y126.855 E22.8671
G1 X114.342 Y126.855 E24.15166
G1 X114.202 Y126.932 E24.15934
G1 X112.896 Y128.681 E24.26433
G1 X112.858 Y128.796 E24.27016
G1 X112.858 Y137.238 E24.67619
G1 X111.565 Y139.128 E24.78633
G1 X108.668 Y139.128 E24.92567
G1 X107.067 Y137.226 E25.04524
G1 X107.067 Y128.686 E25.45598
G1 X107.01 Y128.55 E25.46307
G1 X105.485 Y127.024 E25.56683
G1 X105.348 Y126.968 E25.57395
G1 X88.235 Y126.968 E26.39703
G1 X88.235 Y117.062 E26.87347
G1 X88.191 Y116.939 E26.87975
G1 X88.097 Y116.895 E26.88474
G1 X87.697 Y116.873 F7800
G1 E24.88474 F2400
G92 E0
G1 X142.691 Y83.191 F7800
G1 E2 F2400
;TYPE:Perimeter
;WIDTH:0.417901
G1 F3600
G1 X143.004 Y82.79 E2.02243
;WIDTH:0.414465
G1 X143.51 Y82.336 E2.05211
G1 E.05211 F2400
G92 E0
G1 X143.51 Y82.336 F7800
G1 X108.167 Y137.317
G1 E2 F2400
;WIDTH:0.474337
G1 F3600
G1 X107.844 Y136.942 E2.02531
G1 E.02531 F2400
G92 E0
G1 X107.844 Y136.942 F7800
G1 X76.006 Y117.668
G1 E2 F2400
;WIDTH:0.461005
G1 F3600
G1 X75.775 Y117.986 E2.01944
G1 E.01944 F2400
G92 E0
G1 X75.775 Y117.986 F7800
G1 X75.284 Y113.836
G1 E2 F2400
;TYPE:Solid infill
;WIDTH:0.45
G1 F1200
G1 X75.777 Y114.21 E2.02976
G1 X76.153 Y114.616 E2.05637
G1 X76.507 Y115.231 E2.0905
G1 X76.678 Y115.838 E2.12083
G1 X76.703 Y116.476 E2.15154
G1 X76.622 Y116.911 E2.17282
G1 X78.273 Y115.95 E2.2647
G1 X78.716 Y115.818 E2.28693
G1 X84.824 Y115.812 E2.5807
G1 X82.077 Y113.065 E2.76755
G1 X82.077 Y112.98 E2.77164
G1 X75.475 Y113.812 E3.09168
G1 X75.475 Y113.812 F7800
G1 X76.211 Y114.108
G1 F1200
G1 X76.514 Y114.46 E3.11402
G1 X76.843 Y115.041 E3.14613
G1 X77.05 Y115.737 E3.18105
G1 X77.08 Y116.198 E3.20327
G1 X78.079 Y115.617 E3.25885
G1 X78.644 Y115.437 E3.28737
G1 X83.894 Y115.427 E3.53988
G1 X81.862 Y113.396 E3.67806
G1 X76.402 Y114.084 E3.94274
G1 X76.926 Y114.406 E3.97232
G1 X77.178 Y114.851 E3.99692
G1 X77.403 Y115.564 E4.03288
G1 X77.885 Y115.284 E4.05969
G1 X78.433 Y115.089 E4.08767
G1 X78.715 Y115.047 E4.10138
G1 X82.964 Y115.043 E4.30574
G1 X81.723 Y113.802 E4.39015
G1 X77.118 Y114.382 E4.61338
G1 X77.482 Y114.685 E4.63616
;WIDTH:0.371024
G1 X77.619 Y115.038 E4.65064
G1 X77.99 Y114.88 E4.66606
;WIDTH:0.339063
G1 X78.557 Y114.747 E4.68601
;WIDTH:0.302743
G1 X78.715 Y114.735 E4.69072
;WIDTH:0.346173
G1 X79.412 Y114.712 E4.71523
;WIDTH:0.389603
G1 X80.11 Y114.69 E4.74356
;WIDTH:0.433033
G1 X80.808 Y114.668 E4.77567
;WIDTH:0.476464
G1 X82.002 Y114.645 E4.83705
G1 X81.579 Y114.222 E4.8678
G1 X80.784 Y114.3 E4.90886
;WIDTH:0.433033
G1 X80.089 Y114.366 E4.94096
;WIDTH:0.389603
G1 X79.395 Y114.432 E4.96924
;WIDTH:0.346173
G1 X78.7 Y114.497 E4.99377
;WIDTH:0.339063
G1 X77.933 Y114.612 E5.02034
;WIDTH:0.357529
G1 X77.672 Y114.654 E5.03001
G1 E3.03001 F2400
G92 E0
G1 X77.672 Y114.654 F7800
G1 X82.486 Y112.929
G1 E2 F2400
;WIDTH:0.45
G1 F1200
G1 X85.369 Y115.812 E2.1961
G1 X85.914 Y115.811 E2.22231
G1 X82.97 Y112.868 E2.42252
G1 X83.455 Y112.807 E2.44603
G1 X86.459 Y115.811 E2.65036
G1 X87.003 Y115.81 E2.67652
G1 X83.904 Y112.711 E2.88731
G1 X84.258 Y112.52 E2.90666
G1 X87.548 Y115.809 E3.13041
G1 X87.548 Y115.809 F7800
G1 X88.401 Y115.927
;WIDTH:0.404381
G1 F1200
G1 X88.412 Y115.968 E3.13221
G1 X88.341 Y115.988 E3.13534
G1 X88.36 Y115.916 E3.1385
;WIDTH:0.45
G1 X88.098 Y115.814 E3.15202
G1 X84.594 Y112.31 E3.39036
G1 E1.39036 F2400
G92 E0
G1 X84.594 Y112.31 F7800
G1 X89.33 Y125.799
G1 E2 F2400
;WIDTH:0.549823
G1 F1200
G1 X89.287 Y125.842 E2.00368
G1 X89.302 Y125.9 E2.00731
G1 X89.361 Y125.916 E2.01101
G1 X89.404 Y125.873 E2.01469
G1 X89.388 Y125.815 E2.01833
;WIDTH:0.45
G1 X90.011 Y125.907 E2.04862
G1 X89.295 Y125.191 E2.09732
G1 X89.161 Y125.013 E2.10804
;WIDTH:0.404381
G1 X89.172 Y125.054 E2.10984
G1 X89.101 Y125.073 E2.11296
G1 X89.12 Y125.002 E2.11608
;WIDTH:0.45
G1 X89.295 Y124.646 E2.13516
G1 X90.557 Y125.907 E2.22097
G1 X91.102 Y125.907 E2.24718
G1 X89.295 Y124.1 E2.37009
G1 X89.295 Y123.555 E2.3963
G1 X91.647 Y125.907 E2.55628
G1 X92.193 Y125.907 E2.58254
G1 X89.294 Y123.009 E2.77969
G1 X89.294 Y122.464 E2.8059
G1 X92.738 Y125.907 E3.04012
G1 X93.283 Y125.907 E3.06633
G1 X89.294 Y121.918 E3.33766
G1 X89.294 Y121.372 E3.36392
G1 X93.829 Y125.907 E3.67239
G1 X94.374 Y125.907 E3.6986
G1 X89.294 Y120.827 E4.04414
G1 X89.293 Y120.281 E4.0704
G1 X94.919 Y125.907 E4.45307
G1 X95.465 Y125.907 E4.47933
G1 X89.293 Y119.736 E4.89911
G1 X89.293 Y119.19 E4.92537
G1 X96.01 Y125.907 E5.38225
G1 X96.555 Y125.907 E5.40846
G1 X89.293 Y118.645 E5.90241
G1 X89.292 Y118.099 E5.92867
G1 X97.101 Y125.907 E6.45979
G1 X97.646 Y125.907 E6.486
G1 X89.292 Y117.554 E7.05419
G1 X89.292 Y117.554 F7800
G1 X89.003 Y116.517
;WIDTH:0.404381
G1 F1200
G1 X89.141 Y116.735 E7.06513
;WIDTH:0.45
G1 X89.292 Y117.008 E7.08014
G1 X98.191 Y125.907 E7.68544
G1 X98.737 Y125.907 E7.7117
G1 X84.93 Y112.101 E8.6508
G1 X85.267 Y111.892 E8.66987
G1 X99.282 Y125.907 E9.62315
G1 X99.827 Y125.907 E9.64936
G1 X85.603 Y111.682 E10.61689
G1 X85.939 Y111.473 E10.63592
G1 X100.373 Y125.907 E11.6177
G1 X100.918 Y125.907 E11.64391
G1 X86.275 Y111.264 E12.63991
G1 X86.611 Y111.055 E12.65894
G1 X101.463 Y125.907 E13.66915
G1 X102.009 Y125.907 E13.69541
G1 X86.907 Y110.806 E14.7226
G1 X87.122 Y110.476 E14.74154
G1 X102.554 Y125.907 E15.79117
G1 X103.1 Y125.907 E15.81743
G1 X87.222 Y110.03 E16.8974
G1 X87.227 Y109.489 E16.92342
G1 X103.645 Y125.907 E18.04015
G1 X104.19 Y125.907 E18.06636
G1 X87.227 Y108.944 E19.22016
G1 X87.227 Y108.399 E19.24637
G1 X104.736 Y125.907 E20.43728
G1 X104.736 Y125.907 F7800
G1 X105.581 Y126.007
;WIDTH:0.404381
G1 F1200
G1 X105.592 Y126.048 E20.43908
G1 X105.521 Y126.067 E20.4422
G1 X105.54 Y125.996 E20.44532
;WIDTH:0.45
G1 X105.281 Y125.907 E20.45849
G1 X87.227 Y107.853 E21.6865
G1 X87.227 Y107.308 E21.71271
G1 X106.328 Y126.392 E23.01136
;WIDTH:0.425449
G1 X107.667 Y127.728 E23.09654
G1 E21.09654 F2400
G92 E0
G1 X107.667 Y127.728 F7800
G1 X108.195 Y133.257
G1 E2 F2400
;WIDTH:0.622025
G1 F1200
G1 X108.146 Y133.306 E2.00482
G1 X108.164 Y133.373 E2.00965
G1 X108.231 Y133.391 E2.01448
G1 X108.28 Y133.342 E2.0193
G1 X108.262 Y133.275 E2.02413
;WIDTH:0.45
G1 X108.701 Y133.145 E2.04615
G1 X108.127 Y132.571 E2.08519
G1 X108.127 Y132.026 E2.1114
G1 X109.104 Y133.003 E2.17785
G1 X109.571 Y132.924 E2.20063
G1 X108.127 Y131.48 E2.29885
G1 X108.127 Y130.935 E2.32506
G1 X110.133 Y132.941 E2.46151
G1 X110.395 Y133.054 E2.47523
;WIDTH:0.404381
G1 X110.376 Y133.126 E2.47839
G1 X110.447 Y133.106 E2.48152
G1 X110.436 Y133.065 E2.48332
;WIDTH:0.45
G1 X110.916 Y133.179 E2.50705
G1 X108.127 Y130.39 E2.69675
G1 E.69675 F2400
G92 E0
G1 X108.127 Y130.39 F7800
G1 X111.189 Y133.394
G1 E2 F2400
;WIDTH:0.404381
G1 F1200
G1 X111.745 Y133.909 E2.03214
G1 X111.871 Y133.881 E2.03761
;WIDTH:0.45
G1 X111.798 Y133.515 E2.05556
G1 X108.127 Y129.844 E2.30526
G1 X108.127 Y129.299 E2.33147
G1 X111.798 Y132.969 E2.58113
G1 X111.798 Y132.424 E2.60734
G1 X108.127 Y128.754 E2.857
G1 X108.023 Y128.454 E2.87227
;WIDTH:0.404381
G1 X108.034 Y128.495 E2.87407
G1 X107.963 Y128.514 E2.87719
G1 X107.982 Y128.443 E2.88031
;WIDTH:0.45
G1 X107.919 Y128 E2.90183
G1 X111.798 Y131.879 E3.16567
G1 X111.941 Y131.576 E3.18178
;WIDTH:0.404381
G1 X111.952 Y131.617 E3.18358
G1 X111.88 Y131.636 E3.18674
G1 X111.9 Y131.565 E3.18987
;WIDTH:0.45
G1 X111.798 Y131.333 E3.20206
G1 X87.227 Y106.763 E4.87331
G1 X87.227 Y106.217 E4.89957
G1 X111.798 Y130.788 E6.57086
G1 X111.798 Y130.243 E6.59707
G1 X87.227 Y105.672 E8.26836
G1 X87.227 Y105.127 E8.29457
G1 X111.798 Y129.697 E9.96582
G1 X111.798 Y129.152 E9.99203
G1 X87.227 Y104.581 E11.66332
G1 X87.227 Y104.036 E11.68953
G1 X111.815 Y128.624 E13.36198
G1 X111.952 Y128.216 E13.38268
G1 X87.227 Y103.491 E15.06444
G1 X87.227 Y102.945 E15.0907
G1 X112.167 Y127.885 E16.78709
G1 X112.4 Y127.573 E16.80582
G1 X87.227 Y102.4 E18.51806
G1 X87.227 Y101.855 E18.54427
G1 X112.633 Y127.261 E20.27235
G1 X112.866 Y126.949 E20.29108
G1 X87.227 Y101.309 E22.03505
G1 X87.227 Y100.764 E22.06126
G1 X113.1 Y126.636 E23.82108
G1 X113.333 Y126.324 E23.83981
G1 X87.227 Y100.218 E25.61551
G1 X87.227 Y99.673 E25.64172
G1 X113.603 Y126.049 E27.43578
G1 X113.962 Y125.862 E27.45525
G1 X87.227 Y99.128 E29.2737
G1 X87.227 Y98.582 E29.29996
G1 X114.439 Y125.794 E31.15089
G1 X114.984 Y125.794 E31.1771
G1 X87.227 Y98.037 E33.0651
G1 X87.227 Y97.492 E33.09131
G1 X115.529 Y125.794 E35.01638
G1 X116.075 Y125.794 E35.04264
G1 X87.227 Y96.946 E37.00485
G1 X87.227 Y96.401 E37.03106
G1 X116.62 Y125.794 E39.03034
G1 X117.165 Y125.794 E39.05655
G1 X87.227 Y95.856 E41.0929
G1 X87.227 Y95.31 E41.11916
G1 X117.711 Y125.794 E43.19264
G1 X118.256 Y125.794 E43.21885
G1 X87.227 Y94.765 E45.3294
G1 X87.227 Y94.22 E45.35561
G1 X118.801 Y125.794 E47.50323
G1 X119.347 Y125.794 E47.52949
G1 X87.227 Y93.674 E49.71425
G1 X87.227 Y93.129 E49.74046
G1 X119.892 Y125.794 E51.96229
G1 X120.437 Y125.794 E51.9885
G1 X87.227 Y92.584 E54.2474
G1 X87.227 Y92.038 E54.27366
G1 X120.983 Y125.794 E56.5697
G1 X121.528 Y125.794 E56.59591
G1 X87.227 Y91.493 E58.92902
G1 X87.227 Y90.948 E58.95523
G1 X122.074 Y125.794 E61.32545
G1 X122.619 Y125.794 E61.35166
G1 X87.227 Y90.402 E63.75898
G1 X87.227 Y89.857 E63.78519
G1 X123.164 Y125.794 E66.22958
G1 X123.71 Y125.794 E66.25584
G1 X87.227 Y89.312 E68.73733
G1 X87.227 Y88.766 E68.76359
G1 X124.255 Y125.794 E71.28219
G1 X124.8 Y125.794 E71.3084
G1 X87.227 Y88.221 E73.86407
G1 X87.278 Y87.726 E73.888
G1 X125.346 Y125.794 E76.47734
G1 X125.891 Y125.794 E76.50355
G1 X87.559 Y87.462 E79.11085
G1 X87.84 Y87.198 E79.12939
G1 X126.436 Y125.794 E81.75464
G1 X126.982 Y125.794 E81.7809
G1 X88.121 Y86.933 E84.42418
G1 X88.402 Y86.669 E84.44272
G1 X127.527 Y125.794 E87.10395
G1 X128.072 Y125.794 E87.13016
G1 X88.683 Y86.404 E89.80938
G1 X89.225 Y86.402 E89.83545
G1 X128.618 Y125.794 E92.51488
G1 X129.163 Y125.794 E92.54109
G1 X89.77 Y86.402 E95.22052
G1 X90.316 Y86.402 E95.24678
G1 X129.708 Y125.794 E97.92617
G1 X130.254 Y125.794 E97.95243
G1 X90.861 Y86.402 E100.63186
G1 X91.406 Y86.402 E100.65807
G1 X130.799 Y125.794 E103.3375
G1 X131.344 Y125.794 E103.36371
G1 X91.952 Y86.402 E106.0431
G1 X92.497 Y86.402 E106.06931
G1 X131.89 Y125.794 E108.74874
G1 X132.435 Y125.794 E108.77495
G1 X93.043 Y86.402 E111.45434
G1 X93.588 Y86.402 E111.48055
G1 X132.98 Y125.794 E114.15994
G1 X133.526 Y125.794 E114.1862
G1 X94.133 Y86.402 E116.86563
G1 X94.679 Y86.402 E116.89189
G1 X134.071 Y125.794 E119.57128
G1 X134.617 Y125.794 E119.59754
G1 X95.224 Y86.402 E122.27697
G1 X95.769 Y86.402 E122.30318
G1 X135.162 Y125.794 E124.98261
G1 X135.707 Y125.794 E125.00882
G1 X96.315 Y86.402 E127.68821
G1 X96.86 Y86.402 E127.71442
G1 X136.253 Y125.794 E130.39385
G1 X136.798 Y125.794 E130.42006
G1 X97.405 Y86.402 E133.09949
G1 X97.951 Y86.402 E133.12575
G1 X137.343 Y125.794 E135.80514
G1 X137.889 Y125.794 E135.8314
G1 X98.496 Y86.402 E138.51083
G1 X99.041 Y86.402 E138.53704
G1 X138.434 Y125.794 E141.21647
G1 X138.979 Y125.794 E141.24268
G1 X99.587 Y86.402 E143.92207
G1 X100.132 Y86.402 E143.94828
G1 X139.525 Y125.794 E146.62771
G1 X140.116 Y125.92 E146.65677
;WIDTH:0.404381
G1 X139.926 Y125.936 E146.66486
;WIDTH:0.45
G1 X139.99 Y125.714 E146.67597
G1 X100.677 Y86.402 E149.34996
G1 X101.223 Y86.402 E149.37622
G1 X139.99 Y125.169 E152.0131
G1 X139.99 Y124.624 E152.03931
G1 X101.768 Y86.402 E154.63912
G1 X102.313 Y86.402 E154.66533
G1 X139.99 Y124.078 E157.22804
G1 X139.99 Y123.533 E157.25425
G1 X102.859 Y86.402 E159.77985
G1 X103.404 Y86.402 E159.80606
G1 X139.991 Y122.988 E162.29463
G1 X139.991 Y122.443 E162.32084
G1 X103.949 Y86.402 E164.77234
G1 X104.495 Y86.402 E164.7986
G1 X139.991 Y121.898 E167.21299
G1 X139.991 Y121.352 E167.23925
G1 X105.04 Y86.402 E169.61654
G1 X105.586 Y86.402 E169.6428
G1 X139.991 Y120.807 E171.98299
G1 X139.991 Y120.262 E172.0092
G1 X106.131 Y86.402 E174.31232
G1 X106.676 Y86.402 E174.33853
G1 X139.991 Y119.717 E176.60457
G1 X139.992 Y119.172 E176.63078
G1 X107.222 Y86.402 E178.85975
G1 X107.767 Y86.402 E178.88596
G1 X139.992 Y118.626 E181.07783
G1 X139.992 Y118.081 E181.10404
G1 X108.312 Y86.402 E183.25884
G1 X108.858 Y86.402 E183.2851
G1 X139.992 Y117.536 E185.4028
G1 X139.992 Y116.991 E185.42901
G1 X109.403 Y86.402 E187.50964
G1 X109.948 Y86.402 E187.53585
G1 X139.992 Y116.445 E189.57937
G1 X139.992 Y115.9 E189.60558
G1 X110.494 Y86.402 E191.612
G1 X111.039 Y86.402 E191.63821
G1 X139.992 Y115.355 E193.60756
G1 X139.993 Y114.81 E193.63377
G1 X111.584 Y86.402 E195.56608
G1 X112.13 Y86.402 E195.59234
G1 X139.993 Y114.265 E197.48755
G1 X139.993 Y113.719 E197.51381
G1 X112.675 Y86.402 E199.37191
G1 X113.22 Y86.402 E199.39812
G1 X139.993 Y113.174 E201.21915
G1 X139.993 Y112.629 E201.24536
G1 X113.766 Y86.402 E203.02929
G1 X114.311 Y86.402 E203.0555
G1 X139.993 Y112.084 E204.80236
G1 X139.993 Y111.539 E204.82857
G1 X114.856 Y86.402 E206.53836
G1 X115.402 Y86.402 E206.56462
G1 X139.994 Y110.993 E208.2373
G1 X139.994 Y110.448 E208.26351
G1 X115.947 Y86.402 E209.89912
G1 X116.492 Y86.402 E209.92533
G1 X139.994 Y109.903 E211.52387
G1 X139.994 Y109.358 E211.55008
G1 X117.038 Y86.402 E213.11152
G1 X117.583 Y86.402 E213.13773
G1 X139.994 Y108.813 E214.6621
G1 X139.994 Y108.267 E214.68836
G1 X118.129 Y86.402 E216.17559
G1 X118.674 Y86.402 E216.2018
G1 X139.994 Y107.722 E217.65196
G1 X139.995 Y107.177 E217.67817
G1 X119.219 Y86.402 E219.09129
G1 X119.765 Y86.402 E219.11755
G1 X139.995 Y106.632 E220.49357
G1 X139.995 Y106.086 E220.51983
G1 X120.31 Y86.402 E221.85875
G1 X120.855 Y86.402 E221.88496
G1 X139.995 Y105.541 E223.18681
G1 X139.995 Y104.996 E223.21302
G1 X121.401 Y86.402 E224.47776
G1 X121.946 Y86.402 E224.50397
G1 X139.995 Y104.451 E225.73164
G1 X139.995 Y103.906 E225.75785
G1 X122.491 Y86.402 E226.94845
G1 X123.037 Y86.402 E226.97471
G1 X139.995 Y103.36 E228.12817
G1 X139.996 Y102.815 E228.15438
G1 X123.582 Y86.402 E229.27081
G1 X124.127 Y86.402 E229.29702
G1 X139.996 Y102.27 E230.37638
G1 X139.996 Y101.725 E230.40259
G1 X124.673 Y86.402 E231.44484
G1 X125.218 Y86.402 E231.47105
G1 X139.996 Y101.18 E232.47623
G1 X139.996 Y100.634 E232.50249
G1 X125.763 Y86.402 E233.47057
G1 X126.309 Y86.402 E233.49683
G1 X139.996 Y100.089 E234.4278
G1 X139.996 Y99.544 E234.45401
G1 X126.854 Y86.402 E235.34791
G1 X127.399 Y86.402 E235.37412
G1 X139.997 Y98.999 E236.23099
G1 X139.997 Y98.454 E236.2572
G1 X127.945 Y86.402 E237.07696
G1 X128.49 Y86.402 E237.10317
G1 X139.997 Y97.908 E237.88583
G1 X139.997 Y97.363 E237.91204
G1 X129.035 Y86.402 E238.65763
G1 X129.581 Y86.402 E238.68389
G1 X139.997 Y96.818 E239.39237
G1 X139.997 Y96.273 E239.41858
G1 X130.126 Y86.402 E240.08999
G1 X130.672 Y86.402 E240.11625
G1 X139.997 Y95.727 E240.75052
G1 X139.998 Y95.182 E240.77673
G1 X131.217 Y86.402 E241.37397
G1 X131.762 Y86.402 E241.40018
G1 X139.998 Y94.637 E241.96035
G1 X139.998 Y94.092 E241.98656
G1 X132.308 Y86.402 E242.50962
G1 X132.853 Y86.402 E242.53583
G1 X139.998 Y93.547 E243.02182
G1 X139.998 Y93.001 E243.04808
G1 X133.398 Y86.402 E243.49697
G1 X133.944 Y86.402 E243.52323
G1 X139.998 Y92.456 E243.93502
G1 X139.998 Y91.911 E243.96123
G1 X134.489 Y86.402 E244.33595
G1 X135.034 Y86.402 E244.36216
G1 X140.087 Y91.455 E244.70586
G1 X140.297 Y91.119 E244.72492
G1 X135.58 Y86.402 E245.04576
G1 X136.125 Y86.402 E245.07197
G1 X140.587 Y90.864 E245.37547
G1 X140.911 Y90.643 E245.39433
G1 X136.67 Y86.402 E245.6828
G1 X137.216 Y86.402 E245.70906
G1 X141.235 Y90.421 E245.98243
G1 X141.559 Y90.2 E246.00129
G1 X137.761 Y86.402 E246.25963
G1 X138.306 Y86.402 E246.28584
G1 X141.883 Y89.978 E246.52911
G1 X142.207 Y89.757 E246.54797
G1 X138.852 Y86.402 E246.77617
G1 X139.397 Y86.402 E246.80238
G1 X142.531 Y89.536 E247.01555
G1 X142.855 Y89.314 E247.03444
G1 X139.932 Y86.391 E247.23326
G1 X140.371 Y86.285 E247.25498
G1 X143.179 Y89.093 E247.44598
G1 X143.503 Y88.871 E247.46487
G1 X140.696 Y86.065 E247.65576
G1 X140.949 Y85.772 E247.67438
G1 X143.827 Y88.65 E247.87014
G1 X144.151 Y88.429 E247.889
G1 X141.196 Y85.474 E248.09
G1 X141.443 Y85.176 E248.10862
G1 X142.83 Y86.58 E248.20354
;WIDTH:0.425105
G1 X142.969 Y86.72 E248.21242
;WIDTH:0.45
G1 X144.475 Y88.207 E248.31421
G1 X144.799 Y87.986 E248.33307
G1 X144.266 Y87.453 E248.36932
G1 X144.023 Y87.262 E248.38419
;WIDTH:0.404381
G1 X144.034 Y87.303 E248.38599
G1 X143.963 Y87.322 E248.38911
G1 X143.982 Y87.251 E248.39223
G1 X143.982 Y87.251 F7800
G1 X144.779 Y87.486
;WIDTH:0.35714
G1 F1200
G1 X145.117 Y87.825 E248.40971
G1 X145.506 Y87.559 E248.42692
G1 X145.468 Y87.458 E248.43086
G1 X144.971 Y87.5 E248.44907
G1 E246.44907 F2400
G92 E0
G1 X144.971 Y87.5 F7800
G1 X142.302 Y85.532
G1 E2 F2400
;WIDTH:0.404381
G1 F1200
G1 X142.313 Y85.573 E2.0018
G1 X142.242 Y85.592 E2.00492
G1 X142.261 Y85.521 E2.00804
;WIDTH:0.45
G1 X142.102 Y85.289 E2.02157
G1 X141.691 Y84.878 E2.04953
G1 X141.971 Y84.523 E2.07128
;WIDTH:0.520475
G1 X141.931 Y84.563 E2.0745
G1 X141.946 Y84.618 E2.07774
G1 X142.001 Y84.633 E2.08098
G1 X142.041 Y84.593 E2.0842
G1 X142.026 Y84.537 E2.0875
G1 E.0875 F2400
G92 E0
G1 X142.026 Y84.537 F7800
G1 X147.625 Y83.174
G1 E2 F2400
;WIDTH:0.405398
G1 F1200
G1 X147.813 Y83.687 E2.02324
G1 X147.912 Y84.075 E2.04027
G1 X147.979 Y84.082 E2.04314
G1 X148.182 Y83.598 E2.06546
G1 X147.784 Y83.245 E2.08809
;LAYER_CHANGE
;Z:4.85
;HEIGHT:0.3
 ; After First Layer

G1 Z4.85 F7800
G1 E.08809 F2400
G1 Z4.85 F7800
G1 X144.893 Y81.816
G1 E2.08809 F2400
;TYPE:Perimeter
;WIDTH:0.552625
G1 F900
G1 X144.793 Y81.849 E2.0945
;WIDTH:0.511554
G1 X144.694 Y81.881 E2.1003
;WIDTH:0.470483
G1 X144.594 Y81.914 E2.10563
;WIDTH:0.429412
G1 X144.494 Y81.947 E2.11042
;WIDTH:0.388342
G1 X143.985 Y82.098 E2.13187
;WIDTH:0.414461
G1 X143.51 Y82.336 E2.15507
G1 X143.757 Y82.094 E2.17017
;WIDTH:0.391756
G1 X144.231 Y81.657 E2.19649
;WIDTH:0.388342
G1 X144.493 Y81.687 E2.20715
;WIDTH:0.429412
G1 X144.593 Y81.719 E2.21193
;WIDTH:0.470483
G1 X144.693 Y81.752 E2.21726
;WIDTH:0.511554
G1 X144.793 Y81.784 E2.22312
;WIDTH:0.552625
G1 X144.836 Y81.798 E2.22587
G1 E.22587 F2400
G92 E0
G1 X144.836 Y81.798 F7800
G1 X147.359 Y86.036
G1 E2 F2400
;WIDTH:0.617153
G1 F3600
G1 X147.339 Y86.143 E2.0075
;WIDTH:0.569885
G1 X147.32 Y86.251 E2.01441
;WIDTH:0.522617
G1 X147.3 Y86.359 E2.02069
;WIDTH:0.475349
G1 X147.281 Y86.466 E2.02626
;WIDTH:0.428081
G1 X147.203 Y86.653 E2.03545
G1 X146.842 Y86.949 E2.05663
;WIDTH:0.416724
G1 X146.371 Y87.265 E2.08156
;WIDTH:0.45
G1 X145.891 Y87.575 E2.10904
G1 X141.28 Y90.739 E2.378
G1 X140.549 Y91.265 E2.42131
G1 X140.359 Y91.549 E2.43774
G1 X140.279 Y91.934 E2.45665
G1 X140.279 Y126.083 E4.0991
G1 X114.211 Y126.094 E5.35288
G1 X113.858 Y126.223 E5.37096
G1 X113.584 Y126.471 E5.38873
G1 X112.278 Y128.219 E5.49368
G1 X112.152 Y128.447 E5.50621
G1 X112.087 Y128.796 E5.52328
G1 X112.095 Y135.192 E5.83091
G1 X111.984 Y134.739 E5.85334
G1 X111.776 Y134.317 E5.87597
G1 X111.488 Y133.944 E5.89864
G1 X111.133 Y133.636 E5.92124
G1 X110.723 Y133.405 E5.94387
G1 X110.276 Y133.259 E5.96649
G1 X109.809 Y133.205 E5.9891
G1 X109.342 Y133.244 E6.01164
G1 X108.638 Y133.502 E6.0477
G1 X108.193 Y133.81 E6.07373
G1 X107.838 Y134.214 E6.0996
G1 X107.838 Y128.796 E6.36019
G1 X107.823 Y128.52 E6.37348
G1 X107.729 Y128.241 E6.38764
G1 X107.556 Y128.004 E6.40175
G1 X105.97 Y126.423 E6.50946
G1 X105.705 Y126.265 E6.5243
G1 X105.348 Y126.197 E6.54178
G1 X89.006 Y126.197 E7.32777
G1 X89.003 Y116.988 E7.77069
G1 X88.899 Y116.621 E7.78904
G1 X88.691 Y116.349 E7.80551
G1 X88.375 Y116.158 E7.82327
G1 X88.042 Y116.098 E7.83954
G1 X78.73 Y116.106 E8.28742
G1 X78.364 Y116.23 E8.30601
G1 X76.473 Y117.333 E8.4113
G1 X76.048 Y117.615 E8.43583
G1 X76.164 Y117.402 E8.4475
G1 X76.358 Y116.879 E8.47433
G1 X76.426 Y116.388 E8.49817
G1 X76.396 Y115.893 E8.52202
G1 X76.268 Y115.414 E8.54587
G1 X76.048 Y114.97 E8.5697
G1 X75.744 Y114.578 E8.59356
G1 X75.369 Y114.254 E8.6174
G1 X74.937 Y114.011 E8.64124
G1 X74.465 Y113.859 E8.66509
G1 X73.972 Y113.803 E8.68895
G1 X74.323 Y113.665 E8.70709
G1 X83.576 Y112.5 E9.15564
G1 X83.965 Y112.362 E9.17549
G1 X86.483 Y110.793 E9.31818
G1 X86.741 Y110.558 E9.33496
G1 X86.885 Y110.29 E9.34959
G1 X86.938 Y109.975 E9.36495
G1 X86.938 Y87.65 E10.4387
G1 X88.571 Y86.112 E10.54659
G1 X139.139 Y86.112 E12.97874
G1 X140.083 Y86.083 E13.02416
G1 X140.316 Y85.99 E13.03623
G1 X140.588 Y85.762 E13.0533
G1 X142.313 Y83.674 E13.18356
G1 X142.691 Y83.191 E13.21306
G1 X142.497 Y83.553 E13.23281
G1 X142.346 Y84.068 E13.25862
G1 X142.3 Y84.603 E13.28445
G1 X142.361 Y85.137 E13.3103
G1 X142.526 Y85.648 E13.33613
G1 X142.79 Y86.115 E13.36193
G1 X143.141 Y86.522 E13.38778
G1 X143.566 Y86.851 E13.41363
G1 X144.047 Y87.089 E13.43944
G1 X144.457 Y87.208 E13.45997
G1 X144.967 Y87.261 E13.48463
G1 X145.502 Y87.214 E13.51046
G1 X146.015 Y87.054 E13.53631
;WIDTH:0.435578
G1 X146.48 Y86.789 E13.56109
;WIDTH:0.428081
G1 X146.912 Y86.448 E13.58606
;WIDTH:0.475349
G1 X147.024 Y86.345 E13.59386
;WIDTH:0.522617
G1 X147.135 Y86.242 E13.60251
;WIDTH:0.569885
G1 X147.247 Y86.139 E13.6121
;WIDTH:0.617153
G1 X147.315 Y86.077 E13.61844
G1 E11.61844 F2400
G92 E0
G1 X147.315 Y86.077 F7800
G1 X146.923 Y82.66
G1 E2 F2400
;WIDTH:0.512261
G1 F900
G1 X146.822 Y82.553 E2.00822
;WIDTH:0.500526
G1 X146.389 Y82.226 E2.03774
;WIDTH:0.546001
G1 X146.15 Y82.09 E2.05426
;WIDTH:0.591477
G1 X145.911 Y81.953 E2.07237
G1 X146.121 Y81.953 E2.08618
;WIDTH:0.543607
G1 X146.867 Y82.018 E2.13094
;WIDTH:0.500526
G1 X147.174 Y82.299 E2.15358
;WIDTH:0.517383
G1 X147.568 Y82.691 E2.18498
G1 X147.768 Y82.857 E2.19967
;WIDTH:0.483691
G1 X147.969 Y83.024 E2.21334
;WIDTH:0.45
G1 X148.502 Y83.527 E2.24859
G1 X148.385 Y83.805 E2.2631
G1 X147.994 Y84.738 E2.31176
;WIDTH:0.493335
G1 X147.923 Y84.851 E2.3189
;WIDTH:0.536671
G1 X147.851 Y84.965 E2.32684
;WIDTH:0.580007
G1 X147.78 Y85.079 E2.33548
;WIDTH:0.623343
G1 X147.709 Y85.193 E2.34484
G1 X147.706 Y85.101 E2.35126
;WIDTH:0.583068
G1 X147.703 Y85.009 E2.35721
;WIDTH:0.542793
G1 X147.697 Y84.739 E2.37332
;WIDTH:0.496396
G1 X147.691 Y84.469 E2.38787
;WIDTH:0.45
G1 X147.619 Y83.937 E2.41369
G1 X147.442 Y83.43 E2.43952
;WIDTH:0.48113
G1 X147.317 Y83.188 E2.45368
;WIDTH:0.512261
G1 X147.193 Y82.947 E2.46882
G1 X146.964 Y82.704 E2.48747
G1 X146.606 Y82.912 F7800
;WIDTH:0.45
G1 F900
G1 X146.651 Y82.95 E2.4903
G1 X146.938 Y83.31 E2.51244
G1 X147.148 Y83.72 E2.5346
G1 X147.273 Y84.163 E2.55674
G1 X147.307 Y84.622 E2.57888
G1 X147.254 Y85.065 E2.60034
G1 X147.148 Y85.41 E2.6177
G1 X146.938 Y85.819 E2.63981
G1 X146.651 Y86.179 E2.66195
G1 X146.299 Y86.475 E2.68407
G1 X145.894 Y86.695 E2.70624
G1 X145.454 Y86.831 E2.72839
G1 X144.996 Y86.877 E2.75053
G1 X144.552 Y86.835 E2.77198
G1 X144.205 Y86.737 E2.78932
G1 X143.791 Y86.538 E2.81141
G1 X143.424 Y86.26 E2.83355
G1 X143.119 Y85.914 E2.85573
G1 X142.889 Y85.516 E2.87784
G1 X142.742 Y85.079 E2.90002
G1 X142.685 Y84.623 E2.92212
G1 X142.719 Y84.163 E2.9443
G1 X142.844 Y83.72 E2.96644
G1 X143.054 Y83.31 E2.9886
G1 X143.341 Y82.951 E3.01071
G1 X143.6 Y82.722 E3.02734
G1 X144.098 Y82.434 E3.05501
G1 X144.538 Y82.299 E3.07715
G1 X144.996 Y82.253 E3.09929
G1 X145.454 Y82.299 E3.12143
G1 X145.894 Y82.434 E3.14357
G1 X146.378 Y82.718 E3.17056
G1 X146.56 Y82.873 E3.18206
G1 X146.56 Y82.873 F7800
G1 X146.355 Y83.197
;TYPE:External perimeter
G1 F900
G1 X146.356 Y83.198 E3.18213
G1 X146.6 Y83.495 E3.20062
G1 X146.829 Y83.992 E3.22694
G1 X146.889 Y84.202 E3.23744
G1 X146.924 Y84.584 E3.25589
G1 X146.883 Y84.961 E3.27413
G1 X146.801 Y85.242 E3.28821
G1 X146.631 Y85.586 E3.30667
G1 X146.396 Y85.89 E3.32515
G1 X146.106 Y86.141 E3.3436
G1 X145.771 Y86.33 E3.3621
G1 X145.406 Y86.448 E3.38055
G1 X145.025 Y86.492 E3.399
G1 X144.648 Y86.461 E3.41719
G1 X144.364 Y86.386 E3.43132
G1 X144.016 Y86.225 E3.44976
G1 X143.612 Y85.895 E3.47485
G1 X143.322 Y85.508 E3.49811
G1 X143.123 Y85.022 E3.52337
G1 X143.07 Y84.642 E3.54182
G1 X143.093 Y84.259 E3.56027
G1 X143.191 Y83.888 E3.57873
G1 X143.361 Y83.543 E3.59723
G1 X143.596 Y83.24 E3.61567
G1 X143.855 Y83.011 E3.6323
G1 X144.221 Y82.8 E3.65262
G1 X144.586 Y82.681 E3.67108
G1 X144.967 Y82.637 E3.68953
G1 X145.35 Y82.67 E3.70802
G1 X145.718 Y82.777 E3.72645
G1 X146.137 Y83.019 E3.74972
G1 X146.308 Y83.159 E3.76035
G1 X146.568 Y83.464 F7800
G1 E1.76035 F2400
G92 E0
G1 X144.893 Y81.816 F7800
G1 E2 F2400
;TYPE:Perimeter
;WIDTH:0.552625
G1 F3600
G1 X145.412 Y81.861 E2.03172
;WIDTH:0.55749
G1 X145.661 Y81.907 E2.04729
;WIDTH:0.591477
G1 X145.911 Y81.953 E2.064
G1 E.064 F2400
G92 E0
G1 X145.911 Y81.953 F7800
G1 X147.709 Y85.193
G1 E2 F2400
;WIDTH:0.623343
G1 F3600
G1 X147.415 Y85.921 E2.05474
;WIDTH:0.617153
G1 X147.359 Y86.036 E2.06356
G1 E.06356 F2400
G92 E0
G1 X147.359 Y86.036 F7800
G1 X112.09 Y136.01
G1 E2 F2400
;WIDTH:0.442637
G1 F900
G1 X112.094 Y136.41 E2.01887
;WIDTH:0.435966
G1 X112.094 Y136.945 E2.04367
G1 X112.025 Y137.103 E2.05166
;WIDTH:0.46042
G1 X111.821 Y137.379 E2.06861
;WIDTH:0.4858
G1 X111.616 Y137.655 E2.08668
;WIDTH:0.52744
G1 X111.45 Y137.862 E2.102
;WIDTH:0.56908
G1 X111.283 Y138.069 E2.11874
;WIDTH:0.61072
G1 X111.116 Y138.276 E2.13686
G1 X110.753 Y138.299 E2.16165
;WIDTH:0.565215
G1 X110.493 Y138.317 E2.17793
;WIDTH:0.528783
G1 X110.233 Y138.335 E2.19303
;WIDTH:0.492352
G1 X109.719 Y138.345 E2.22047
;WIDTH:0.511136
G1 X109.041 Y138.326 E2.25826
G1 X108.167 Y137.317 E2.33264
;WIDTH:0.502288
G1 X108.395 Y137.517 E2.34921
;WIDTH:0.511136
G1 X108.807 Y137.755 E2.37572
G1 X109.206 Y137.887 E2.39914
G1 X109.734 Y137.938 E2.4287
;WIDTH:0.496751
G1 X110.254 Y137.904 E2.4568
;WIDTH:0.53474
G1 X110.45 Y137.857 E2.46862
;WIDTH:0.57273
G1 X110.647 Y137.809 E2.48148
;WIDTH:0.61072
G1 X110.843 Y137.762 E2.49521
G1 X110.968 Y137.669 E2.50583
;WIDTH:0.574374
G1 X111.093 Y137.576 E2.51574
;WIDTH:0.538028
G1 X111.356 Y137.3 E2.53826
;WIDTH:0.490792
G1 X111.618 Y137.024 E2.5585
;WIDTH:0.443557
G1 X111.903 Y136.568 E2.58393
;WIDTH:0.442637
G1 X112.071 Y136.066 E2.6089
G1 E.6089 F2400
G92 E0
G1 X112.071 Y136.066 F7800
G1 X110.111 Y133.624
G1 E2 F2400
;WIDTH:0.45
G1 F900
G1 X110.172 Y133.63 E2.00295
G1 X110.547 Y133.748 E2.02186
G1 X110.892 Y133.938 E2.0408
G1 X111.193 Y134.192 E2.05974
G1 X111.438 Y134.502 E2.07874
G1 X111.615 Y134.853 E2.09765
G1 X111.72 Y135.23 E2.11647
G1 X111.748 Y135.624 E2.13547
G1 X111.697 Y136.014 E2.15439
G1 X111.57 Y136.387 E2.17334
G1 X111.438 Y136.63 E2.18664
G1 X111.004 Y137.107 E2.21766
G1 X110.532 Y137.391 E2.24415
G1 X110.156 Y137.505 E2.26305
G1 X109.764 Y137.543 E2.28199
G1 X109.318 Y137.487 E2.30361
G1 X108.997 Y137.384 E2.31982
G1 X108.652 Y137.195 E2.33874
G1 X108.351 Y136.94 E2.35771
G1 X108.107 Y136.632 E2.37661
G1 X107.929 Y136.281 E2.39554
;WIDTH:0.449868
G1 X107.827 Y135.901 E2.41446
;WIDTH:0.443507
G1 X107.827 Y135.231 E2.44614
;WIDTH:0.45
G1 X107.974 Y134.746 E2.47051
G1 X108.172 Y134.406 E2.48943
G1 X108.434 Y134.112 E2.50837
G1 X108.787 Y133.857 E2.52931
G1 X109.389 Y133.627 E2.56031
G1 X109.78 Y133.59 E2.5792
G1 X110.052 Y133.618 E2.59235
G1 X110.052 Y133.618 F7800
G1 X110.065 Y134.001
;TYPE:External perimeter
G1 F900
G1 X110.067 Y134.002 E2.59246
G1 X110.372 Y134.091 E2.60774
G1 X110.652 Y134.239 E2.62297
G1 X110.897 Y134.44 E2.63821
G1 X111.099 Y134.686 E2.65352
G1 X111.247 Y134.966 E2.66875
G1 X111.336 Y135.269 E2.68394
G1 X111.364 Y135.585 E2.6992
G1 X111.329 Y135.9 E2.71444
G1 X111.232 Y136.202 E2.7297
G1 X111.099 Y136.446 E2.74307
G1 X110.728 Y136.838 E2.76903
G1 X110.409 Y137.025 E2.78681
G1 X110.108 Y137.123 E2.80204
G1 X109.793 Y137.158 E2.81728
G1 X109.423 Y137.116 E2.83519
G1 X109.172 Y137.041 E2.84779
G1 X108.892 Y136.893 E2.86302
G1 X108.647 Y136.693 E2.87823
G1 X108.446 Y136.447 E2.89351
G1 X108.297 Y136.167 E2.90877
G1 X108.208 Y135.863 E2.92401
G1 X108.18 Y135.547 E2.93927
G1 X108.215 Y135.232 E2.95451
G1 X108.312 Y134.93 E2.96977
G1 X108.467 Y134.653 E2.98504
G1 X108.674 Y134.413 E3.00028
G1 X108.937 Y134.213 E3.01617
G1 X109.437 Y134.01 E3.04212
G1 X109.752 Y133.974 E3.05737
G1 X110.006 Y133.996 E3.06963
G1 X110.388 Y134.112 F7800
G1 E1.06963 F2400
G92 E0
G1 X112.095 Y135.192 F7800
G1 E2 F2400
;TYPE:Perimeter
;WIDTH:0.433157
G1 F3600
G1 X112.095 Y135.939 E2.03436
;WIDTH:0.442637
G1 X112.09 Y136.01 E2.03772
G1 E.03772 F2400
G92 E0
G1 X112.09 Y136.01 F7800
G1 X75.727 Y118.046
G1 E2 F2400
;WIDTH:0.519159
G1 F900
G1 X75.463 Y118.422 E2.02606
G1 X75.017 Y119.123 E2.07319
G1 X74.188 Y118.965 E2.12106
;WIDTH:0.552548
G1 X73.923 Y118.897 E2.13772
;WIDTH:0.585937
G1 X73.658 Y118.83 E2.1555
G1 X73.673 Y118.831 E2.15648
;WIDTH:0.583374
G1 X74.074 Y118.795 E2.18254
;WIDTH:0.551266
G1 X74.474 Y118.759 E2.20693
;WIDTH:0.519159
G1 X74.952 Y118.604 E2.23543
G1 X75.39 Y118.357 E2.26395
G1 X75.683 Y118.087 E2.28655
G1 E.28655 F2400
G92 E0
G1 X75.683 Y118.087 F7800
G1 X73.098 Y118.716
G1 E2 F2400
;WIDTH:0.600417
G1 F900
G1 X72.991 Y118.719 E2.00716
;WIDTH:0.553885
G1 X72.884 Y118.722 E2.0137
;WIDTH:0.507354
G1 X72.622 Y118.694 E2.02826
;WIDTH:0.465181
G1 X72.361 Y118.666 E2.04138
;WIDTH:0.423008
G1 X72.071 Y118.329 E2.06127
;WIDTH:0.376746
G1 X71.72 Y117.892 E2.08311
;WIDTH:0.397455
G1 X71.337 Y117.362 E2.11027
G1 X71.488 Y116.309 E2.15446
;WIDTH:0.39612
G1 X71.507 Y116.689 E2.1702
;WIDTH:0.397455
G1 X71.633 Y117.163 E2.19058
G1 X71.867 Y117.594 E2.21095
;WIDTH:0.369347
G1 X72.248 Y118.069 E2.23411
;WIDTH:0.396177
G1 X72.462 Y118.246 E2.2456
;WIDTH:0.423008
G1 X72.675 Y118.422 E2.25796
;WIDTH:0.46736
G1 X72.781 Y118.496 E2.26446
;WIDTH:0.511712
G1 X72.887 Y118.569 E2.27164
;WIDTH:0.556064
G1 X72.992 Y118.642 E2.27948
;WIDTH:0.600417
G1 X73.049 Y118.682 E2.28414
G1 E.28414 F2400
G92 E0
G1 X73.049 Y118.682 F7800
G1 X72.692 Y114.177
G1 E2 F2400
;WIDTH:0.389287
G1 F900
G1 X72.579 Y114.242 E2.00528
G1 X72.2 Y114.552 E2.02512
G1 X71.889 Y114.931 E2.04499
;WIDTH:0.399393
G1 X71.656 Y115.362 E2.06546
G1 X71.7 Y115.061 E2.07817
;WIDTH:0.391619
G1 X71.791 Y114.477 E2.10229
;WIDTH:0.389287
G1 X72.635 Y114.196 E2.13834
G1 E.13834 F2400
G92 E0
G1 X72.635 Y114.196 F7800
G1 X75.996 Y115.873
G1 E2 F2400
;WIDTH:0.45
G1 F900
G1 X76.012 Y115.932 E2.00294
G1 X76.042 Y116.35 E2.0231
G1 X75.989 Y116.766 E2.04327
G1 X75.825 Y117.217 E2.06635
G1 X75.625 Y117.548 E2.08495
G1 X75.366 Y117.839 E2.10369
G1 X75.031 Y118.091 E2.12385
G1 X74.653 Y118.272 E2.14401
G1 X74.204 Y118.376 E2.16618
G1 X73.673 Y118.376 E2.19172
G1 X73.223 Y118.272 E2.21393
G1 X72.748 Y118.029 E2.23959
G1 X72.428 Y117.759 E2.25973
G1 X72.167 Y117.43 E2.27993
G1 X71.977 Y117.057 E2.30006
G1 X71.864 Y116.653 E2.32024
G1 X71.84 Y116.194 E2.34235
G1 X71.932 Y115.669 E2.36799
G1 X72.173 Y115.146 E2.39569
G1 X72.435 Y114.819 E2.41584
;WIDTH:0.493762
G1 X72.619 Y114.66 E2.42886
;WIDTH:0.537524
G1 X72.803 Y114.5 E2.44325
;WIDTH:0.581287
G1 X72.987 Y114.341 E2.45893
;WIDTH:0.594027
G1 X73.517 Y114.156 E2.49601
G1 X73.76 Y114.174 E2.51211
;WIDTH:0.546018
G1 X74.004 Y114.192 E2.52681
;WIDTH:0.498009
G1 X74.247 Y114.21 E2.53999
;WIDTH:0.45
G1 X74.761 Y114.355 E2.56568
G1 X75.128 Y114.556 E2.58581
G1 X75.449 Y114.826 E2.60598
G1 X75.709 Y115.154 E2.62611
G1 X75.9 Y115.528 E2.64631
G1 X75.98 Y115.815 E2.66064
G1 X75.98 Y115.815 F7800
G1 X75.628 Y115.968
;TYPE:External perimeter
G1 F900
G1 X75.628 Y115.97 E2.66074
G1 X75.659 Y116.312 E2.67726
G1 X75.621 Y116.652 E2.69371
G1 X75.487 Y117.033 E2.71314
G1 X75.33 Y117.3 E2.72804
G1 X75.126 Y117.537 E2.74308
G1 X74.856 Y117.748 E2.75956
G1 X74.549 Y117.901 E2.77606
G1 X74.204 Y117.991 E2.79321
G1 X73.67 Y117.991 E2.81889
G1 X73.292 Y117.887 E2.83775
G1 X72.988 Y117.727 E2.85427
G1 X72.723 Y117.511 E2.87071
G1 X72.506 Y117.246 E2.88718
G1 X72.345 Y116.943 E2.90368
G1 X72.248 Y116.614 E2.92018
G1 X72.22 Y116.261 E2.93721
G1 X72.312 Y115.736 E2.96285
G1 X72.48 Y115.379 E2.98183
G1 X72.69 Y115.108 E2.99832
G1 X72.949 Y114.884 E3.01479
G1 X73.248 Y114.716 E3.03129
G1 X73.574 Y114.611 E3.04776
G1 X73.914 Y114.572 E3.06422
G1 X74.256 Y114.601 E3.08073
G1 X74.585 Y114.698 E3.09723
G1 X74.888 Y114.857 E3.11369
G1 X75.153 Y115.074 E3.13016
G1 X75.371 Y115.339 E3.14666
G1 X75.531 Y115.642 E3.16314
G1 X75.611 Y115.911 E3.17664
G1 X75.647 Y116.309 F7800
G1 E1.17664 F2400
G92 E0
G1 X71.488 Y116.309 F7800
G1 E2 F2400
;TYPE:Perimeter
;WIDTH:0.365265
G1 F3600
G1 X71.596 Y115.611 E2.02651
;WIDTH:0.399393
G1 X71.656 Y115.362 E2.03721
G1 E.03721 F2400
G92 E0
G1 X71.656 Y115.362 F7800
G1 X73.658 Y118.83
G1 E2 F2400
;WIDTH:0.600417
G1 F3600
G1 X73.098 Y118.716 E2.03821
G1 E.03821 F2400
G92 E0
G1 X73.098 Y118.716 F7800
G1 X88.128 Y116.505
G1 E2 F2400
;WIDTH:0.45
G1 F3600
G1 X88.042 Y116.484 E2.00426
G1 X78.85 Y116.484 E2.44636
G1 X78.559 Y116.563 E2.46086
G1 X76.43 Y117.804 E2.57938
G1 X76.234 Y117.993 E2.59248
G1 X75.218 Y119.589 E2.68348
G1 X72.152 Y119.005 E2.8336
G1 X70.957 Y117.458 E2.92762
G1 X71.474 Y114.209 E3.08585
G1 X72.456 Y113.881 E3.13565
;WIDTH:0.493762
G1 X72.559 Y113.87 E3.1412
;WIDTH:0.537524
G1 X72.662 Y113.859 E3.14731
;WIDTH:0.581287
G1 X72.765 Y113.847 E3.154
;WIDTH:0.585169
G1 X73.227 Y113.696 E3.18557
G1 X73.375 Y113.628 E3.19615
;WIDTH:0.551407
G1 X73.524 Y113.561 E3.20607
;WIDTH:0.517645
G1 X73.672 Y113.494 E3.21525
;WIDTH:0.483884
G1 X74.237 Y113.288 E3.24672
;WIDTH:0.45
G1 X83.528 Y112.117 E3.69712
G1 X83.761 Y112.034 E3.70902
G1 X86.279 Y110.466 E3.85169
G1 X86.372 Y110.394 E3.85735
G1 X86.503 Y110.209 E3.86825
G1 X86.552 Y109.975 E3.87975
G1 X86.552 Y87.483 E4.96154
G1 X88.418 Y85.727 E5.08478
G1 X139.845 Y85.727 E7.55824
G1 X140.085 Y85.675 E7.57005
G1 X140.291 Y85.517 E7.58254
G1 X142.771 Y82.515 E7.76982
G1 X144.111 Y81.286 E7.85727
G1 X147.05 Y81.625 E7.99956
G1 X148.96 Y83.43 E8.12596
G1 X148.74 Y83.954 E8.15329
G1 X147.485 Y86.949 E8.30947
G1 X140.827 Y91.532 E8.69823
G1 X140.713 Y91.703 E8.70811
G1 X140.665 Y91.934 E8.71946
G1 X140.665 Y126.469 E10.38047
G1 X114.357 Y126.469 E11.64579
G1 X114.115 Y126.522 E11.65771
G1 X113.893 Y126.701 E11.67143
G1 X112.548 Y128.511 E11.77989
G1 X112.472 Y128.796 E11.79408
G1 X112.472 Y137.119 E12.19439
G1 X111.362 Y138.742 E12.28896
G1 X108.847 Y138.742 E12.40992
G1 X107.452 Y137.085 E12.5141
G1 X107.451 Y136.074 E12.56273
;WIDTH:0.448026
G1 X107.442 Y135.491 E12.59063
;WIDTH:0.45
G1 X107.452 Y128.796 E12.91264
G1 X107.42 Y128.496 E12.92715
G1 X107.283 Y128.277 E12.93957
G1 X106.258 Y127.252 E13.00929
G1 X105.613 Y126.646 E13.05186
G1 X105.348 Y126.582 E13.06497
G1 X88.621 Y126.582 E13.86948
G1 X88.621 Y117.062 E14.32736
G1 X88.524 Y116.742 E14.34344
G1 X88.311 Y116.55 E14.35723
G1 X88.187 Y116.519 E14.36338
G1 X88.187 Y116.519 F7800
G1 X88.042 Y116.869
;TYPE:External perimeter
G1 F1800
G1 X78.85 Y116.869 E14.80548
G1 X78.753 Y116.896 E14.81032
G1 X77.125 Y117.846 E14.90098
G1 X76.559 Y118.2 E14.93309
G1 X75.403 Y120.017 E15.03667
G1 X71.937 Y119.356 E15.20638
G1 X70.55 Y117.562 E15.31545
G1 X71.13 Y113.917 E15.49297
G1 X74.152 Y112.91 E15.64617
G1 X83.479 Y111.735 E16.09831
G1 X83.557 Y111.707 E16.1023
G1 X86.106 Y110.115 E16.24684
G1 X86.166 Y109.975 E16.25417
G1 X86.166 Y87.316 E17.34399
G1 X88.265 Y85.341 E17.48261
G1 X139.845 Y85.341 E19.96343
G1 X139.993 Y85.271 E19.9713
G1 X142.49 Y82.248 E20.15988
G1 X143.98 Y80.883 E20.25707
G1 X147.221 Y81.257 E20.41399
G1 X149.419 Y83.333 E20.55941
G1 X149.096 Y84.104 E20.59962
G1 X147.797 Y87.202 E20.76119
G1 X141.104 Y91.8 E21.15174
G1 X141.05 Y91.934 E21.15869
G1 X141.05 Y126.855 E22.83827
G1 X114.342 Y126.855 E24.12283
G1 X114.202 Y126.932 E24.13051
G1 X112.896 Y128.681 E24.2355
G1 X112.858 Y128.796 E24.24133
G1 X112.858 Y137.238 E24.64736
G1 X111.565 Y139.128 E24.7575
G1 X108.668 Y139.128 E24.89684
G1 X107.067 Y137.226 E25.01641
G1 X107.067 Y128.686 E25.42715
G1 X107.01 Y128.55 E25.43424
G1 X105.485 Y127.024 E25.538
G1 X105.348 Y126.968 E25.54512
G1 X88.235 Y126.968 E26.3682
G1 X88.235 Y117.062 E26.84464
G1 X88.191 Y116.939 E26.85092
G1 X88.097 Y116.895 E26.85591
G1 X87.697 Y116.873 F7800
G1 E24.85591 F2400
G92 E0
G1 X142.691 Y83.191 F7800
G1 E2 F2400
;TYPE:Perimeter
;WIDTH:0.417901
G1 F3600
G1 X143.004 Y82.79 E2.02243
;WIDTH:0.414461
G1 X143.51 Y82.336 E2.05211
G1 E.05211 F2400
G92 E0
G1 X143.51 Y82.336 F7800
G1 X108.167 Y137.317
G1 E2 F2400
;WIDTH:0.474337
G1 F3600
G1 X107.844 Y136.942 E2.02531
G1 E.02531 F2400
G92 E0
G1 X107.844 Y136.942 F7800
G1 X76.048 Y117.615
G1 E2 F2400
;WIDTH:0.476735
G1 F3600
G1 X75.727 Y118.046 E2.02764
G1 E.02764 F2400
G92 E0
G1 X75.727 Y118.046 F7800
G1 X139.485 Y125.97
G1 E2 F2400
;TYPE:Top solid infill
;WIDTH:0.401156
G1 F900
G1 X140.015 Y125.44 E2.03148
G1 X140.015 Y124.964 E2.05147
G1 X139.16 Y125.819 E2.10226
G1 X138.683 Y125.819 E2.1223
G1 X140.015 Y124.487 E2.20143
G1 X140.015 Y124.011 E2.22142
G1 X138.207 Y125.819 E2.32882
G1 X137.731 Y125.819 E2.34881
G1 X140.015 Y123.535 E2.48449
G1 X140.016 Y123.058 E2.50453
G1 X137.255 Y125.819 E2.66854
G1 X136.778 Y125.819 E2.68858
G1 X140.016 Y122.582 E2.8809
G1 X140.016 Y122.105 E2.90094
G1 X136.302 Y125.819 E3.12156
G1 X135.826 Y125.819 E3.14155
G1 X140.016 Y121.629 E3.39045
G1 X140.016 Y121.153 E3.41044
G1 X135.349 Y125.819 E3.68765
G1 X134.873 Y125.819 E3.70764
G1 X140.016 Y120.676 E4.01315
G1 X140.016 Y120.2 E4.03314
G1 X134.397 Y125.819 E4.36693
G1 X133.921 Y125.819 E4.38692
G1 X140.016 Y119.723 E4.74901
G1 X140.016 Y119.247 E4.769
G1 X133.444 Y125.819 E5.1594
G1 X132.968 Y125.819 E5.17939
G1 X140.017 Y118.771 E5.59809
G1 X140.017 Y118.294 E5.61813
G1 X132.492 Y125.819 E6.06514
G1 X132.016 Y125.819 E6.08513
G1 X140.017 Y117.818 E6.56042
G1 X140.017 Y117.342 E6.58041
G1 X131.539 Y125.819 E7.084
G1 X131.063 Y125.819 E7.10399
G1 X140.017 Y116.865 E7.63589
G1 X140.017 Y116.389 E7.65588
G1 X130.587 Y125.819 E8.21605
G1 X130.11 Y125.819 E8.23609
G1 X140.017 Y115.912 E8.8246
G1 X140.017 Y115.436 E8.84459
G1 X129.634 Y125.819 E9.46137
G1 X129.158 Y125.819 E9.48136
G1 X140.018 Y114.96 E10.12645
G1 X140.018 Y114.483 E10.14649
G1 X128.682 Y125.819 E10.81989
G1 X128.205 Y125.819 E10.83993
G1 X140.018 Y114.007 E11.54163
G1 X140.018 Y113.53 E11.56167
G1 X127.729 Y125.819 E12.29168
G1 X127.253 Y125.819 E12.31167
G1 X140.018 Y113.054 E13.06995
G1 X140.018 Y112.578 E13.08994
G1 X126.777 Y125.819 E13.8765
G1 X126.3 Y125.819 E13.89654
G1 X140.018 Y112.101 E14.71143
G1 X140.018 Y111.625 E14.73142
G1 X125.824 Y125.819 E15.57459
G1 X125.348 Y125.819 E15.59458
G1 X140.019 Y111.148 E16.46608
G1 X140.019 Y110.672 E16.48607
G1 X124.872 Y125.819 E17.38585
G1 X124.395 Y125.819 E17.40589
G1 X140.019 Y110.196 E18.33398
G1 X140.019 Y109.719 E18.35402
G1 X123.919 Y125.819 E19.31041
G1 X123.443 Y125.819 E19.3304
G1 X140.019 Y109.243 E20.31507
G1 X140.019 Y108.766 E20.33511
G1 X122.966 Y125.819 E21.34811
G1 X122.49 Y125.819 E21.3681
G1 X140.019 Y108.29 E22.40938
G1 X140.019 Y107.814 E22.42937
G1 X122.014 Y125.819 E23.49893
G1 X121.538 Y125.819 E23.51892
G1 X140.019 Y107.337 E24.61678
G1 X140.02 Y106.861 E24.63677
G1 X121.061 Y125.819 E25.76297
G1 X120.585 Y125.819 E25.78296
G1 X140.02 Y106.385 E26.93743
G1 X140.02 Y105.908 E26.95747
G1 X120.109 Y125.819 E28.14025
G1 X119.633 Y125.819 E28.16024
G1 X140.02 Y105.432 E29.37129
G1 X140.02 Y104.955 E29.39133
G1 X119.156 Y125.819 E30.63072
G1 X118.68 Y125.819 E30.65071
G1 X140.02 Y104.479 E31.91838
G1 X140.02 Y104.003 E31.93837
G1 X118.204 Y125.819 E33.23431
G1 X117.727 Y125.819 E33.25435
G1 X140.02 Y103.526 E34.57863
G1 X140.021 Y103.05 E34.59862
G1 X117.251 Y125.819 E35.9512
G1 X116.775 Y125.819 E35.97119
G1 X140.021 Y102.573 E37.35208
G1 X140.021 Y102.097 E37.37207
G1 X116.299 Y125.819 E38.78123
G1 X115.822 Y125.819 E38.80127
G1 X140.021 Y101.621 E40.23874
G1 X140.021 Y101.144 E40.25878
G1 X115.346 Y125.819 E41.72455
G1 X114.87 Y125.819 E41.74454
G1 X140.021 Y100.668 E43.23859
G1 X140.021 Y100.191 E43.25863
G1 X114.227 Y125.986 E44.79091
G1 E42.79091 F2400
G92 E0
G1 X114.227 Y125.986 F7800
G1 X111.577 Y133.874
G1 E2 F2400
G1 F900
G1 X111.823 Y133.629 E2.01458
G1 X111.823 Y133.153 E2.03457
G1 X111.436 Y133.54 E2.05756
G1 X111.159 Y133.34 E2.07191
G1 X111.823 Y132.677 E2.11132
G1 X111.823 Y132.2 E2.13136
G1 X110.85 Y133.173 E2.18916
G1 X110.499 Y133.047 E2.20482
G1 X111.823 Y131.724 E2.28344
G1 X111.823 Y131.248 E2.30343
G1 X110.108 Y132.962 E2.40528
G1 X109.648 Y132.946 E2.42461
G1 X111.823 Y130.772 E2.55378
G1 X111.823 Y130.295 E2.57382
G1 X109.073 Y133.044 E2.73715
G1 X108.53 Y133.26 E2.7617
G1 X108.249 Y133.427 E2.77543
G1 X108.102 Y133.539 E2.78319
G1 X111.823 Y129.819 E3.0042
G1 X111.823 Y129.343 E3.02419
G1 X108.102 Y133.063 E3.2452
G1 X108.102 Y132.587 E3.26519
G1 X111.823 Y128.866 E3.48623
G1 X111.849 Y128.542 E3.49988
G1 X111.906 Y128.349 E3.50833
G1 X111.96 Y128.253 E3.51296
G1 X108.102 Y132.111 E3.74214
G1 X108.102 Y131.634 E3.76218
G1 X140.021 Y99.715 E5.65827
G1 X140.022 Y99.239 E5.67826
G1 X108.102 Y131.158 E7.57438
G1 X108.102 Y130.682 E7.59437
G1 X140.022 Y98.762 E9.49052
G1 X140.022 Y98.286 E9.51051
G1 X108.102 Y130.206 E11.40666
G1 X108.102 Y129.729 E11.4267
G1 X140.022 Y97.809 E13.32285
G1 X140.022 Y97.333 E13.34284
G1 X108.102 Y129.253 E15.23899
G1 X108.102 Y128.777 E15.25898
G1 X140.022 Y96.857 E17.15513
G1 X140.022 Y96.38 E17.17517
G1 X108.052 Y128.351 E19.07432
G1 X108.033 Y128.28 E19.07741
G1 X107.903 Y128.023 E19.08951
G1 X140.022 Y95.904 E20.99748
G1 X140.022 Y95.428 E21.01747
G1 X107.687 Y127.763 E22.93827
G1 X107.449 Y127.524 E22.95244
G1 X140.023 Y94.951 E24.88741
G1 X140.023 Y94.475 E24.9074
G1 X107.211 Y127.286 E26.85651
G1 X106.973 Y127.048 E26.87065
G1 X140.023 Y93.998 E28.83393
G1 X140.023 Y93.522 E28.85392
G1 X106.735 Y126.81 E30.83134
G1 X106.497 Y126.572 E30.84548
G1 X140.023 Y93.046 E32.83703
G1 X140.023 Y92.569 E32.85707
G1 X106.259 Y126.334 E34.86279
G1 X105.995 Y126.121 E34.87704
G1 X140.174 Y91.942 E36.90738
G1 E34.90738 F2400
G92 E0
G1 X140.174 Y91.942 F7800
G1 X143.518 Y89.075
G1 E2 F2400
G1 F900
G1 X145.07 Y87.522 E2.09222
G1 X144.616 Y87.5 E2.11131
G1 X142.014 Y90.102 E2.26588
G1 E.26588 F2400
G92 E0
G1 X142.014 Y90.102 F7800
G1 X144.349 Y87.291
G1 E2 F2400
G1 F900
G1 X105.666 Y125.974 E4.2979
G1 X105.231 Y125.932 E4.31626
G1 X143.866 Y87.297 E6.6113
G1 X143.545 Y87.143 E6.62625
G1 X104.755 Y125.932 E8.93047
G1 X104.279 Y125.932 E8.95046
G1 X143.257 Y86.954 E11.26588
G1 X142.993 Y86.742 E11.2801
G1 X103.802 Y125.932 E13.60814
G1 X103.326 Y125.932 E13.62813
G1 X142.761 Y86.497 E15.9707
G1 X142.64 Y86.364 E15.97825
G1 X142.554 Y86.228 E15.98501
G1 X102.85 Y125.932 E18.34356
G1 X102.374 Y125.932 E18.36355
G1 X142.372 Y85.934 E20.73956
G1 X142.228 Y85.601 E20.7548
G1 X101.897 Y125.932 E23.15059
G1 X101.421 Y125.932 E23.17058
G1 X142.115 Y85.238 E25.58794
G1 X142.048 Y84.83 E25.60531
G1 X100.945 Y125.932 E28.04693
G1 X100.468 Y125.932 E28.06697
G1 X140.049 Y86.351 E30.41821
G1 X139.849 Y86.377 E30.42668
G1 X139.548 Y86.377 E30.43932
G1 X99.992 Y125.932 E32.78904
G1 X99.516 Y125.932 E32.80903
G1 X139.072 Y86.377 E35.15875
G1 X138.595 Y86.377 E35.17879
G1 X99.04 Y125.932 E37.52849
G1 X98.563 Y125.932 E37.54853
G1 X138.119 Y86.377 E39.89825
G1 X137.643 Y86.377 E39.91824
G1 X98.087 Y125.932 E42.26796
G1 X97.611 Y125.932 E42.28795
G1 X137.167 Y86.377 E44.63767
G1 X136.69 Y86.377 E44.65771
G1 X97.135 Y125.932 E47.00741
G1 X96.658 Y125.932 E47.02745
G1 X136.214 Y86.377 E49.37717
G1 X135.738 Y86.377 E49.39716
G1 X96.182 Y125.932 E51.74688
G1 X95.706 Y125.932 E51.76687
G1 X135.262 Y86.377 E54.11659
G1 X134.785 Y86.377 E54.13663
G1 X95.229 Y125.932 E56.48635
G1 X94.753 Y125.932 E56.50634
G1 X134.309 Y86.377 E58.85606
G1 X133.833 Y86.377 E58.87605
G1 X94.277 Y125.932 E61.22577
G1 X93.801 Y125.932 E61.24576
G1 X133.356 Y86.377 E63.59546
G1 X132.88 Y86.377 E63.61545
G1 X93.324 Y125.932 E65.96517
G1 X92.848 Y125.932 E65.98516
G1 X132.404 Y86.377 E68.33488
G1 X131.928 Y86.377 E68.35487
G1 X92.372 Y125.932 E70.70459
G1 X91.896 Y125.932 E70.72458
G1 X131.451 Y86.377 E73.07428
G1 X130.975 Y86.377 E73.09427
G1 X91.419 Y125.932 E75.44399
G1 X90.943 Y125.932 E75.46398
G1 X130.499 Y86.377 E77.8137
G1 X130.023 Y86.377 E77.83369
G1 X90.467 Y125.932 E80.18341
G1 X89.99 Y125.932 E80.20345
G1 X129.546 Y86.377 E82.55317
G1 X129.07 Y86.377 E82.57316
G1 X89.514 Y125.932 E84.92288
G1 X89.27 Y125.932 E84.93313
G1 X89.27 Y125.7 E84.94288
G1 X128.594 Y86.377 E87.27882
G1 X128.117 Y86.377 E87.29886
G1 X89.27 Y125.224 E89.6065
G1 X89.27 Y124.748 E89.62649
G1 X127.641 Y86.377 E91.90585
G1 X127.165 Y86.377 E91.92584
G1 X89.27 Y124.272 E94.17693
G1 X89.27 Y123.796 E94.19692
G1 X126.689 Y86.377 E96.41973
G1 X126.212 Y86.377 E96.43977
G1 X89.269 Y123.319 E98.63427
G1 X89.269 Y122.843 E98.65426
G1 X125.736 Y86.377 E100.82049
G1 X125.26 Y86.377 E100.84048
G1 X89.269 Y122.367 E102.97843
G1 X89.269 Y121.891 E102.99842
G1 X124.784 Y86.377 E105.1081
G1 X124.307 Y86.377 E105.12814
G1 X89.269 Y121.415 E107.20951
G1 X89.269 Y120.939 E107.2295
G1 X123.831 Y86.377 E109.28259
G1 X123.355 Y86.377 E109.30258
G1 X89.268 Y120.463 E111.32743
G1 X89.268 Y119.987 E111.34742
G1 X122.878 Y86.377 E113.34396
G1 X122.402 Y86.377 E113.36395
G1 X89.268 Y119.511 E115.33222
G1 X89.268 Y119.035 E115.35221
G1 X121.926 Y86.377 E117.2922
G1 X121.45 Y86.377 E117.31219
G1 X89.268 Y118.559 E119.22391
G1 X89.267 Y118.082 E119.24395
G1 X120.973 Y86.377 E121.12736
G1 X120.497 Y86.377 E121.14735
G1 X89.267 Y117.606 E123.00248
G1 X89.267 Y117.13 E123.02247
G1 X120.021 Y86.377 E124.84933
G1 X119.545 Y86.377 E124.86932
G1 X89.216 Y116.706 E126.67096
G1 X89.135 Y116.5 E126.68026
G1 X89.061 Y116.384 E126.68604
G1 X119.068 Y86.377 E128.46855
G1 X118.592 Y86.377 E128.48854
G1 X88.839 Y116.13 E130.25596
G1 X88.721 Y116.038 E130.26224
G1 X88.544 Y115.948 E130.27058
G1 X118.116 Y86.377 E132.02722
G1 X117.639 Y86.377 E132.04726
G1 X88.17 Y115.846 E133.79781
G1 X87.705 Y115.834 E133.81735
G1 X117.163 Y86.377 E135.56722
G1 X116.687 Y86.377 E135.58721
G1 X87.229 Y115.835 E137.33711
G1 X86.752 Y115.835 E137.35715
G1 X116.211 Y86.377 E139.10708
G1 X115.734 Y86.377 E139.12712
G1 X86.275 Y115.836 E140.87708
G1 X85.799 Y115.836 E140.89707
G1 X115.258 Y86.377 E142.64703
G1 X114.782 Y86.377 E142.66702
G1 X85.322 Y115.837 E144.41704
G1 X84.845 Y115.837 E144.43708
G1 X114.306 Y86.377 E146.18713
G1 X113.829 Y86.377 E146.20717
G1 X84.368 Y115.838 E147.95725
G1 X83.892 Y115.838 E147.97724
G1 X113.353 Y86.377 E149.72732
G1 X112.877 Y86.377 E149.74731
G1 X83.415 Y115.838 E151.49742
G1 X82.938 Y115.839 E151.51746
G1 X112.4 Y86.377 E153.2676
G1 X111.924 Y86.377 E153.28759
G1 X82.461 Y115.839 E155.03776
G1 X81.985 Y115.84 E155.05775
G1 X111.448 Y86.377 E156.80795
G1 X110.972 Y86.377 E156.82794
G1 X87.182 Y110.166 E158.24111
G1 X87.097 Y110.472 E158.25445
G1 X86.953 Y110.718 E158.26642
G1 X86.82 Y110.866 E158.27478
G1 X86.637 Y111.009 E158.28454
G1 X85.848 Y111.5 E158.32357
G1 X81.508 Y115.84 E158.58138
G1 X81.031 Y115.841 E158.60142
G1 X84.586 Y112.286 E158.8126
G1 X84.101 Y112.588 E158.8366
G1 X83.871 Y112.7 E158.84735
G1 X83.641 Y112.755 E158.85728
G1 X80.554 Y115.841 E159.04063
G1 X80.078 Y115.842 E159.06062
G1 X83.092 Y112.827 E159.23969
G1 X82.547 Y112.896 E159.26277
G1 X79.601 Y115.842 E159.43777
G1 X79.124 Y115.843 E159.45781
G1 X82.003 Y112.964 E159.62883
G1 X81.458 Y113.033 E159.65191
G1 X78.634 Y115.857 E159.81966
G1 X78.488 Y115.888 E159.82593
G1 X78.296 Y115.966 E159.83463
G1 X77.704 Y116.311 E159.86341
G1 X80.913 Y113.102 E160.05403
G1 X80.368 Y113.17 E160.0771
G1 X76.607 Y116.931 E160.30052
G1 X76.658 Y116.723 E160.30952
G1 X76.689 Y116.372 E160.32432
G1 X79.823 Y113.239 E160.51046
G1 X79.278 Y113.308 E160.53354
G1 X76.664 Y115.921 E160.68879
G1 X76.58 Y115.53 E160.70559
G1 X78.733 Y113.376 E160.83351
G1 X78.188 Y113.445 E160.85659
G1 X76.456 Y115.177 E160.95948
G1 X76.292 Y114.865 E160.97429
G1 X77.643 Y113.513 E161.05457
G1 X77.098 Y113.582 E161.07765
G1 X76.095 Y114.585 E161.13723
G1 X75.87 Y114.334 E161.15139
G1 X76.553 Y113.651 E161.19196
G1 X76.008 Y113.719 E161.21503
G1 X75.615 Y114.113 E161.23841
G1 X75.333 Y113.918 E161.25281
G1 X75.638 Y113.614 E161.2709
G1 E159.2709 F2400
G92 E0
G1 X75.638 Y113.614 F7800
G1 X87.051 Y109.821
G1 E2 F2400
G1 F900
G1 X110.495 Y86.377 E3.39265
G1 X110.019 Y86.377 E3.41264
G1 X87.202 Y109.194 E4.76804
G1 X87.202 Y108.718 E4.78803
G1 X109.543 Y86.377 E6.11516
G1 X109.067 Y86.377 E6.13515
G1 X87.202 Y108.241 E7.43397
G1 X87.202 Y107.765 E7.45396
G1 X108.59 Y86.377 E8.72448
G1 X108.114 Y86.377 E8.74447
G1 X87.202 Y107.289 E9.98671
G1 X87.202 Y106.812 E10.00675
G1 X107.638 Y86.377 E11.22068
G1 X107.161 Y86.377 E11.24072
G1 X87.202 Y106.336 E12.42635
G1 X87.202 Y105.86 E12.44634
G1 X106.685 Y86.377 E13.60369
G1 X106.209 Y86.377 E13.62368
G1 X87.202 Y105.384 E14.75276
G1 X87.202 Y104.907 E14.7728
G1 X105.733 Y86.377 E15.87357
G1 X105.256 Y86.377 E15.89361
G1 X87.202 Y104.431 E16.96608
G1 X87.202 Y103.955 E16.98607
G1 X104.78 Y86.377 E18.03026
G1 X104.304 Y86.377 E18.05025
G1 X87.202 Y103.479 E19.06616
G1 X87.202 Y103.002 E19.0862
G1 X103.828 Y86.377 E20.07381
G1 X103.351 Y86.377 E20.09385
G1 X87.202 Y102.526 E21.05315
G1 X87.202 Y102.05 E21.07314
G1 X102.875 Y86.377 E22.00417
G1 X102.399 Y86.377 E22.02416
G1 X87.202 Y101.573 E22.92688
G1 X87.202 Y101.097 E22.94687
G1 X101.923 Y86.377 E23.82132
G1 X101.446 Y86.377 E23.84136
G1 X87.202 Y100.621 E24.6875
G1 X87.202 Y100.145 E24.70749
G1 X100.97 Y86.377 E25.52535
G1 X100.494 Y86.377 E25.54534
G1 X87.202 Y99.668 E26.3349
G1 X87.202 Y99.192 E26.35489
G1 X100.017 Y86.377 E27.11614
G1 X99.541 Y86.377 E27.13613
G1 X87.202 Y98.716 E27.86911
G1 X87.202 Y98.24 E27.8891
G1 X99.065 Y86.377 E28.5938
G1 X98.589 Y86.377 E28.61379
G1 X87.202 Y97.763 E29.29018
G1 X87.202 Y97.287 E29.31017
G1 X98.112 Y86.377 E29.95826
G1 X97.636 Y86.377 E29.97825
G1 X87.202 Y96.811 E30.59806
G1 X87.202 Y96.334 E30.6181
G1 X97.16 Y86.377 E31.20961
G1 X96.684 Y86.377 E31.2296
G1 X87.202 Y95.858 E31.79283
G1 X87.202 Y95.382 E31.81282
G1 X96.207 Y86.377 E32.34775
G1 X95.731 Y86.377 E32.36774
G1 X87.202 Y94.906 E32.87439
G1 X87.202 Y94.429 E32.89443
G1 X95.255 Y86.377 E33.37277
G1 X94.778 Y86.377 E33.39281
G1 X87.202 Y93.953 E33.84285
G1 X87.202 Y93.477 E33.86284
G1 X94.302 Y86.377 E34.2846
G1 X93.826 Y86.377 E34.30459
G1 X87.202 Y93.001 E34.69808
G1 X87.202 Y92.524 E34.71812
G1 X93.35 Y86.377 E35.0833
G1 X92.873 Y86.377 E35.10334
G1 X87.202 Y92.048 E35.44022
G1 X87.202 Y91.572 E35.46021
G1 X92.397 Y86.377 E35.76881
G1 X91.921 Y86.377 E35.7888
G1 X87.202 Y91.095 E36.06909
G1 X87.202 Y90.619 E36.08908
G1 X91.445 Y86.377 E36.3411
G1 X90.968 Y86.377 E36.36114
G1 X87.202 Y90.143 E36.58485
G1 X87.202 Y89.667 E36.60484
G1 X90.492 Y86.377 E36.80028
G1 X90.016 Y86.377 E36.82027
G1 X87.202 Y89.19 E36.9874
G1 X87.202 Y88.714 E37.00739
G1 X89.539 Y86.377 E37.14622
G1 X89.063 Y86.377 E37.16621
G1 X87.051 Y88.389 E37.28573
G1 E35.28573 F2400
G92 E0
G1 X87.051 Y88.389 F7800
G1 X147.696 Y83.802
G1 E2 F2400
;WIDTH:0.467124
G1 F900
G1 X148.042 Y83.456 E2.02458
G1 X147.744 Y83.184 E2.04485
G1 X147.545 Y83.383 E2.05899
G1 E.05899 F2400
G92 E0
M107
;TYPE:Custom
; Filament-specific end gcode
G91; relative positioning
 G1 Z1.0 F3000 ; move z up little to prevent scratching of print
 G90; absolute positioning
 G1 X0 Y200 F1000 ; prepare for part removal
 M104 S0; turn off extruder
 M140 S0 ; turn off bed
 G1 X0 Y300 F1000 ; prepare for part removal
 M84 ; disable motors
 M106 S0 ; turn off fan
; filament used [mm] = 4572.94
; filament used [cm3] = 11.00
; filament used [g] = 13.64
; filament cost = 0.49
; total filament used [g] = 13.64
; total filament cost = 0.49
; total filament used for wipe tower [g] = 0.00
; estimated printing time (normal mode) = 45m 58s
; estimated printing time (silent mode) = 46m 44s
; estimated first layer printing time (normal mode) = 2m 48s
; estimated first layer printing time (silent mode) = 2m 50s

; prusaslicer_config = begin
; arc_fitting = disabled
; autoemit_temperature_commands = 1
; avoid_crossing_curled_overhangs = 0
; avoid_crossing_perimeters = 0
; avoid_crossing_perimeters_max_detour = 0
; bed_custom_model = 
; bed_custom_texture = 
; bed_shape = 0x0,220x0,220x220,0x220
; bed_temperature = 60
; before_layer_gcode = {if layer_z == 2}M104 S190{endif} ; After First Layer\n
; between_objects_gcode = 
; binary_gcode = 0
; bottom_fill_pattern = monotonic
; bottom_solid_layers = 3
; bottom_solid_min_thickness = 0
; bridge_acceleration = 0
; bridge_angle = 0
; bridge_fan_speed = 100
; bridge_flow_ratio = 1
; bridge_speed = 60
; brim_separation = 0
; brim_type = outer_only
; brim_width = 0
; color_change_gcode = M600
; compatible_printers_condition_cummulative = ;"printer_notes!~/.*NO_TEMPLATES.*/ and printer_notes!~/.*PRINTER_VENDOR_TRILAB.*/ and printer_notes!~/.*PRINTER_MODEL_MK4IS.*/ and ! (printer_notes=~/.*PRINTER_VENDOR_PRUSA3D.*/ and num_extruders>1)"
; complete_objects = 0
; cooling = 1
; cooling_tube_length = 5
; cooling_tube_retraction = 91.5
; default_acceleration = 0
; default_filament_profile = 
; default_print_profile = 
; deretract_speed = 0
; disable_fan_first_layers = 1
; dont_support_bridges = 1
; draft_shield = disabled
; duplicate_distance = 6
; elefant_foot_compensation = 0
; enable_dynamic_fan_speeds = 0
; enable_dynamic_overhang_speeds = 0
; end_filament_gcode = "; Filament-specific end gcode"
; end_gcode = G91; relative positioning\n G1 Z1.0 F3000 ; move z up little to prevent scratching of print\n G90; absolute positioning\n G1 X0 Y200 F1000 ; prepare for part removal\n M104 S0; turn off extruder\n M140 S0 ; turn off bed\n G1 X0 Y300 F1000 ; prepare for part removal\n M84 ; disable motors\n M106 S0 ; turn off fan
; external_perimeter_acceleration = 0
; external_perimeter_extrusion_width = 0
; external_perimeter_speed = 50%
; external_perimeters_first = 0
; extra_loading_move = -2
; extra_perimeters = 1
; extra_perimeters_on_overhangs = 0
; extruder_clearance_height = 20
; extruder_clearance_radius = 20
; extruder_colour = ""
; extruder_offset = 0x0
; extrusion_axis = E
; extrusion_multiplier = 1
; extrusion_width = 0
; fan_always_on = 1
; fan_below_layer_time = 100
; filament_colour = #FF8000
; filament_cooling_final_speed = 2
; filament_cooling_initial_speed = 3
; filament_cooling_moves = 1
; filament_cost = 36.29
; filament_density = 1.24
; filament_diameter = 1.75
; filament_load_time = 0
; filament_loading_speed = 14
; filament_loading_speed_start = 19
; filament_max_volumetric_speed = 0
; filament_minimal_purge_on_wipe_tower = 0
; filament_multitool_ramming = 0
; filament_multitool_ramming_flow = 10
; filament_multitool_ramming_volume = 10
; filament_notes = "Affordable filament for everyday printing in premium quality manufactured in-house by Josef Prusa"
; filament_ramming_parameters = "130 120 2.70968 2.93548 3.32258 3.83871 4.58065 5.54839 6.51613 7.35484 7.93548 8.16129| 0.05 2.66451 0.45 3.05805 0.95 4.05807 1.45 5.97742 1.95 7.69999 2.45 8.1936 2.95 11.342 3.45 11.4065 3.95 7.6 4.45 7.6 4.95 7.6"
; filament_settings_id = "Prusament PLA @Template"
; filament_soluble = 0
; filament_spool_weight = 201
; filament_toolchange_delay = 0
; filament_type = PLA
; filament_unload_time = 0
; filament_unloading_speed = 20
; filament_unloading_speed_start = 100
; filament_vendor = Prusa Polymers
; fill_angle = 45
; fill_density = 80%
; fill_pattern = stars
; first_layer_acceleration = 0
; first_layer_acceleration_over_raft = 0
; first_layer_bed_temperature = 60
; first_layer_extrusion_width = 200%
; first_layer_height = 0.35
; first_layer_speed = 30
; first_layer_speed_over_raft = 30
; first_layer_temperature = 215
; full_fan_speed_layer = 3
; fuzzy_skin = none
; fuzzy_skin_point_dist = 0.8
; fuzzy_skin_thickness = 0.3
; gap_fill_enabled = 1
; gap_fill_speed = 20
; gcode_comments = 0
; gcode_flavor = marlin
; gcode_label_objects = disabled
; gcode_resolution = 0.0125
; gcode_substitutions = 
; high_current_on_filament_swap = 0
; host_type = octoprint
; infill_acceleration = 0
; infill_anchor = 600%
; infill_anchor_max = 50
; infill_every_layers = 1
; infill_extruder = 1
; infill_extrusion_width = 0
; infill_first = 0
; infill_overlap = 25%
; infill_speed = 80
; interface_shells = 0
; ironing = 0
; ironing_flowrate = 15%
; ironing_spacing = 0.1
; ironing_speed = 15
; ironing_type = top
; layer_gcode = 
; layer_height = 0.3
; machine_limits_usage = time_estimate_only
; machine_max_acceleration_e = 10000,5000
; machine_max_acceleration_extruding = 1500,1250
; machine_max_acceleration_retracting = 1500,1250
; machine_max_acceleration_travel = 1500,1250
; machine_max_acceleration_x = 9000,1000
; machine_max_acceleration_y = 9000,1000
; machine_max_acceleration_z = 500,200
; machine_max_feedrate_e = 120,120
; machine_max_feedrate_x = 500,200
; machine_max_feedrate_y = 500,200
; machine_max_feedrate_z = 12,12
; machine_max_jerk_e = 2.5,2.5
; machine_max_jerk_x = 10,10
; machine_max_jerk_y = 10,10
; machine_max_jerk_z = 0.2,0.4
; machine_min_extruding_rate = 0,0
; machine_min_travel_rate = 0,0
; max_fan_speed = 100
; max_layer_height = 0
; max_print_height = 250
; max_print_speed = 80
; max_volumetric_extrusion_rate_slope_negative = 0
; max_volumetric_extrusion_rate_slope_positive = 0
; max_volumetric_speed = 0
; min_bead_width = 85%
; min_fan_speed = 100
; min_feature_size = 25%
; min_layer_height = 0.07
; min_print_speed = 10
; min_skirt_length = 0
; mmu_segmented_region_interlocking_depth = 0
; mmu_segmented_region_max_width = 0
; notes = 
; nozzle_diameter = 0.4
; only_retract_when_crossing_perimeters = 0
; ooze_prevention = 0
; output_filename_format = [input_filename_base].gcode
; overhang_fan_speed_0 = 0
; overhang_fan_speed_1 = 0
; overhang_fan_speed_2 = 0
; overhang_fan_speed_3 = 0
; overhang_speed_0 = 15
; overhang_speed_1 = 15
; overhang_speed_2 = 20
; overhang_speed_3 = 25
; overhangs = 1
; parking_pos_retraction = 92
; pause_print_gcode = M601
; perimeter_acceleration = 0
; perimeter_extruder = 1
; perimeter_extrusion_width = 0
; perimeter_generator = arachne
; perimeter_speed = 60
; perimeters = 3
; physical_printer_settings_id = 
; post_process = 
; print_settings_id = - default -
; printer_model = 
; printer_notes = 
; printer_settings_id = AnyCubic Kobra-V1 - AnyCubic-Kobra-Settings-v013123
; printer_technology = FFF
; printer_variant = 
; printer_vendor = 
; raft_contact_distance = 0.1
; raft_expansion = 1.5
; raft_first_layer_density = 90%
; raft_first_layer_expansion = 3
; raft_layers = 0
; remaining_times = 0
; resolution = 0
; retract_before_travel = 2
; retract_before_wipe = 0%
; retract_layer_change = 0
; retract_length = 2
; retract_length_toolchange = 10
; retract_lift = 0
; retract_lift_above = 0
; retract_lift_below = 0
; retract_restart_extra = 0
; retract_restart_extra_toolchange = 0
; retract_speed = 40
; seam_position = aligned
; silent_mode = 1
; single_extruder_multi_material = 0
; single_extruder_multi_material_priming = 1
; skirt_distance = 6
; skirt_height = 1
; skirts = 1
; slice_closing_radius = 0.049
; slicing_mode = regular
; slowdown_below_layer_time = 10
; small_perimeter_speed = 15
; solid_infill_acceleration = 0
; solid_infill_below_area = 70
; solid_infill_every_layers = 0
; solid_infill_extruder = 1
; solid_infill_extrusion_width = 0
; solid_infill_speed = 20
; spiral_vase = 0
; staggered_inner_seams = 0
; standby_temperature_delta = -5
; start_filament_gcode = "; Filament gcode\n"
; start_gcode = G28 ; home all axes\n M117 Purge extruder\n G92 E0 ; reset extruder\n M109 S210 ; wait for the nozzle to heat up\n M190 S60 ; wait for the bed to heat up\n G1 Z1.0 F3000 ; move z up little to prevent scratching of surface\n G1 X2 Y20 Z0.3 F5000.0 ; move to start-line position\n G1 X2 Y200.0 Z0.3 F1500.0 E15 ; draw 1st line\n G1 X2 Y200.0 Z0.4 F5000.0 ; move to side a little\n G1 X2 Y20 Z0.4 F1500.0 E30 ; draw 2nd line\n G92 E0 ; reset extruder\n G1 Z1.0 F3000 ; move z up little to prevent scratching of surface\n
; support_material = 0
; support_material_angle = 0
; support_material_auto = 1
; support_material_bottom_contact_distance = 0
; support_material_bottom_interface_layers = -1
; support_material_buildplate_only = 0
; support_material_closing_radius = 2
; support_material_contact_distance = 0.2
; support_material_enforce_layers = 0
; support_material_extruder = 1
; support_material_extrusion_width = 0
; support_material_interface_contact_loops = 0
; support_material_interface_extruder = 1
; support_material_interface_layers = 3
; support_material_interface_pattern = rectilinear
; support_material_interface_spacing = 0
; support_material_interface_speed = 100%
; support_material_pattern = rectilinear
; support_material_spacing = 2.5
; support_material_speed = 60
; support_material_style = grid
; support_material_synchronize_layers = 0
; support_material_threshold = 0
; support_material_with_sheath = 1
; support_material_xy_spacing = 50%
; support_tree_angle = 40
; support_tree_angle_slow = 25
; support_tree_branch_diameter = 2
; support_tree_branch_diameter_angle = 5
; support_tree_branch_diameter_double_wall = 3
; support_tree_branch_distance = 1
; support_tree_tip_diameter = 0.8
; support_tree_top_rate = 15%
; temperature = 215
; template_custom_gcode = 
; thick_bridges = 1
; thin_walls = 1
; thumbnails = 
; thumbnails_format = PNG
; toolchange_gcode = 
; top_fill_pattern = monotonic
; top_infill_extrusion_width = 0
; top_solid_infill_acceleration = 0
; top_solid_infill_speed = 15
; top_solid_layers = 3
; top_solid_min_thickness = 0
; travel_acceleration = 0
; travel_lift_before_obstacle = 0
; travel_max_lift = 0
; travel_ramping_lift = 0
; travel_slope = 0
; travel_speed = 130
; travel_speed_z = 0
; use_firmware_retraction = 0
; use_relative_e_distances = 0
; use_volumetric_e = 0
; variable_layer_height = 1
; wall_distribution_count = 1
; wall_transition_angle = 10
; wall_transition_filter_deviation = 25%
; wall_transition_length = 100%
; wipe = 0
; wipe_into_infill = 0
; wipe_into_objects = 0
; wipe_tower = 0
; wipe_tower_bridging = 10
; wipe_tower_brim_width = 2
; wipe_tower_cone_angle = 0
; wipe_tower_extra_spacing = 100%
; wipe_tower_extruder = 0
; wipe_tower_no_sparse_layers = 0
; wipe_tower_rotation_angle = 0
; wipe_tower_width = 60
; wipe_tower_x = 180
; wipe_tower_y = 140
; wiping_volumes_extruders = 70,70
; wiping_volumes_matrix = 0
; xy_size_compensation = 0
; z_offset = 0
; prusaslicer_config = end
